{"type":"FeatureCollection","features":[{"type":"Feature","properties":{"id":0,"t":"marathon"},"geometry":{"type":"Point","coordinates":[12.568,55.676]}},{"type":"Feature","properties":{"id":1,"t":"half"},"geometry":{"type":"Point","coordinates":[12.553,55.686]}},{"type":"Feature","properties":{"id":2,"t":"kort"},"geometry":{"type":"Point","coordinates":[12.59,55.665]}},{"type":"Feature","properties":{"id":3,"t":"half"},"geometry":{"type":"Point","coordinates":[10.21,56.157]}},{"type":"Feature","properties":{"id":4,"t":"marathon"},"geometry":{"type":"Point","coordinates":[10.204,56.15]}},{"type":"Feature","properties":{"id":5,"t":"tri"},"geometry":{"type":"Point","coordinates":[12.6,55.693]}},{"type":"Feature","properties":{"id":6,"t":"tri"},"geometry":{"type":"Point","coordinates":[12.612,56.036]}},{"type":"Feature","properties":{"id":7,"t":"marathon"},"geometry":{"type":"Point","coordinates":[18.063,59.334]}},{"type":"Feature","properties":{"id":8,"t":"half"},"geometry":{"type":"Point","coordinates":[11.974,57.708]}},{"type":"Feature","properties":{"id":9,"t":"kort"},"geometry":{"type":"Point","coordinates":[18.074,59.312]}},{"type":"Feature","properties":{"id":10,"t":"kort"},"geometry":{"type":"Point","coordinates":[18.095,59.326]}},{"type":"Feature","properties":{"id":11,"t":"ultra"},"geometry":{"type":"Point","coordinates":[18.133,59.366]}},{"type":"Feature","properties":{"id":12,"t":"ultra"},"geometry":{"type":"Point","coordinates":[14.543,61.006]}},{"type":"Feature","properties":{"id":13,"t":"ultra"},"geometry":{"type":"Point","coordinates":[12.5,56.283]}},{"type":"Feature","properties":{"id":14,"t":"ultra"},"geometry":{"type":"Point","coordinates":[17.781,62.931]}},{"type":"Feature","properties":{"id":15,"t":"tri"},"geometry":{"type":"Point","coordinates":[16.362,56.661]}},{"type":"Feature","properties":{"id":16,"t":"marathon"},"geometry":{"type":"Point","coordinates":[10.752,59.911]}},{"type":"Feature","properties":{"id":17,"t":"kort"},"geometry":{"type":"Point","coordinates":[10.741,59.916]}},{"type":"Feature","properties":{"id":18,"t":"marathon"},"geometry":{"type":"Point","coordinates":[5.324,60.393]}},{"type":"Feature","properties":{"id":19,"t":"marathon"},"geometry":{"type":"Point","coordinates":[10.395,63.43]}},{"type":"Feature","properties":{"id":20,"t":"marathon"},"geometry":{"type":"Point","coordinates":[18.956,69.649]}},{"type":"Feature","properties":{"id":21,"t":"ultra"},"geometry":{"type":"Point","coordinates":[10.73,59.898]}},{"type":"Feature","properties":{"id":22,"t":"tri"},"geometry":{"type":"Point","coordinates":[7.072,60.467]}},{"type":"Feature","properties":{"id":23,"t":"marathon"},"geometry":{"type":"Point","coordinates":[24.938,60.17]}},{"type":"Feature","properties":{"id":24,"t":"ultra"},"geometry":{"type":"Point","coordinates":[24.147,67.594]}},{"type":"Feature","properties":{"id":25,"t":"marathon"},"geometry":{"type":"Point","coordinates":[-21.943,64.147]}},{"type":"Feature","properties":{"id":26,"t":"ultra"},"geometry":{"type":"Point","coordinates":[-19.061,63.983]}},{"type":"Feature","properties":{"id":27,"t":"marathon"},"geometry":{"type":"Point","coordinates":[-50.722,67.011]}},{"type":"Feature","properties":{"id":28,"t":"marathon"},"geometry":{"type":"Point","coordinates":[24.754,59.437]}},{"type":"Feature","properties":{"id":29,"t":"marathon"},"geometry":{"type":"Point","coordinates":[24.105,56.95]}},{"type":"Feature","properties":{"id":30,"t":"marathon"},"geometry":{"type":"Point","coordinates":[25.28,54.687]}},{"type":"Feature","properties":{"id":31,"t":"marathon"},"geometry":{"type":"Point","coordinates":[13.377,52.516]}},{"type":"Feature","properties":{"id":32,"t":"marathon"},"geometry":{"type":"Point","coordinates":[-0.125,51.501]}},{"type":"Feature","properties":{"id":33,"t":"marathon"},"geometry":{"type":"Point","coordinates":[-71.078,42.35]}},{"type":"Feature","properties":{"id":34,"t":"marathon"},"geometry":{"type":"Point","coordinates":[-87.636,41.878]}},{"type":"Feature","properties":{"id":35,"t":"marathon"},"geometry":{"type":"Point","coordinates":[-73.982,40.768]}},{"type":"Feature","properties":{"id":36,"t":"marathon"},"geometry":{"type":"Point","coordinates":[139.692,35.69]}},{"type":"Feature","properties":{"id":37,"t":"marathon"},"geometry":{"type":"Point","coordinates":[151.209,-33.868]}},{"type":"Feature","properties":{"id":38,"t":"marathon"},"geometry":{"type":"Point","coordinates":[2.307,48.87]}},{"type":"Feature","properties":{"id":39,"t":"marathon"},"geometry":{"type":"Point","coordinates":[-0.358,39.463]}},{"type":"Feature","properties":{"id":40,"t":"marathon"},"geometry":{"type":"Point","coordinates":[4.907,52.343]}},{"type":"Feature","properties":{"id":41,"t":"marathon"},"geometry":{"type":"Point","coordinates":[4.482,51.918]}},{"type":"Feature","properties":{"id":42,"t":"marathon"},"geometry":{"type":"Point","coordinates":[-5.996,37.383]}},{"type":"Feature","properties":{"id":43,"t":"marathon"},"geometry":{"type":"Point","coordinates":[2.17,41.387]}},{"type":"Feature","properties":{"id":44,"t":"marathon"},"geometry":{"type":"Point","coordinates":[-3.703,40.417]}},{"type":"Feature","properties":{"id":45,"t":"marathon"},"geometry":{"type":"Point","coordinates":[12.492,41.89]}},{"type":"Feature","properties":{"id":46,"t":"marathon"},"geometry":{"type":"Point","coordinates":[9.19,45.464]}},{"type":"Feature","properties":{"id":47,"t":"marathon"},"geometry":{"type":"Point","coordinates":[16.373,48.208]}},{"type":"Feature","properties":{"id":48,"t":"marathon"},"geometry":{"type":"Point","coordinates":[14.421,50.088]}},{"type":"Feature","properties":{"id":49,"t":"marathon"},"geometry":{"type":"Point","coordinates":[21.011,52.23]}},{"type":"Feature","properties":{"id":50,"t":"marathon"},"geometry":{"type":"Point","coordinates":[19.04,47.498]}},{"type":"Feature","properties":{"id":51,"t":"marathon"},"geometry":{"type":"Point","coordinates":[23.735,37.976]}},{"type":"Feature","properties":{"id":52,"t":"marathon"},"geometry":{"type":"Point","coordinates":[28.978,41.008]}},{"type":"Feature","properties":{"id":53,"t":"marathon"},"geometry":{"type":"Point","coordinates":[8.68,50.111]}},{"type":"Feature","properties":{"id":54,"t":"marathon"},"geometry":{"type":"Point","coordinates":[9.994,53.551]}},{"type":"Feature","properties":{"id":55,"t":"marathon"},"geometry":{"type":"Point","coordinates":[11.582,48.135]}},{"type":"Feature","properties":{"id":56,"t":"marathon"},"geometry":{"type":"Point","coordinates":[6.96,50.938]}},{"type":"Feature","properties":{"id":57,"t":"marathon"},"geometry":{"type":"Point","coordinates":[-6.26,53.349]}},{"type":"Feature","properties":{"id":58,"t":"marathon"},"geometry":{"type":"Point","coordinates":[-3.188,55.953]}},{"type":"Feature","properties":{"id":59,"t":"marathon"},"geometry":{"type":"Point","coordinates":[-9.139,38.722]}},{"type":"Feature","properties":{"id":60,"t":"marathon"},"geometry":{"type":"Point","coordinates":[-8.629,41.158]}},{"type":"Feature","properties":{"id":61,"t":"marathon"},"geometry":{"type":"Point","coordinates":[6.143,46.204]}},{"type":"Feature","properties":{"id":62,"t":"marathon"},"geometry":{"type":"Point","coordinates":[8.541,47.377]}},{"type":"Feature","properties":{"id":63,"t":"marathon"},"geometry":{"type":"Point","coordinates":[7.866,46.686]}},{"type":"Feature","properties":{"id":64,"t":"marathon"},"geometry":{"type":"Point","coordinates":[-0.746,45.199]}},{"type":"Feature","properties":{"id":65,"t":"marathon"},"geometry":{"type":"Point","coordinates":[14.506,46.051]}},{"type":"Feature","properties":{"id":66,"t":"marathon"},"geometry":{"type":"Point","coordinates":[15.978,45.813]}},{"type":"Feature","properties":{"id":67,"t":"marathon"},"geometry":{"type":"Point","coordinates":[20.46,44.816]}},{"type":"Feature","properties":{"id":68,"t":"marathon"},"geometry":{"type":"Point","coordinates":[26.102,44.435]}},{"type":"Feature","properties":{"id":69,"t":"half"},"geometry":{"type":"Point","coordinates":[13.39,52.52]}},{"type":"Feature","properties":{"id":70,"t":"half"},"geometry":{"type":"Point","coordinates":[2.395,48.846]}},{"type":"Feature","properties":{"id":71,"t":"half"},"geometry":{"type":"Point","coordinates":[-9.177,38.69]}},{"type":"Feature","properties":{"id":72,"t":"half"},"geometry":{"type":"Point","coordinates":[-1.614,54.978]}},{"type":"Feature","properties":{"id":73,"t":"half"},"geometry":{"type":"Point","coordinates":[-3.179,51.482]}},{"type":"Feature","properties":{"id":74,"t":"half"},"geometry":{"type":"Point","coordinates":[-0.377,39.47]}},{"type":"Feature","properties":{"id":75,"t":"half"},"geometry":{"type":"Point","coordinates":[14.415,50.091]}},{"type":"Feature","properties":{"id":76,"t":"kort"},"geometry":{"type":"Point","coordinates":[-2.243,53.48]}},{"type":"Feature","properties":{"id":77,"t":"ultra"},"geometry":{"type":"Point","coordinates":[6.869,45.924]}},{"type":"Feature","properties":{"id":78,"t":"ultra"},"geometry":{"type":"Point","coordinates":[6.969,45.797]}},{"type":"Feature","properties":{"id":79,"t":"ultra"},"geometry":{"type":"Point","coordinates":[6.887,45.917]}},{"type":"Feature","properties":{"id":80,"t":"ultra"},"geometry":{"type":"Point","coordinates":[12.139,46.538]}},{"type":"Feature","properties":{"id":81,"t":"ultra"},"geometry":{"type":"Point","coordinates":[-2.257,42.973]}},{"type":"Feature","properties":{"id":82,"t":"ultra"},"geometry":{"type":"Point","coordinates":[7.535,46.292]}},{"type":"Feature","properties":{"id":83,"t":"ultra"},"geometry":{"type":"Point","coordinates":[-17.916,28.657]}},{"type":"Feature","properties":{"id":84,"t":"ultra"},"geometry":{"type":"Point","coordinates":[-16.908,32.65]}},{"type":"Feature","properties":{"id":85,"t":"ultra"},"geometry":{"type":"Point","coordinates":[8.036,46.624]}},{"type":"Feature","properties":{"id":86,"t":"ultra"},"geometry":{"type":"Point","coordinates":[13.524,45.432]}},{"type":"Feature","properties":{"id":87,"t":"ultra"},"geometry":{"type":"Point","coordinates":[-15.436,28.124]}},{"type":"Feature","properties":{"id":88,"t":"tri"},"geometry":{"type":"Point","coordinates":[8.669,50.108]}},{"type":"Feature","properties":{"id":89,"t":"tri"},"geometry":{"type":"Point","coordinates":[10.001,53.557]}},{"type":"Feature","properties":{"id":90,"t":"tri"},"geometry":{"type":"Point","coordinates":[7.266,43.695]}},{"type":"Feature","properties":{"id":91,"t":"tri"},"geometry":{"type":"Point","coordinates":[2.657,41.614]}},{"type":"Feature","properties":{"id":92,"t":"tri"},"geometry":{"type":"Point","coordinates":[-4.703,51.673]}},{"type":"Feature","properties":{"id":93,"t":"tri"},"geometry":{"type":"Point","coordinates":[3.121,39.853]}},{"type":"Feature","properties":{"id":94,"t":"tri"},"geometry":{"type":"Point","coordinates":[-13.553,28.956]}},{"type":"Feature","properties":{"id":95,"t":"tri"},"geometry":{"type":"Point","coordinates":[11.092,49.246]}},{"type":"Feature","properties":{"id":96,"t":"tri"},"geometry":{"type":"Point","coordinates":[6.07,45.092]}},{"type":"Feature","properties":{"id":97,"t":"marathon"},"geometry":{"type":"Point","coordinates":[-118.24,34.074]}},{"type":"Feature","properties":{"id":98,"t":"marathon"},"geometry":{"type":"Point","coordinates":[-77.07,38.89]}},{"type":"Feature","properties":{"id":99,"t":"marathon"},"geometry":{"type":"Point","coordinates":[-75.181,39.966]}},{"type":"Feature","properties":{"id":100,"t":"marathon"},"geometry":{"type":"Point","coordinates":[-95.37,29.76]}},{"type":"Feature","properties":{"id":101,"t":"marathon"},"geometry":{"type":"Point","coordinates":[-80.19,25.775]}},{"type":"Feature","properties":{"id":102,"t":"marathon"},"geometry":{"type":"Point","coordinates":[-121.808,36.27]}},{"type":"Feature","properties":{"id":103,"t":"marathon"},"geometry":{"type":"Point","coordinates":[-122.395,37.793]}},{"type":"Feature","properties":{"id":104,"t":"marathon"},"geometry":{"type":"Point","coordinates":[-79.383,43.649]}},{"type":"Feature","properties":{"id":105,"t":"marathon"},"geometry":{"type":"Point","coordinates":[-123.12,49.276]}},{"type":"Feature","properties":{"id":106,"t":"marathon"},"geometry":{"type":"Point","coordinates":[-157.858,21.307]}},{"type":"Feature","properties":{"id":107,"t":"half"},"geometry":{"type":"Point","coordinates":[-73.99,40.741]}},{"type":"Feature","properties":{"id":108,"t":"kort"},"geometry":{"type":"Point","coordinates":[-84.388,33.749]}},{"type":"Feature","properties":{"id":109,"t":"kort"},"geometry":{"type":"Point","coordinates":[-122.418,37.775]}},{"type":"Feature","properties":{"id":110,"t":"kort"},"geometry":{"type":"Point","coordinates":[-117.351,33.158]}},{"type":"Feature","properties":{"id":111,"t":"kort"},"geometry":{"type":"Point","coordinates":[-123.121,49.283]}},{"type":"Feature","properties":{"id":112,"t":"kort"},"geometry":{"type":"Point","coordinates":[-79.94,32.79]}},{"type":"Feature","properties":{"id":113,"t":"ultra"},"geometry":{"type":"Point","coordinates":[-120.235,39.197]}},{"type":"Feature","properties":{"id":114,"t":"ultra"},"geometry":{"type":"Point","coordinates":[-106.292,39.251]}},{"type":"Feature","properties":{"id":115,"t":"tri"},"geometry":{"type":"Point","coordinates":[-155.997,19.64]}},{"type":"Feature","properties":{"id":116,"t":"tri"},"geometry":{"type":"Point","coordinates":[-95.489,30.158]}},{"type":"Feature","properties":{"id":117,"t":"tri"},"geometry":{"type":"Point","coordinates":[-73.982,44.28]}},{"type":"Feature","properties":{"id":118,"t":"tri"},"geometry":{"type":"Point","coordinates":[-86.922,20.423]}},{"type":"Feature","properties":{"id":119,"t":"marathon"},"geometry":{"type":"Point","coordinates":[-58.382,-34.604]}},{"type":"Feature","properties":{"id":120,"t":"marathon"},"geometry":{"type":"Point","coordinates":[-43.173,-22.907]}},{"type":"Feature","properties":{"id":121,"t":"marathon"},"geometry":{"type":"Point","coordinates":[-70.669,-33.449]}},{"type":"Feature","properties":{"id":122,"t":"marathon"},"geometry":{"type":"Point","coordinates":[-72.994,-51.043]}},{"type":"Feature","properties":{"id":123,"t":"marathon"},"geometry":{"type":"Point","coordinates":[-75.581,6.244]}},{"type":"Feature","properties":{"id":124,"t":"ultra"},"geometry":{"type":"Point","coordinates":[31.022,-29.858]}},{"type":"Feature","properties":{"id":125,"t":"ultra"},"geometry":{"type":"Point","coordinates":[18.461,-33.958]}},{"type":"Feature","properties":{"id":126,"t":"marathon"},"geometry":{"type":"Point","coordinates":[18.424,-33.925]}},{"type":"Feature","properties":{"id":127,"t":"ultra"},"geometry":{"type":"Point","coordinates":[-6.91,30.92]}},{"type":"Feature","properties":{"id":128,"t":"marathon"},"geometry":{"type":"Point","coordinates":[-7.989,31.63]}},{"type":"Feature","properties":{"id":129,"t":"marathon"},"geometry":{"type":"Point","coordinates":[37.34,-3.335]}},{"type":"Feature","properties":{"id":130,"t":"marathon"},"geometry":{"type":"Point","coordinates":[25.831,-17.932]}},{"type":"Feature","properties":{"id":131,"t":"marathon"},"geometry":{"type":"Point","coordinates":[36.817,-1.286]}},{"type":"Feature","properties":{"id":132,"t":"tri"},"geometry":{"type":"Point","coordinates":[25.603,-33.96]}},{"type":"Feature","properties":{"id":133,"t":"marathon"},"geometry":{"type":"Point","coordinates":[135.502,34.694]}},{"type":"Feature","properties":{"id":134,"t":"marathon"},"geometry":{"type":"Point","coordinates":[136.906,35.182]}},{"type":"Feature","properties":{"id":135,"t":"marathon"},"geometry":{"type":"Point","coordinates":[135.768,35.012]}},{"type":"Feature","properties":{"id":136,"t":"marathon"},"geometry":{"type":"Point","coordinates":[126.978,37.566]}},{"type":"Feature","properties":{"id":137,"t":"marathon"},"geometry":{"type":"Point","coordinates":[121.474,31.23]}},{"type":"Feature","properties":{"id":138,"t":"marathon"},"geometry":{"type":"Point","coordinates":[116.407,39.904]}},{"type":"Feature","properties":{"id":139,"t":"marathon"},"geometry":{"type":"Point","coordinates":[117.236,40.142]}},{"type":"Feature","properties":{"id":140,"t":"marathon"},"geometry":{"type":"Point","coordinates":[114.177,22.302]}},{"type":"Feature","properties":{"id":141,"t":"marathon"},"geometry":{"type":"Point","coordinates":[121.564,25.038]}},{"type":"Feature","properties":{"id":142,"t":"marathon"},"geometry":{"type":"Point","coordinates":[103.852,1.29]}},{"type":"Feature","properties":{"id":143,"t":"marathon"},"geometry":{"type":"Point","coordinates":[100.502,13.756]}},{"type":"Feature","properties":{"id":144,"t":"marathon"},"geometry":{"type":"Point","coordinates":[101.695,3.148]}},{"type":"Feature","properties":{"id":145,"t":"marathon"},"geometry":{"type":"Point","coordinates":[72.835,18.94]}},{"type":"Feature","properties":{"id":146,"t":"half"},"geometry":{"type":"Point","coordinates":[77.209,28.613]}},{"type":"Feature","properties":{"id":147,"t":"marathon"},"geometry":{"type":"Point","coordinates":[55.271,25.204]}},{"type":"Feature","properties":{"id":148,"t":"half"},"geometry":{"type":"Point","coordinates":[55.943,25.79]}},{"type":"Feature","properties":{"id":149,"t":"marathon"},"geometry":{"type":"Point","coordinates":[86.71,27.805]}},{"type":"Feature","properties":{"id":150,"t":"ultra"},"geometry":{"type":"Point","coordinates":[138.763,35.503]}},{"type":"Feature","properties":{"id":151,"t":"ultra"},"geometry":{"type":"Point","coordinates":[114.32,22.383]}},{"type":"Feature","properties":{"id":152,"t":"tri"},"geometry":{"type":"Point","coordinates":[145.771,-16.92]}},{"type":"Feature","properties":{"id":153,"t":"marathon"},"geometry":{"type":"Point","coordinates":[144.983,-37.82]}},{"type":"Feature","properties":{"id":154,"t":"marathon"},"geometry":{"type":"Point","coordinates":[153.43,-28.017]}},{"type":"Feature","properties":{"id":155,"t":"kort"},"geometry":{"type":"Point","coordinates":[151.224,-33.874]}},{"type":"Feature","properties":{"id":156,"t":"marathon"},"geometry":{"type":"Point","coordinates":[143.976,-38.54]}},{"type":"Feature","properties":{"id":157,"t":"ultra"},"geometry":{"type":"Point","coordinates":[150.311,-33.712]}},{"type":"Feature","properties":{"id":158,"t":"marathon"},"geometry":{"type":"Point","coordinates":[174.763,-36.848]}},{"type":"Feature","properties":{"id":159,"t":"marathon"},"geometry":{"type":"Point","coordinates":[168.663,-45.031]}},{"type":"Feature","properties":{"id":160,"t":"ultra"},"geometry":{"type":"Point","coordinates":[176.253,-38.137]}},{"type":"Feature","properties":{"id":161,"t":"marathon"},"geometry":{"type":"Point","coordinates":[-82.857,-79.767]}},{"type":"Feature","properties":{"id":162,"t":"kort"},"geometry":{"type":"Point","coordinates":[9.8636,57.0126]}},{"type":"Feature","properties":{"id":163,"t":"kort"},"geometry":{"type":"Point","coordinates":[11.7287,55.7069]}},{"type":"Feature","properties":{"id":164,"t":"kort"},"geometry":{"type":"Point","coordinates":[10.516,57.4333]}},{"type":"Feature","properties":{"id":165,"t":"marathon"},"geometry":{"type":"Point","coordinates":[5.7447,58.9805]}},{"type":"Feature","properties":{"id":166,"t":"kort"},"geometry":{"type":"Point","coordinates":[12.4768,55.6214]}},{"type":"Feature","properties":{"id":167,"t":"kort"},"geometry":{"type":"Point","coordinates":[9.9249,57.0093]}},{"type":"Feature","properties":{"id":168,"t":"kort"},"geometry":{"type":"Point","coordinates":[8.3605,55.5215]}},{"type":"Feature","properties":{"id":169,"t":"kort"},"geometry":{"type":"Point","coordinates":[12.4955,55.8125]}},{"type":"Feature","properties":{"id":170,"t":"kort"},"geometry":{"type":"Point","coordinates":[9.9996,55.7792]}},{"type":"Feature","properties":{"id":171,"t":"kort"},"geometry":{"type":"Point","coordinates":[9.8007,55.0484]}},{"type":"Feature","properties":{"id":172,"t":"ultra"},"geometry":{"type":"Point","coordinates":[12.2939,55.8439]}},{"type":"Feature","properties":{"id":173,"t":"kort"},"geometry":{"type":"Point","coordinates":[12.4608,55.7914]}},{"type":"Feature","properties":{"id":174,"t":"kort"},"geometry":{"type":"Point","coordinates":[11.1385,55.6858]}},{"type":"Feature","properties":{"id":175,"t":"tri"},"geometry":{"type":"Point","coordinates":[10.2127,56.1585]}},{"type":"Feature","properties":{"id":176,"t":"kort"},"geometry":{"type":"Point","coordinates":[12.4227,55.9635]}},{"type":"Feature","properties":{"id":177,"t":"tri"},"geometry":{"type":"Point","coordinates":[9.7156,55.5683]}},{"type":"Feature","properties":{"id":178,"t":"kort"},"geometry":{"type":"Point","coordinates":[12.1192,55.6448]}},{"type":"Feature","properties":{"id":179,"t":"kort"},"geometry":{"type":"Point","coordinates":[10.1417,56.123]}},{"type":"Feature","properties":{"id":180,"t":"half"},"geometry":{"type":"Point","coordinates":[10.149,56.127]}},{"type":"Feature","properties":{"id":181,"t":"kort"},"geometry":{"type":"Point","coordinates":[12.5659,55.7054]}},{"type":"Feature","properties":{"id":182,"t":"kort"},"geometry":{"type":"Point","coordinates":[10.2007,56.1583]}},{"type":"Feature","properties":{"id":183,"t":"kort"},"geometry":{"type":"Point","coordinates":[9.0791,54.9278]}},{"type":"Feature","properties":{"id":184,"t":"kort"},"geometry":{"type":"Point","coordinates":[9.5187,56.7767]}},{"type":"Feature","properties":{"id":185,"t":"kort"},"geometry":{"type":"Point","coordinates":[12.1242,55.6414]}},{"type":"Feature","properties":{"id":186,"t":"kort"},"geometry":{"type":"Point","coordinates":[9.7728,55.4897]}},{"type":"Feature","properties":{"id":187,"t":"kort"},"geometry":{"type":"Point","coordinates":[9.9327,55.4242]}},{"type":"Feature","properties":{"id":188,"t":"kort"},"geometry":{"type":"Point","coordinates":[9.8536,56.257]}},{"type":"Feature","properties":{"id":189,"t":"kort"},"geometry":{"type":"Point","coordinates":[11.72,55.7144]}},{"type":"Feature","properties":{"id":190,"t":"kort"},"geometry":{"type":"Point","coordinates":[12.5401,55.6936]}},{"type":"Feature","properties":{"id":191,"t":"kort"},"geometry":{"type":"Point","coordinates":[9.8145,54.9129]}},{"type":"Feature","properties":{"id":192,"t":"kort"},"geometry":{"type":"Point","coordinates":[10.1555,55.9683]}},{"type":"Feature","properties":{"id":193,"t":"kort"},"geometry":{"type":"Point","coordinates":[10.2257,56.158]}},{"type":"Feature","properties":{"id":194,"t":"kort"},"geometry":{"type":"Point","coordinates":[14.6943,55.1857]}},{"type":"Feature","properties":{"id":195,"t":"ultra"},"geometry":{"type":"Point","coordinates":[12.4861,54.9564]}},{"type":"Feature","properties":{"id":196,"t":"ultra"},"geometry":{"type":"Point","coordinates":[9.6946,55.5606]}},{"type":"Feature","properties":{"id":197,"t":"kort"},"geometry":{"type":"Point","coordinates":[10.6113,56.3484]}},{"type":"Feature","properties":{"id":198,"t":"kort"},"geometry":{"type":"Point","coordinates":[9.4687,55.4894]}},{"type":"Feature","properties":{"id":199,"t":"kort"},"geometry":{"type":"Point","coordinates":[8.591,56.486]}},{"type":"Feature","properties":{"id":200,"t":"kort"},"geometry":{"type":"Point","coordinates":[12.2062,55.6588]}},{"type":"Feature","properties":{"id":201,"t":"ultra"},"geometry":{"type":"Point","coordinates":[10.5894,57.7291]}},{"type":"Feature","properties":{"id":202,"t":"kort"},"geometry":{"type":"Point","coordinates":[10.2071,56.1267]}},{"type":"Feature","properties":{"id":203,"t":"kort"},"geometry":{"type":"Point","coordinates":[11.535,55.4365]}},{"type":"Feature","properties":{"id":204,"t":"kort"},"geometry":{"type":"Point","coordinates":[12.2844,55.92]}},{"type":"Feature","properties":{"id":205,"t":"tri"},"geometry":{"type":"Point","coordinates":[9.8142,54.9152]}},{"type":"Feature","properties":{"id":206,"t":"kort"},"geometry":{"type":"Point","coordinates":[11.5028,54.741]}},{"type":"Feature","properties":{"id":207,"t":"tri"},"geometry":{"type":"Point","coordinates":[12.0176,55.9813]}},{"type":"Feature","properties":{"id":208,"t":"kort"},"geometry":{"type":"Point","coordinates":[11.263,58.688]}},{"type":"Feature","properties":{"id":209,"t":"kort"},"geometry":{"type":"Point","coordinates":[9.1499,56.1222]}},{"type":"Feature","properties":{"id":210,"t":"kort"},"geometry":{"type":"Point","coordinates":[11.3517,55.4138]}},{"type":"Feature","properties":{"id":211,"t":"ultra"},"geometry":{"type":"Point","coordinates":[9.8468,55.8724]}},{"type":"Feature","properties":{"id":212,"t":"kort"},"geometry":{"type":"Point","coordinates":[9.7718,55.5027]}},{"type":"Feature","properties":{"id":213,"t":"kort"},"geometry":{"type":"Point","coordinates":[12.2712,55.6427]}},{"type":"Feature","properties":{"id":214,"t":"kort"},"geometry":{"type":"Point","coordinates":[8.6473,55.4236]}},{"type":"Feature","properties":{"id":215,"t":"ultra"},"geometry":{"type":"Point","coordinates":[13.6543,55.5812]}},{"type":"Feature","properties":{"id":216,"t":"kort"},"geometry":{"type":"Point","coordinates":[9.8431,55.8599]}},{"type":"Feature","properties":{"id":217,"t":"kort"},"geometry":{"type":"Point","coordinates":[12.3346,55.7263]}},{"type":"Feature","properties":{"id":218,"t":"kort"},"geometry":{"type":"Point","coordinates":[11.6389,55.1711]}},{"type":"Feature","properties":{"id":219,"t":"kort"},"geometry":{"type":"Point","coordinates":[11.8655,55.6944]}},{"type":"Feature","properties":{"id":220,"t":"half"},"geometry":{"type":"Point","coordinates":[9.6228,55.9734]}},{"type":"Feature","properties":{"id":221,"t":"kort"},"geometry":{"type":"Point","coordinates":[10.3546,55.3484]}},{"type":"Feature","properties":{"id":222,"t":"kort"},"geometry":{"type":"Point","coordinates":[12.2917,55.9297]}},{"type":"Feature","properties":{"id":223,"t":"kort"},"geometry":{"type":"Point","coordinates":[11.8457,58.1465]}},{"type":"Feature","properties":{"id":224,"t":"kort"},"geometry":{"type":"Point","coordinates":[9.0079,56.5625]}},{"type":"Feature","properties":{"id":225,"t":"kort"},"geometry":{"type":"Point","coordinates":[9.4744,55.4742]}},{"type":"Feature","properties":{"id":226,"t":"half"},"geometry":{"type":"Point","coordinates":[8.4426,55.4619]}},{"type":"Feature","properties":{"id":227,"t":"kort"},"geometry":{"type":"Point","coordinates":[10.3217,56.3051]}},{"type":"Feature","properties":{"id":228,"t":"marathon"},"geometry":{"type":"Point","coordinates":[8.4426,55.4599]}},{"type":"Feature","properties":{"id":229,"t":"ultra"},"geometry":{"type":"Point","coordinates":[-51.701,64.1915]}},{"type":"Feature","properties":{"id":230,"t":"kort"},"geometry":{"type":"Point","coordinates":[10.3333,55.3392]}},{"type":"Feature","properties":{"id":231,"t":"kort"},"geometry":{"type":"Point","coordinates":[14.9307,55.0637]}},{"type":"Feature","properties":{"id":232,"t":"kort"},"geometry":{"type":"Point","coordinates":[9.103,56.5634]}},{"type":"Feature","properties":{"id":233,"t":"kort"},"geometry":{"type":"Point","coordinates":[11.6994,55.7045]}},{"type":"Feature","properties":{"id":234,"t":"ultra"},"geometry":{"type":"Point","coordinates":[11.01,57.2692]}},{"type":"Feature","properties":{"id":235,"t":"kort"},"geometry":{"type":"Point","coordinates":[10.1141,56.1518]}},{"type":"Feature","properties":{"id":236,"t":"kort"},"geometry":{"type":"Point","coordinates":[9.9302,57.0048]}},{"type":"Feature","properties":{"id":237,"t":"kort"},"geometry":{"type":"Point","coordinates":[10.4326,56.1928]}},{"type":"Feature","properties":{"id":238,"t":"kort"},"geometry":{"type":"Point","coordinates":[10.0198,56.8561]}},{"type":"Feature","properties":{"id":239,"t":"kort"},"geometry":{"type":"Point","coordinates":[9.4082,56.4413]}},{"type":"Feature","properties":{"id":240,"t":"ultra"},"geometry":{"type":"Point","coordinates":[13.935,58.1857]}},{"type":"Feature","properties":{"id":241,"t":"kort"},"geometry":{"type":"Point","coordinates":[9.9425,56.0408]}},{"type":"Feature","properties":{"id":242,"t":"half"},"geometry":{"type":"Point","coordinates":[9.5397,56.1879]}},{"type":"Feature","properties":{"id":243,"t":"kort"},"geometry":{"type":"Point","coordinates":[12.5495,55.7568]}},{"type":"Feature","properties":{"id":244,"t":"half"},"geometry":{"type":"Point","coordinates":[10.224,56.1475]}},{"type":"Feature","properties":{"id":245,"t":"kort"},"geometry":{"type":"Point","coordinates":[10.3422,55.3876]}},{"type":"Feature","properties":{"id":246,"t":"ultra"},"geometry":{"type":"Point","coordinates":[9.986,56.9976]}},{"type":"Feature","properties":{"id":247,"t":"kort"},"geometry":{"type":"Point","coordinates":[11.5062,55.8276]}},{"type":"Feature","properties":{"id":248,"t":"kort"},"geometry":{"type":"Point","coordinates":[12.5732,55.6681]}},{"type":"Feature","properties":{"id":249,"t":"kort"},"geometry":{"type":"Point","coordinates":[10.2011,56.1799]}},{"type":"Feature","properties":{"id":250,"t":"ultra"},"geometry":{"type":"Point","coordinates":[10.1921,56.1037]}},{"type":"Feature","properties":{"id":251,"t":"kort"},"geometry":{"type":"Point","coordinates":[12.5075,55.8068]}},{"type":"Feature","properties":{"id":252,"t":"kort"},"geometry":{"type":"Point","coordinates":[12.5083,55.9242]}},{"type":"Feature","properties":{"id":253,"t":"kort"},"geometry":{"type":"Point","coordinates":[10.2987,57.1534]}},{"type":"Feature","properties":{"id":254,"t":"marathon"},"geometry":{"type":"Point","coordinates":[10.3342,55.4008]}},{"type":"Feature","properties":{"id":255,"t":"kort"},"geometry":{"type":"Point","coordinates":[12.6035,55.7155]}},{"type":"Feature","properties":{"id":256,"t":"kort"},"geometry":{"type":"Point","coordinates":[11.3607,55.402]}},{"type":"Feature","properties":{"id":257,"t":"ultra"},"geometry":{"type":"Point","coordinates":[10.2084,56.1079]}},{"type":"Feature","properties":{"id":258,"t":"kort"},"geometry":{"type":"Point","coordinates":[10.1945,56.1732]}},{"type":"Feature","properties":{"id":259,"t":"kort"},"geometry":{"type":"Point","coordinates":[8.8642,54.9445]}},{"type":"Feature","properties":{"id":260,"t":"kort"},"geometry":{"type":"Point","coordinates":[8.9256,55.7606]}},{"type":"Feature","properties":{"id":261,"t":"kort"},"geometry":{"type":"Point","coordinates":[9.5996,57.2426]}},{"type":"Feature","properties":{"id":262,"t":"ultra"},"geometry":{"type":"Point","coordinates":[9.5394,56.1739]}},{"type":"Feature","properties":{"id":263,"t":"kort"},"geometry":{"type":"Point","coordinates":[9.9442,57.0769]}},{"type":"Feature","properties":{"id":264,"t":"kort"},"geometry":{"type":"Point","coordinates":[9.5317,56.7869]}},{"type":"Feature","properties":{"id":265,"t":"marathon"},"geometry":{"type":"Point","coordinates":[10.5984,57.7209]}},{"type":"Feature","properties":{"id":266,"t":"marathon"},"geometry":{"type":"Point","coordinates":[13.9323,58.17]}},{"type":"Feature","properties":{"id":267,"t":"kort"},"geometry":{"type":"Point","coordinates":[12.5296,55.7828]}},{"type":"Feature","properties":{"id":268,"t":"half"},"geometry":{"type":"Point","coordinates":[8.4539,55.4744]}},{"type":"Feature","properties":{"id":269,"t":"kort"},"geometry":{"type":"Point","coordinates":[9.5634,56.1827]}},{"type":"Feature","properties":{"id":270,"t":"half"},"geometry":{"type":"Point","coordinates":[10.5247,57.455]}},{"type":"Feature","properties":{"id":271,"t":"half"},"geometry":{"type":"Point","coordinates":[11.3437,55.6726]}},{"type":"Feature","properties":{"id":272,"t":"ultra"},"geometry":{"type":"Point","coordinates":[9.9706,57.0001]}},{"type":"Feature","properties":{"id":273,"t":"half"},"geometry":{"type":"Point","coordinates":[10.149,56.1272]}},{"type":"Feature","properties":{"id":274,"t":"marathon"},"geometry":{"type":"Point","coordinates":[10.2643,54.9353]}},{"type":"Feature","properties":{"id":275,"t":"ultra"},"geometry":{"type":"Point","coordinates":[12.1089,56.0477]}},{"type":"Feature","properties":{"id":276,"t":"kort"},"geometry":{"type":"Point","coordinates":[9.5996,57.2429]}},{"type":"Feature","properties":{"id":277,"t":"ultra"},"geometry":{"type":"Point","coordinates":[9.9686,57.5646]}},{"type":"Feature","properties":{"id":278,"t":"kort"},"geometry":{"type":"Point","coordinates":[12.3113,55.6112]}},{"type":"Feature","properties":{"id":279,"t":"kort"},"geometry":{"type":"Point","coordinates":[12.4637,55.7599]}},{"type":"Feature","properties":{"id":280,"t":"kort"},"geometry":{"type":"Point","coordinates":[9.9579,57.5746]}},{"type":"Feature","properties":{"id":281,"t":"kort"},"geometry":{"type":"Point","coordinates":[9.9866,57.0099]}},{"type":"Feature","properties":{"id":282,"t":"ultra"},"geometry":{"type":"Point","coordinates":[12.1925,55.4603]}},{"type":"Feature","properties":{"id":283,"t":"kort"},"geometry":{"type":"Point","coordinates":[12.2715,55.6485]}},{"type":"Feature","properties":{"id":284,"t":"marathon"},"geometry":{"type":"Point","coordinates":[8.4426,55.4601]}},{"type":"Feature","properties":{"id":285,"t":"kort"},"geometry":{"type":"Point","coordinates":[9.111,55.73]}},{"type":"Feature","properties":{"id":286,"t":"ultra"},"geometry":{"type":"Point","coordinates":[13.5957,54.3918]}},{"type":"Feature","properties":{"id":287,"t":"ultra"},"geometry":{"type":"Point","coordinates":[10.2455,55.0924]}},{"type":"Feature","properties":{"id":288,"t":"kort"},"geometry":{"type":"Point","coordinates":[9.9299,57.0589]}},{"type":"Feature","properties":{"id":289,"t":"ultra"},"geometry":{"type":"Point","coordinates":[12.5885,56.0259]}},{"type":"Feature","properties":{"id":290,"t":"kort"},"geometry":{"type":"Point","coordinates":[9.732,57.1586]}},{"type":"Feature","properties":{"id":291,"t":"kort"},"geometry":{"type":"Point","coordinates":[10.2197,56.167]}},{"type":"Feature","properties":{"id":292,"t":"kort"},"geometry":{"type":"Point","coordinates":[11.7627,55.9548]}},{"type":"Feature","properties":{"id":293,"t":"ultra"},"geometry":{"type":"Point","coordinates":[9.1239,55.9539]}},{"type":"Feature","properties":{"id":294,"t":"kort"},"geometry":{"type":"Point","coordinates":[10.3528,57.2752]}},{"type":"Feature","properties":{"id":295,"t":"kort"},"geometry":{"type":"Point","coordinates":[11.8913,54.7829]}},{"type":"Feature","properties":{"id":296,"t":"kort"},"geometry":{"type":"Point","coordinates":[9.7626,56.0991]}},{"type":"Feature","properties":{"id":297,"t":"kort"},"geometry":{"type":"Point","coordinates":[12.074,55.8361]}},{"type":"Feature","properties":{"id":298,"t":"ultra"},"geometry":{"type":"Point","coordinates":[10.1921,56.1094]}},{"type":"Feature","properties":{"id":299,"t":"ultra"},"geometry":{"type":"Point","coordinates":[12.3478,55.8669]}},{"type":"Feature","properties":{"id":300,"t":"kort"},"geometry":{"type":"Point","coordinates":[9.4804,55.4894]}},{"type":"Feature","properties":{"id":301,"t":"kort"},"geometry":{"type":"Point","coordinates":[10.463,55.3661]}},{"type":"Feature","properties":{"id":302,"t":"kort"},"geometry":{"type":"Point","coordinates":[9.9074,57.0421]}},{"type":"Feature","properties":{"id":303,"t":"kort"},"geometry":{"type":"Point","coordinates":[12.5792,55.6232]}},{"type":"Feature","properties":{"id":304,"t":"kort"},"geometry":{"type":"Point","coordinates":[8.6718,56.959]}},{"type":"Feature","properties":{"id":305,"t":"ultra"},"geometry":{"type":"Point","coordinates":[10.0094,56.8407]}},{"type":"Feature","properties":{"id":306,"t":"ultra"},"geometry":{"type":"Point","coordinates":[9.0699,56.3655]}},{"type":"Feature","properties":{"id":307,"t":"ultra"},"geometry":{"type":"Point","coordinates":[12.5129,55.802]}},{"type":"Feature","properties":{"id":308,"t":"kort"},"geometry":{"type":"Point","coordinates":[9.1325,55.4733]}},{"type":"Feature","properties":{"id":309,"t":"kort"},"geometry":{"type":"Point","coordinates":[11.543,45.5378]}},{"type":"Feature","properties":{"id":310,"t":"ultra"},"geometry":{"type":"Point","coordinates":[12.616,55.5686]}},{"type":"Feature","properties":{"id":311,"t":"kort"},"geometry":{"type":"Point","coordinates":[12.2772,55.6352]}},{"type":"Feature","properties":{"id":312,"t":"ultra"},"geometry":{"type":"Point","coordinates":[10.1941,56.115]}},{"type":"Feature","properties":{"id":313,"t":"half"},"geometry":{"type":"Point","coordinates":[9.9214,57.0346]}},{"type":"Feature","properties":{"id":314,"t":"ultra"},"geometry":{"type":"Point","coordinates":[12.2042,55.6415]}},{"type":"Feature","properties":{"id":315,"t":"kort"},"geometry":{"type":"Point","coordinates":[9.1406,55.938]}},{"type":"Feature","properties":{"id":316,"t":"ultra"},"geometry":{"type":"Point","coordinates":[12.3964,55.752]}},{"type":"Feature","properties":{"id":317,"t":"ultra"},"geometry":{"type":"Point","coordinates":[12.4037,55.7467]}},{"type":"Feature","properties":{"id":318,"t":"ultra"},"geometry":{"type":"Point","coordinates":[10.1941,56.1204]}},{"type":"Feature","properties":{"id":319,"t":"ultra"},"geometry":{"type":"Point","coordinates":[9.2673,57.0794]}},{"type":"Feature","properties":{"id":320,"t":"kort"},"geometry":{"type":"Point","coordinates":[8.4609,55.4654]}},{"type":"Feature","properties":{"id":321,"t":"kort"},"geometry":{"type":"Point","coordinates":[10.2197,56.1675]}},{"type":"Feature","properties":{"id":322,"t":"kort"},"geometry":{"type":"Point","coordinates":[9.4734,55.4781]}},{"type":"Feature","properties":{"id":323,"t":"kort"},"geometry":{"type":"Point","coordinates":[12.2821,55.9277]}},{"type":"Feature","properties":{"id":324,"t":"ultra"},"geometry":{"type":"Point","coordinates":[10.7105,55.5042]}},{"type":"Feature","properties":{"id":325,"t":"kort"},"geometry":{"type":"Point","coordinates":[11.4422,55.7147]}},{"type":"Feature","properties":{"id":326,"t":"kort"},"geometry":{"type":"Point","coordinates":[10.1512,55.9821]}},{"type":"Feature","properties":{"id":327,"t":"kort"},"geometry":{"type":"Point","coordinates":[12.2772,55.6407]}},{"type":"Feature","properties":{"id":328,"t":"kort"},"geometry":{"type":"Point","coordinates":[9.5337,56.7779]}},{"type":"Feature","properties":{"id":329,"t":"marathon"},"geometry":{"type":"Point","coordinates":[8.4426,55.4604]}},{"type":"Feature","properties":{"id":330,"t":"kort"},"geometry":{"type":"Point","coordinates":[9.569,56.1852]}},{"type":"Feature","properties":{"id":331,"t":"kort"},"geometry":{"type":"Point","coordinates":[9.0033,55.4886]}},{"type":"Feature","properties":{"id":332,"t":"kort"},"geometry":{"type":"Point","coordinates":[12.5627,56.009]}},{"type":"Feature","properties":{"id":333,"t":"kort"},"geometry":{"type":"Point","coordinates":[12.2072,55.6418]}},{"type":"Feature","properties":{"id":334,"t":"kort"},"geometry":{"type":"Point","coordinates":[11.7014,55.7087]}},{"type":"Feature","properties":{"id":335,"t":"kort"},"geometry":{"type":"Point","coordinates":[9.4734,55.4784]}},{"type":"Feature","properties":{"id":336,"t":"ultra"},"geometry":{"type":"Point","coordinates":[9.5122,57.0981]}},{"type":"Feature","properties":{"id":337,"t":"ultra"},"geometry":{"type":"Point","coordinates":[12.2881,55.9275]}},{"type":"Feature","properties":{"id":338,"t":"ultra"},"geometry":{"type":"Point","coordinates":[12.2826,55.8449]}},{"type":"Feature","properties":{"id":339,"t":"ultra"},"geometry":{"type":"Point","coordinates":[14.7883,55.278]}},{"type":"Feature","properties":{"id":340,"t":"ultra"},"geometry":{"type":"Point","coordinates":[10.1314,57.083]}},{"type":"Feature","properties":{"id":341,"t":"ultra"},"geometry":{"type":"Point","coordinates":[10.1941,56.1207]}},{"type":"Feature","properties":{"id":342,"t":"ultra"},"geometry":{"type":"Point","coordinates":[10.1941,56.1209]}},{"type":"Feature","properties":{"id":343,"t":"ultra"},"geometry":{"type":"Point","coordinates":[9.9974,56.8351]}},{"type":"Feature","properties":{"id":344,"t":"ultra"},"geometry":{"type":"Point","coordinates":[10.6765,56.2026]}},{"type":"Feature","properties":{"id":345,"t":"ultra"},"geometry":{"type":"Point","coordinates":[9.8415,56.8934]}},{"type":"Feature","properties":{"id":346,"t":"ultra"},"geometry":{"type":"Point","coordinates":[10.1941,56.1212]}},{"type":"Feature","properties":{"id":347,"t":"ultra"},"geometry":{"type":"Point","coordinates":[12.0839,56.0465]}},{"type":"Feature","properties":{"id":348,"t":"kort"},"geometry":{"type":"Point","coordinates":[12.5589,55.7074]}},{"type":"Feature","properties":{"id":349,"t":"kort"},"geometry":{"type":"Point","coordinates":[10.6447,55.4637]}},{"type":"Feature","properties":{"id":350,"t":"ultra"},"geometry":{"type":"Point","coordinates":[9.008,56.8148]}},{"type":"Feature","properties":{"id":351,"t":"ultra"},"geometry":{"type":"Point","coordinates":[9.595,57.2553]}},{"type":"Feature","properties":{"id":352,"t":"ultra"},"geometry":{"type":"Point","coordinates":[9.5407,56.1737]}},{"type":"Feature","properties":{"id":353,"t":"kort"},"geometry":{"type":"Point","coordinates":[9.9869,57.4693]}},{"type":"Feature","properties":{"id":354,"t":"kort"},"geometry":{"type":"Point","coordinates":[12.0813,56.0669]}},{"type":"Feature","properties":{"id":355,"t":"kort"},"geometry":{"type":"Point","coordinates":[10.2193,56.1992]}},{"type":"Feature","properties":{"id":356,"t":"kort"},"geometry":{"type":"Point","coordinates":[11.4482,55.7182]}},{"type":"Feature","properties":{"id":357,"t":"ultra"},"geometry":{"type":"Point","coordinates":[11.1495,55.6745]}},{"type":"Feature","properties":{"id":358,"t":"ultra"},"geometry":{"type":"Point","coordinates":[10.5227,54.859]}},{"type":"Feature","properties":{"id":359,"t":"ultra"},"geometry":{"type":"Point","coordinates":[9.5424,56.1752]}},{"type":"Feature","properties":{"id":360,"t":"ultra"},"geometry":{"type":"Point","coordinates":[10.129,57.0915]}},{"type":"Feature","properties":{"id":361,"t":"ultra"},"geometry":{"type":"Point","coordinates":[14.7927,55.2655]}},{"type":"Feature","properties":{"id":362,"t":"kort"},"geometry":{"type":"Point","coordinates":[10.1509,56.0697]}},{"type":"Feature","properties":{"id":363,"t":"half"},"geometry":{"type":"Point","coordinates":[9.9151,57.0461]}},{"type":"Feature","properties":{"id":364,"t":"ultra"},"geometry":{"type":"Point","coordinates":[10.6173,55.5026]}},{"type":"Feature","properties":{"id":365,"t":"kort"},"geometry":{"type":"Point","coordinates":[9.5565,55.2693]}},{"type":"Feature","properties":{"id":366,"t":"kort"},"geometry":{"type":"Point","coordinates":[10.202,56.1583]}},{"type":"Feature","properties":{"id":367,"t":"kort"},"geometry":{"type":"Point","coordinates":[13.6023,54.4038]}},{"type":"Feature","properties":{"id":368,"t":"half"},"geometry":{"type":"Point","coordinates":[9.7645,55.4897]}},{"type":"Feature","properties":{"id":369,"t":"kort"},"geometry":{"type":"Point","coordinates":[9.6125,55.9769]}},{"type":"Feature","properties":{"id":370,"t":"ultra"},"geometry":{"type":"Point","coordinates":[12.1052,55.6511]}},{"type":"Feature","properties":{"id":371,"t":"kort"},"geometry":{"type":"Point","coordinates":[12.5899,55.7052]}},{"type":"Feature","properties":{"id":372,"t":"kort"},"geometry":{"type":"Point","coordinates":[12.5689,55.6929]}},{"type":"Feature","properties":{"id":373,"t":"kort"},"geometry":{"type":"Point","coordinates":[10.2024,56.166]}},{"type":"Feature","properties":{"id":374,"t":"kort"},"geometry":{"type":"Point","coordinates":[9.7218,55.9582]}},{"type":"Feature","properties":{"id":375,"t":"tri"},"geometry":{"type":"Point","coordinates":[10.0054,56.8552]}},{"type":"Feature","properties":{"id":376,"t":"half"},"geometry":{"type":"Point","coordinates":[8.0823,55.56]}},{"type":"Feature","properties":{"id":377,"t":"tri"},"geometry":{"type":"Point","coordinates":[11.1325,55.3418]}},{"type":"Feature","properties":{"id":378,"t":"half"},"geometry":{"type":"Point","coordinates":[10.3852,55.406]}},{"type":"Feature","properties":{"id":379,"t":"half"},"geometry":{"type":"Point","coordinates":[12.2851,55.9405]}},{"type":"Feature","properties":{"id":380,"t":"half"},"geometry":{"type":"Point","coordinates":[9.4741,55.4766]}},{"type":"Feature","properties":{"id":381,"t":"half"},"geometry":{"type":"Point","coordinates":[12.3351,55.8657]}},{"type":"Feature","properties":{"id":382,"t":"kort"},"geometry":{"type":"Point","coordinates":[12.4675,55.7494]}},{"type":"Feature","properties":{"id":383,"t":"tri"},"geometry":{"type":"Point","coordinates":[12.1772,55.4627]}},{"type":"Feature","properties":{"id":384,"t":"half"},"geometry":{"type":"Point","coordinates":[10.2197,56.1688]}},{"type":"Feature","properties":{"id":385,"t":"kort"},"geometry":{"type":"Point","coordinates":[12.386,55.3052]}},{"type":"Feature","properties":{"id":386,"t":"tri"},"geometry":{"type":"Point","coordinates":[9.9251,57.0307]}},{"type":"Feature","properties":{"id":387,"t":"ultra"},"geometry":{"type":"Point","coordinates":[10.5754,57.7199]}},{"type":"Feature","properties":{"id":388,"t":"ultra"},"geometry":{"type":"Point","coordinates":[10.6785,56.1983]}},{"type":"Feature","properties":{"id":389,"t":"kort"},"geometry":{"type":"Point","coordinates":[14.6933,55.092]}},{"type":"Feature","properties":{"id":390,"t":"marathon"},"geometry":{"type":"Point","coordinates":[9.5856,57.2476]}},{"type":"Feature","properties":{"id":391,"t":"tri"},"geometry":{"type":"Point","coordinates":[12.4648,55.6204]}},{"type":"Feature","properties":{"id":392,"t":"half"},"geometry":{"type":"Point","coordinates":[10.0807,56.4409]}},{"type":"Feature","properties":{"id":393,"t":"ultra"},"geometry":{"type":"Point","coordinates":[10.0104,56.8582]}},{"type":"Feature","properties":{"id":394,"t":"marathon"},"geometry":{"type":"Point","coordinates":[9.9352,57.0624]}},{"type":"Feature","properties":{"id":395,"t":"kort"},"geometry":{"type":"Point","coordinates":[12.3976,55.6536]}},{"type":"Feature","properties":{"id":396,"t":"kort"},"geometry":{"type":"Point","coordinates":[10.5677,56.413]}},{"type":"Feature","properties":{"id":397,"t":"kort"},"geometry":{"type":"Point","coordinates":[9.7894,55.0362]}},{"type":"Feature","properties":{"id":398,"t":"kort"},"geometry":{"type":"Point","coordinates":[9.71,55.5601]}},{"type":"Feature","properties":{"id":399,"t":"tri"},"geometry":{"type":"Point","coordinates":[10.3792,55.3958]}},{"type":"Feature","properties":{"id":400,"t":"kort"},"geometry":{"type":"Point","coordinates":[12.1062,55.6533]}},{"type":"Feature","properties":{"id":401,"t":"marathon"},"geometry":{"type":"Point","coordinates":[-92.1,46.787]}},{"type":"Feature","properties":{"id":402,"t":"marathon"},"geometry":{"type":"Point","coordinates":[-93.265,44.978]}},{"type":"Feature","properties":{"id":403,"t":"marathon"},"geometry":{"type":"Point","coordinates":[-121.494,38.582]}},{"type":"Feature","properties":{"id":404,"t":"marathon"},"geometry":{"type":"Point","coordinates":[-122.678,45.515]}},{"type":"Feature","properties":{"id":405,"t":"marathon"},"geometry":{"type":"Point","coordinates":[-86.158,39.768]}},{"type":"Feature","properties":{"id":406,"t":"marathon"},"geometry":{"type":"Point","coordinates":[-77.436,37.541]}},{"type":"Feature","properties":{"id":407,"t":"marathon"},"geometry":{"type":"Point","coordinates":[-83.046,42.331]}},{"type":"Feature","properties":{"id":408,"t":"marathon"},"geometry":{"type":"Point","coordinates":[-76.612,39.29]}},{"type":"Feature","properties":{"id":409,"t":"marathon"},"geometry":{"type":"Point","coordinates":[-79.996,40.441]}},{"type":"Feature","properties":{"id":410,"t":"marathon"},"geometry":{"type":"Point","coordinates":[-97.743,30.267]}},{"type":"Feature","properties":{"id":411,"t":"marathon"},"geometry":{"type":"Point","coordinates":[-96.797,32.777]}},{"type":"Feature","properties":{"id":412,"t":"half"},"geometry":{"type":"Point","coordinates":[-115.173,36.115]}},{"type":"Feature","properties":{"id":413,"t":"marathon"},"geometry":{"type":"Point","coordinates":[-117.161,32.716]}},{"type":"Feature","properties":{"id":414,"t":"marathon"},"geometry":{"type":"Point","coordinates":[-86.781,36.163]}},{"type":"Feature","properties":{"id":415,"t":"half"},"geometry":{"type":"Point","coordinates":[-90.072,29.951]}},{"type":"Feature","properties":{"id":416,"t":"half"},"geometry":{"type":"Point","coordinates":[-73.969,40.661]}},{"type":"Feature","properties":{"id":417,"t":"half"},"geometry":{"type":"Point","coordinates":[-77.032,38.889]}},{"type":"Feature","properties":{"id":418,"t":"half"},"geometry":{"type":"Point","coordinates":[-75.144,39.997]}},{"type":"Feature","properties":{"id":419,"t":"kort"},"geometry":{"type":"Point","coordinates":[-105.271,40.015]}},{"type":"Feature","properties":{"id":420,"t":"kort"},"geometry":{"type":"Point","coordinates":[-70.615,41.552]}},{"type":"Feature","properties":{"id":421,"t":"kort"},"geometry":{"type":"Point","coordinates":[-117.426,47.658]}},{"type":"Feature","properties":{"id":422,"t":"marathon"},"geometry":{"type":"Point","coordinates":[-75.697,45.421]}},{"type":"Feature","properties":{"id":423,"t":"marathon"},"geometry":{"type":"Point","coordinates":[-73.567,45.502]}},{"type":"Feature","properties":{"id":424,"t":"marathon"},"geometry":{"type":"Point","coordinates":[-114.058,51.045]}},{"type":"Feature","properties":{"id":425,"t":"tri"},"geometry":{"type":"Point","coordinates":[-111.94,33.425]}},{"type":"Feature","properties":{"id":426,"t":"tri"},"geometry":{"type":"Point","coordinates":[-85.805,30.176]}},{"type":"Feature","properties":{"id":427,"t":"tri"},"geometry":{"type":"Point","coordinates":[-89.401,43.073]}},{"type":"Feature","properties":{"id":428,"t":"marathon"},"geometry":{"type":"Point","coordinates":[-2.293,53.464]}},{"type":"Feature","properties":{"id":429,"t":"marathon"},"geometry":{"type":"Point","coordinates":[-0.137,50.822]}},{"type":"Feature","properties":{"id":430,"t":"marathon"},"geometry":{"type":"Point","coordinates":[-5.93,54.597]}},{"type":"Feature","properties":{"id":431,"t":"half"},"geometry":{"type":"Point","coordinates":[-4.25,55.861]}},{"type":"Feature","properties":{"id":432,"t":"half"},"geometry":{"type":"Point","coordinates":[-0.165,51.503]}},{"type":"Feature","properties":{"id":433,"t":"half"},"geometry":{"type":"Point","coordinates":[-0.056,51.545]}},{"type":"Feature","properties":{"id":434,"t":"marathon"},"geometry":{"type":"Point","coordinates":[-4.13,53.119]}},{"type":"Feature","properties":{"id":435,"t":"marathon"},"geometry":{"type":"Point","coordinates":[-4.225,57.478]}},{"type":"Feature","properties":{"id":436,"t":"ultra"},"geometry":{"type":"Point","coordinates":[-4.076,53.068]}},{"type":"Feature","properties":{"id":437,"t":"marathon"},"geometry":{"type":"Point","coordinates":[6.773,51.228]}},{"type":"Feature","properties":{"id":438,"t":"marathon"},"geometry":{"type":"Point","coordinates":[9.741,52.376]}},{"type":"Feature","properties":{"id":439,"t":"marathon"},"geometry":{"type":"Point","coordinates":[13.738,51.051]}},{"type":"Feature","properties":{"id":440,"t":"ultra"},"geometry":{"type":"Point","coordinates":[10.32,50.976]}},{"type":"Feature","properties":{"id":441,"t":"ultra"},"geometry":{"type":"Point","coordinates":[11.095,47.492]}},{"type":"Feature","properties":{"id":442,"t":"marathon"},"geometry":{"type":"Point","coordinates":[13.055,47.81]}},{"type":"Feature","properties":{"id":443,"t":"marathon"},"geometry":{"type":"Point","coordinates":[14.286,48.306]}},{"type":"Feature","properties":{"id":444,"t":"marathon"},"geometry":{"type":"Point","coordinates":[7.749,46.021]}},{"type":"Feature","properties":{"id":445,"t":"ultra"},"geometry":{"type":"Point","coordinates":[7.745,46.017]}},{"type":"Feature","properties":{"id":446,"t":"marathon"},"geometry":{"type":"Point","coordinates":[8.309,47.05]}},{"type":"Feature","properties":{"id":447,"t":"half"},"geometry":{"type":"Point","coordinates":[5.4,43.263]}},{"type":"Feature","properties":{"id":448,"t":"marathon"},"geometry":{"type":"Point","coordinates":[4.836,45.764]}},{"type":"Feature","properties":{"id":449,"t":"marathon"},"geometry":{"type":"Point","coordinates":[7.262,43.7]}},{"type":"Feature","properties":{"id":450,"t":"ultra"},"geometry":{"type":"Point","coordinates":[4.387,45.44]}},{"type":"Feature","properties":{"id":451,"t":"ultra"},"geometry":{"type":"Point","coordinates":[2.294,48.858]}},{"type":"Feature","properties":{"id":452,"t":"ultra"},"geometry":{"type":"Point","coordinates":[3.078,44.098]}},{"type":"Feature","properties":{"id":453,"t":"ultra"},"geometry":{"type":"Point","coordinates":[6.972,45.792]}},{"type":"Feature","properties":{"id":454,"t":"ultra"},"geometry":{"type":"Point","coordinates":[7.147,46.028]}},{"type":"Feature","properties":{"id":455,"t":"marathon"},"geometry":{"type":"Point","coordinates":[4.353,50.847]}},{"type":"Feature","properties":{"id":456,"t":"marathon"},"geometry":{"type":"Point","coordinates":[4.402,51.22]}},{"type":"Feature","properties":{"id":457,"t":"half"},"geometry":{"type":"Point","coordinates":[4.9,52.377]}},{"type":"Feature","properties":{"id":458,"t":"kort"},"geometry":{"type":"Point","coordinates":[5.837,51.813]}},{"type":"Feature","properties":{"id":459,"t":"half"},"geometry":{"type":"Point","coordinates":[4.626,52.62]}},{"type":"Feature","properties":{"id":460,"t":"marathon"},"geometry":{"type":"Point","coordinates":[6.13,49.612]}},{"type":"Feature","properties":{"id":461,"t":"marathon"},"geometry":{"type":"Point","coordinates":[12.328,45.438]}},{"type":"Feature","properties":{"id":462,"t":"marathon"},"geometry":{"type":"Point","coordinates":[11.256,43.769]}},{"type":"Feature","properties":{"id":463,"t":"half"},"geometry":{"type":"Point","coordinates":[12.47,41.867]}},{"type":"Feature","properties":{"id":464,"t":"half"},"geometry":{"type":"Point","coordinates":[9.186,45.466]}},{"type":"Feature","properties":{"id":465,"t":"marathon"},"geometry":{"type":"Point","coordinates":[-1.981,43.318]}},{"type":"Feature","properties":{"id":466,"t":"half"},"geometry":{"type":"Point","coordinates":[-1.985,43.322]}},{"type":"Feature","properties":{"id":467,"t":"marathon"},"geometry":{"type":"Point","coordinates":[-4.421,36.721]}},{"type":"Feature","properties":{"id":468,"t":"marathon"},"geometry":{"type":"Point","coordinates":[2.65,39.57]}},{"type":"Feature","properties":{"id":469,"t":"kort"},"geometry":{"type":"Point","coordinates":[11.174,60.14]}},{"type":"Feature","properties":{"id":470,"t":"marathon"},"geometry":{"type":"Point","coordinates":[15.627,78.223]}},{"type":"Feature","properties":{"id":471,"t":"tri"},"geometry":{"type":"Point","coordinates":[14.156,57.782]}},{"type":"Feature","properties":{"id":472,"t":"tri"},"geometry":{"type":"Point","coordinates":[24.745,59.437]}},{"type":"Feature","properties":{"id":473,"t":"half"},"geometry":{"type":"Point","coordinates":[103.867,13.413]}},{"type":"Feature","properties":{"id":474,"t":"marathon"},"geometry":{"type":"Point","coordinates":[115.263,-8.537]}},{"type":"Feature","properties":{"id":475,"t":"marathon"},"geometry":{"type":"Point","coordinates":[106.7,10.776]}},{"type":"Feature","properties":{"id":476,"t":"marathon"},"geometry":{"type":"Point","coordinates":[77.584,34.164]}},{"type":"Feature","properties":{"id":477,"t":"ultra"},"geometry":{"type":"Point","coordinates":[98.512,18.539]}},{"type":"Feature","properties":{"id":478,"t":"kort"},"geometry":{"type":"Point","coordinates":[38.746,9.01]}},{"type":"Feature","properties":{"id":479,"t":"marathon"},"geometry":{"type":"Point","coordinates":[3.394,6.455]}},{"type":"Feature","properties":{"id":480,"t":"marathon"},"geometry":{"type":"Point","coordinates":[30.061,-1.953]}},{"type":"Feature","properties":{"id":481,"t":"ultra"},"geometry":{"type":"Point","coordinates":[18.461,-33.957]}},{"type":"Feature","properties":{"id":482,"t":"marathon"},"geometry":{"type":"Point","coordinates":[-46.633,-23.55]}},{"type":"Feature","properties":{"id":483,"t":"half"},"geometry":{"type":"Point","coordinates":[-74.072,4.711]}},{"type":"Feature","properties":{"id":484,"t":"marathon"},"geometry":{"type":"Point","coordinates":[-82.367,23.114]}},{"type":"Feature","properties":{"id":485,"t":"ultra"},"geometry":{"type":"Point","coordinates":[55.532,-21.115]}},{"type":"Feature","properties":{"id":486,"t":"tri"},"geometry":{"type":"Point","coordinates":[-9.421,38.697]}},{"type":"Feature","properties":{"id":487,"t":"tri"},"geometry":{"type":"Point","coordinates":[12.356,44.261]}},{"type":"Feature","properties":{"id":488,"t":"marathon"},"geometry":{"type":"Point","coordinates":[22.267,60.452]}},{"type":"Feature","properties":{"id":489,"t":"marathon"},"geometry":{"type":"Point","coordinates":[25.747,62.241]}},{"type":"Feature","properties":{"id":490,"t":"half"},"geometry":{"type":"Point","coordinates":[24.93,60.176]}},{"type":"Feature","properties":{"id":491,"t":"marathon"},"geometry":{"type":"Point","coordinates":[25.465,65.012]}},{"type":"Feature","properties":{"id":492,"t":"ultra"},"geometry":{"type":"Point","coordinates":[24.615,60.256]}},{"type":"Feature","properties":{"id":493,"t":"kort"},"geometry":{"type":"Point","coordinates":[-21.942,64.146]}},{"type":"Feature","properties":{"id":494,"t":"ultra"},"geometry":{"type":"Point","coordinates":[-21.188,64.001]}},{"type":"Feature","properties":{"id":495,"t":"marathon"},"geometry":{"type":"Point","coordinates":[-6.772,62.011]}},{"type":"Feature","properties":{"id":496,"t":"marathon"},"geometry":{"type":"Point","coordinates":[-51.738,64.175]}},{"type":"Feature","properties":{"id":497,"t":"half"},"geometry":{"type":"Point","coordinates":[73.9933,17.6859]}},{"type":"Feature","properties":{"id":498,"t":"half"},"geometry":{"type":"Point","coordinates":[49.1221,55.7887]}},{"type":"Feature","properties":{"id":499,"t":"marathon"},"geometry":{"type":"Point","coordinates":[23.3241,42.6975]}},{"type":"Feature","properties":{"id":500,"t":"half"},"geometry":{"type":"Point","coordinates":[-103.4465,20.4742]}},{"type":"Feature","properties":{"id":501,"t":"kort"},"geometry":{"type":"Point","coordinates":[100.5014,13.754]}},{"type":"Feature","properties":{"id":502,"t":"marathon"},"geometry":{"type":"Point","coordinates":[28.8594,47.009]}},{"type":"Feature","properties":{"id":503,"t":"marathon"},"geometry":{"type":"Point","coordinates":[-106.4608,31.7202]}},{"type":"Feature","properties":{"id":504,"t":"marathon"},"geometry":{"type":"Point","coordinates":[2.7333,39.55]}},{"type":"Feature","properties":{"id":505,"t":"half"},"geometry":{"type":"Point","coordinates":[12.6767,48.2253]}},{"type":"Feature","properties":{"id":506,"t":"marathon"},"geometry":{"type":"Point","coordinates":[-101.6737,21.1291]}},{"type":"Feature","properties":{"id":507,"t":"marathon"},"geometry":{"type":"Point","coordinates":[112.9709,28.1987]}},{"type":"Feature","properties":{"id":508,"t":"marathon"},"geometry":{"type":"Point","coordinates":[116.3972,39.9075]}},{"type":"Feature","properties":{"id":509,"t":"half"},"geometry":{"type":"Point","coordinates":[9.993,53.5507]}},{"type":"Feature","properties":{"id":510,"t":"kort"},"geometry":{"type":"Point","coordinates":[8.96,46.0101]}},{"type":"Feature","properties":{"id":511,"t":"marathon"},"geometry":{"type":"Point","coordinates":[131.8735,43.1056]}},{"type":"Feature","properties":{"id":512,"t":"marathon"},"geometry":{"type":"Point","coordinates":[77.5937,12.9719]}},{"type":"Feature","properties":{"id":513,"t":"marathon"},"geometry":{"type":"Point","coordinates":[115.6835,37.7391]}},{"type":"Feature","properties":{"id":514,"t":"marathon"},"geometry":{"type":"Point","coordinates":[110.3333,1.55]}},{"type":"Feature","properties":{"id":515,"t":"marathon"},"geometry":{"type":"Point","coordinates":[44.8341,41.6914]}},{"type":"Feature","properties":{"id":516,"t":"half"},"geometry":{"type":"Point","coordinates":[11.1211,46.0679]}},{"type":"Feature","properties":{"id":517,"t":"half"},"geometry":{"type":"Point","coordinates":[44.5126,40.1776]}},{"type":"Feature","properties":{"id":518,"t":"marathon"},"geometry":{"type":"Point","coordinates":[-74.006,40.7143]}},{"type":"Feature","properties":{"id":519,"t":"marathon"},"geometry":{"type":"Point","coordinates":[77.5937,12.9719]}},{"type":"Feature","properties":{"id":520,"t":"marathon"},"geometry":{"type":"Point","coordinates":[106.6296,10.823]}},{"type":"Feature","properties":{"id":521,"t":"marathon"},"geometry":{"type":"Point","coordinates":[10.1658,36.819]}},{"type":"Feature","properties":{"id":522,"t":"marathon"},"geometry":{"type":"Point","coordinates":[105.8412,21.0245]}},{"type":"Feature","properties":{"id":523,"t":"marathon"},"geometry":{"type":"Point","coordinates":[120.5857,23.8581]}},{"type":"Feature","properties":{"id":524,"t":"marathon"},"geometry":{"type":"Point","coordinates":[-9.4215,38.6968]}},{"type":"Feature","properties":{"id":525,"t":"marathon"},"geometry":{"type":"Point","coordinates":[132.7657,33.8392]}},{"type":"Feature","properties":{"id":526,"t":"half"},"geometry":{"type":"Point","coordinates":[120.2133,22.9908]}},{"type":"Feature","properties":{"id":527,"t":"half"},"geometry":{"type":"Point","coordinates":[37.6178,55.752]}},{"type":"Feature","properties":{"id":528,"t":"marathon"},"geometry":{"type":"Point","coordinates":[-89.6232,20.967]}},{"type":"Feature","properties":{"id":529,"t":"kort"},"geometry":{"type":"Point","coordinates":[-0.3797,39.4739]}},{"type":"Feature","properties":{"id":530,"t":"half"},"geometry":{"type":"Point","coordinates":[72.7176,24.5937]}},{"type":"Feature","properties":{"id":531,"t":"half"},"geometry":{"type":"Point","coordinates":[76.9115,43.2525]}},{"type":"Feature","properties":{"id":532,"t":"marathon"},"geometry":{"type":"Point","coordinates":[23.6,46.7667]}},{"type":"Feature","properties":{"id":533,"t":"marathon"},"geometry":{"type":"Point","coordinates":[24.9031,35.2052]}},{"type":"Feature","properties":{"id":534,"t":"marathon"},"geometry":{"type":"Point","coordinates":[54.397,24.4512]}},{"type":"Feature","properties":{"id":535,"t":"half"},"geometry":{"type":"Point","coordinates":[24.9354,60.1695]}},{"type":"Feature","properties":{"id":536,"t":"marathon"},"geometry":{"type":"Point","coordinates":[73.8157,15.3958]}},{"type":"Feature","properties":{"id":537,"t":"kort"},"geometry":{"type":"Point","coordinates":[2.159,41.3888]}},{"type":"Feature","properties":{"id":538,"t":"half"},"geometry":{"type":"Point","coordinates":[38.4763,7.0621]}},{"type":"Feature","properties":{"id":539,"t":"marathon"},"geometry":{"type":"Point","coordinates":[75.7878,26.9196]}},{"type":"Feature","properties":{"id":540,"t":"marathon"},"geometry":{"type":"Point","coordinates":[16.4392,43.5089]}},{"type":"Feature","properties":{"id":541,"t":"marathon"},"geometry":{"type":"Point","coordinates":[121.5264,25.0531]}},{"type":"Feature","properties":{"id":542,"t":"marathon"},"geometry":{"type":"Point","coordinates":[100.5014,13.754]}},{"type":"Feature","properties":{"id":543,"t":"marathon"},"geometry":{"type":"Point","coordinates":[110.2044,-7.6011]}},{"type":"Feature","properties":{"id":544,"t":"marathon"},"geometry":{"type":"Point","coordinates":[33.354,35.1728]}},{"type":"Feature","properties":{"id":545,"t":"marathon"},"geometry":{"type":"Point","coordinates":[-79.5197,8.9936]}},{"type":"Feature","properties":{"id":546,"t":"marathon"},"geometry":{"type":"Point","coordinates":[10.9938,45.4385]}},{"type":"Feature","properties":{"id":547,"t":"marathon"},"geometry":{"type":"Point","coordinates":[11.8859,45.408]}},{"type":"Feature","properties":{"id":548,"t":"marathon"},"geometry":{"type":"Point","coordinates":[28.222,36.4356]}},{"type":"Feature","properties":{"id":549,"t":"marathon"},"geometry":{"type":"Point","coordinates":[148.7147,-20.2675]}},{"type":"Feature","properties":{"id":550,"t":"marathon"},"geometry":{"type":"Point","coordinates":[100.5014,13.754]}},{"type":"Feature","properties":{"id":551,"t":"kort"},"geometry":{"type":"Point","coordinates":[100.5014,13.754]}},{"type":"Feature","properties":{"id":552,"t":"kort"},"geometry":{"type":"Point","coordinates":[88.363,22.5626]}},{"type":"Feature","properties":{"id":553,"t":"marathon"},"geometry":{"type":"Point","coordinates":[-7.1119,52.2583]}},{"type":"Feature","properties":{"id":554,"t":"marathon"},"geometry":{"type":"Point","coordinates":[77.2148,28.6214]}},{"type":"Feature","properties":{"id":555,"t":"marathon"},"geometry":{"type":"Point","coordinates":[-5.9889,37.3753]}},{"type":"Feature","properties":{"id":556,"t":"marathon"},"geometry":{"type":"Point","coordinates":[106.5577,29.5603]}},{"type":"Feature","properties":{"id":557,"t":"marathon"},"geometry":{"type":"Point","coordinates":[103.1039,14.9943]}},{"type":"Feature","properties":{"id":558,"t":"marathon"},"geometry":{"type":"Point","coordinates":[9.9512,49.7939]}},{"type":"Feature","properties":{"id":559,"t":"half"},"geometry":{"type":"Point","coordinates":[18.5319,54.5189]}},{"type":"Feature","properties":{"id":560,"t":"half"},"geometry":{"type":"Point","coordinates":[18.1091,42.6412]}},{"type":"Feature","properties":{"id":561,"t":"marathon"},"geometry":{"type":"Point","coordinates":[23.9091,54.9016]}},{"type":"Feature","properties":{"id":562,"t":"kort"},"geometry":{"type":"Point","coordinates":[-9.1498,38.7251]}},{"type":"Feature","properties":{"id":563,"t":"marathon"},"geometry":{"type":"Point","coordinates":[128.5911,35.8703]}},{"type":"Feature","properties":{"id":564,"t":"marathon"},"geometry":{"type":"Point","coordinates":[14.4106,35.9514]}},{"type":"Feature","properties":{"id":565,"t":"marathon"},"geometry":{"type":"Point","coordinates":[24.9354,60.1695]}},{"type":"Feature","properties":{"id":566,"t":"marathon"},"geometry":{"type":"Point","coordinates":[5.7333,58.9701]}},{"type":"Feature","properties":{"id":567,"t":"marathon"},"geometry":{"type":"Point","coordinates":[72.5873,23.0258]}},{"type":"Feature","properties":{"id":568,"t":"marathon"},"geometry":{"type":"Point","coordinates":[100.5014,13.754]}},{"type":"Feature","properties":{"id":569,"t":"half"},"geometry":{"type":"Point","coordinates":[75.7878,26.9196]}},{"type":"Feature","properties":{"id":570,"t":"marathon"},"geometry":{"type":"Point","coordinates":[-16.9255,32.6657]}},{"type":"Feature","properties":{"id":571,"t":"half"},"geometry":{"type":"Point","coordinates":[-95.3633,29.7633]}},{"type":"Feature","properties":{"id":572,"t":"marathon"},"geometry":{"type":"Point","coordinates":[33,35]}},{"type":"Feature","properties":{"id":573,"t":"half"},"geometry":{"type":"Point","coordinates":[35.4789,30.321]}},{"type":"Feature","properties":{"id":574,"t":"marathon"},"geometry":{"type":"Point","coordinates":[-0.7488,45.2002]}},{"type":"Feature","properties":{"id":575,"t":"half"},"geometry":{"type":"Point","coordinates":[-7.3093,54.9981]}},{"type":"Feature","properties":{"id":576,"t":"marathon"},"geometry":{"type":"Point","coordinates":[11.1817,49.7815]}},{"type":"Feature","properties":{"id":577,"t":"marathon"},"geometry":{"type":"Point","coordinates":[8.1967,53.0594]}},{"type":"Feature","properties":{"id":578,"t":"marathon"},"geometry":{"type":"Point","coordinates":[7.2165,51.4817]}},{"type":"Feature","properties":{"id":579,"t":"half"},"geometry":{"type":"Point","coordinates":[-3.0036,51.1284]}},{"type":"Feature","properties":{"id":580,"t":"ultra"},"geometry":{"type":"Point","coordinates":[-112.8186,49.7]}},{"type":"Feature","properties":{"id":581,"t":"ultra"},"geometry":{"type":"Point","coordinates":[-120.7833,49.0667]}},{"type":"Feature","properties":{"id":582,"t":"marathon"},"geometry":{"type":"Point","coordinates":[9.616,49.2952]}},{"type":"Feature","properties":{"id":583,"t":"marathon"},"geometry":{"type":"Point","coordinates":[7.6053,49.2015]}},{"type":"Feature","properties":{"id":584,"t":"marathon"},"geometry":{"type":"Point","coordinates":[10.3318,51.8549]}},{"type":"Feature","properties":{"id":585,"t":"marathon"},"geometry":{"type":"Point","coordinates":[-7.2522,52.6542]}},{"type":"Feature","properties":{"id":586,"t":"marathon"},"geometry":{"type":"Point","coordinates":[-0.1969,5.556]}},{"type":"Feature","properties":{"id":587,"t":"marathon"},"geometry":{"type":"Point","coordinates":[7.6257,51.9624]}},{"type":"Feature","properties":{"id":588,"t":"marathon"},"geometry":{"type":"Point","coordinates":[-2.762,47.6569]}},{"type":"Feature","properties":{"id":589,"t":"half"},"geometry":{"type":"Point","coordinates":[-8.6833,52.35]}},{"type":"Feature","properties":{"id":590,"t":"marathon"},"geometry":{"type":"Point","coordinates":[-0.8005,51.2144]}},{"type":"Feature","properties":{"id":591,"t":"marathon"},"geometry":{"type":"Point","coordinates":[170.5036,-45.8742]}},{"type":"Feature","properties":{"id":592,"t":"half"},"geometry":{"type":"Point","coordinates":[-115.3521,51.0834]}},{"type":"Feature","properties":{"id":593,"t":"marathon"},"geometry":{"type":"Point","coordinates":[-104.6178,50.4501]}},{"type":"Feature","properties":{"id":594,"t":"marathon"},"geometry":{"type":"Point","coordinates":[151.7801,-32.9295]}},{"type":"Feature","properties":{"id":595,"t":"marathon"},"geometry":{"type":"Point","coordinates":[4.6697,52.3241]}},{"type":"Feature","properties":{"id":596,"t":"half"},"geometry":{"type":"Point","coordinates":[-0.3338,51.2323]}},{"type":"Feature","properties":{"id":597,"t":"half"},"geometry":{"type":"Point","coordinates":[-2.1247,51.46]}},{"type":"Feature","properties":{"id":598,"t":"half"},"geometry":{"type":"Point","coordinates":[-112.7101,51.4617]}},{"type":"Feature","properties":{"id":599,"t":"marathon"},"geometry":{"type":"Point","coordinates":[8.3592,49.6328]}},{"type":"Feature","properties":{"id":600,"t":"half"},"geometry":{"type":"Point","coordinates":[18.3564,43.8486]}},{"type":"Feature","properties":{"id":601,"t":"half"},"geometry":{"type":"Point","coordinates":[-5.0544,50.2653]}},{"type":"Feature","properties":{"id":602,"t":"marathon"},"geometry":{"type":"Point","coordinates":[-0.8833,52.25]}},{"type":"Feature","properties":{"id":603,"t":"marathon"},"geometry":{"type":"Point","coordinates":[-1.1334,51.5232]}},{"type":"Feature","properties":{"id":604,"t":"marathon"},"geometry":{"type":"Point","coordinates":[14.1029,50.1473]}},{"type":"Feature","properties":{"id":605,"t":"marathon"},"geometry":{"type":"Point","coordinates":[12.5998,50.4943]}},{"type":"Feature","properties":{"id":606,"t":"marathon"},"geometry":{"type":"Point","coordinates":[8.7209,47.3471]}},{"type":"Feature","properties":{"id":607,"t":"marathon"},"geometry":{"type":"Point","coordinates":[13.2371,46.0693]}},{"type":"Feature","properties":{"id":608,"t":"marathon"},"geometry":{"type":"Point","coordinates":[-75.6981,45.4112]}},{"type":"Feature","properties":{"id":609,"t":"half"},"geometry":{"type":"Point","coordinates":[-6.2489,53.3331]}},{"type":"Feature","properties":{"id":610,"t":"marathon"},"geometry":{"type":"Point","coordinates":[2.8857,50.8511]}},{"type":"Feature","properties":{"id":611,"t":"marathon"},"geometry":{"type":"Point","coordinates":[17.6964,42.8386]}},{"type":"Feature","properties":{"id":612,"t":"half"},"geometry":{"type":"Point","coordinates":[4.4003,51.2205]}},{"type":"Feature","properties":{"id":613,"t":"marathon"},"geometry":{"type":"Point","coordinates":[1.1354,42.4435]}},{"type":"Feature","properties":{"id":614,"t":"marathon"},"geometry":{"type":"Point","coordinates":[140.7167,39.7]}},{"type":"Feature","properties":{"id":615,"t":"half"},"geometry":{"type":"Point","coordinates":[-3.5679,50.4357]}},{"type":"Feature","properties":{"id":616,"t":"marathon"},"geometry":{"type":"Point","coordinates":[12.6767,48.2253]}},{"type":"Feature","properties":{"id":617,"t":"marathon"},"geometry":{"type":"Point","coordinates":[4.3333,47.4833]}},{"type":"Feature","properties":{"id":618,"t":"half"},"geometry":{"type":"Point","coordinates":[12.4928,48.6424]}},{"type":"Feature","properties":{"id":619,"t":"marathon"},"geometry":{"type":"Point","coordinates":[8.6941,50.0483]}},{"type":"Feature","properties":{"id":620,"t":"marathon"},"geometry":{"type":"Point","coordinates":[-2.762,47.6569]}},{"type":"Feature","properties":{"id":621,"t":"marathon"},"geometry":{"type":"Point","coordinates":[23.7278,37.9838]}},{"type":"Feature","properties":{"id":622,"t":"marathon"},"geometry":{"type":"Point","coordinates":[4.2017,51.0159]}},{"type":"Feature","properties":{"id":623,"t":"marathon"},"geometry":{"type":"Point","coordinates":[6.0238,44.0816]}},{"type":"Feature","properties":{"id":624,"t":"half"},"geometry":{"type":"Point","coordinates":[-1.1505,52.9536]}},{"type":"Feature","properties":{"id":625,"t":"marathon"},"geometry":{"type":"Point","coordinates":[6.3669,49.545]}},{"type":"Feature","properties":{"id":626,"t":"marathon"},"geometry":{"type":"Point","coordinates":[13.4105,52.5244]}},{"type":"Feature","properties":{"id":627,"t":"half"},"geometry":{"type":"Point","coordinates":[-4.0581,51.0802]}},{"type":"Feature","properties":{"id":628,"t":"ultra"},"geometry":{"type":"Point","coordinates":[138.5986,-34.9287]}},{"type":"Feature","properties":{"id":629,"t":"marathon"},"geometry":{"type":"Point","coordinates":[3.1667,50.8]}},{"type":"Feature","properties":{"id":630,"t":"marathon"},"geometry":{"type":"Point","coordinates":[5.75,50.8875]}},{"type":"Feature","properties":{"id":631,"t":"half"},"geometry":{"type":"Point","coordinates":[-1.7812,51.558]}},{"type":"Feature","properties":{"id":632,"t":"marathon"},"geometry":{"type":"Point","coordinates":[9.993,53.5507]}},{"type":"Feature","properties":{"id":633,"t":"marathon"},"geometry":{"type":"Point","coordinates":[44.8341,41.6914]}},{"type":"Feature","properties":{"id":634,"t":"ultra"},"geometry":{"type":"Point","coordinates":[1.861,42.2529]}},{"type":"Feature","properties":{"id":635,"t":"marathon"},"geometry":{"type":"Point","coordinates":[3.2824,50.8514]}},{"type":"Feature","properties":{"id":636,"t":"marathon"},"geometry":{"type":"Point","coordinates":[-9.051,53.2724]}},{"type":"Feature","properties":{"id":637,"t":"marathon"},"geometry":{"type":"Point","coordinates":[26.7251,58.3806]}},{"type":"Feature","properties":{"id":638,"t":"ultra"},"geometry":{"type":"Point","coordinates":[-7.5796,40.2551]}},{"type":"Feature","properties":{"id":639,"t":"marathon"},"geometry":{"type":"Point","coordinates":[101.6865,3.1412]}},{"type":"Feature","properties":{"id":640,"t":"half"},"geometry":{"type":"Point","coordinates":[-3.18,51.48]}},{"type":"Feature","properties":{"id":641,"t":"half"},"geometry":{"type":"Point","coordinates":[-4.2576,55.8651]}},{"type":"Feature","properties":{"id":642,"t":"marathon"},"geometry":{"type":"Point","coordinates":[5.1222,52.0908]}},{"type":"Feature","properties":{"id":643,"t":"marathon"},"geometry":{"type":"Point","coordinates":[19.0217,50.2597]}},{"type":"Feature","properties":{"id":644,"t":"marathon"},"geometry":{"type":"Point","coordinates":[79.8487,6.9355]}},{"type":"Feature","properties":{"id":645,"t":"marathon"},"geometry":{"type":"Point","coordinates":[-79.8862,-2.1962]}},{"type":"Feature","properties":{"id":646,"t":"marathon"},"geometry":{"type":"Point","coordinates":[21.258,48.7144]}},{"type":"Feature","properties":{"id":647,"t":"marathon"},"geometry":{"type":"Point","coordinates":[6.95,50.9333]}},{"type":"Feature","properties":{"id":648,"t":"marathon"},"geometry":{"type":"Point","coordinates":[16.9299,52.4069]}},{"type":"Feature","properties":{"id":649,"t":"marathon"},"geometry":{"type":"Point","coordinates":[-2.5854,55.2345]}},{"type":"Feature","properties":{"id":650,"t":"half"},"geometry":{"type":"Point","coordinates":[-1.3187,51.0651]}},{"type":"Feature","properties":{"id":651,"t":"marathon"},"geometry":{"type":"Point","coordinates":[-79.6829,43.4501]}},{"type":"Feature","properties":{"id":652,"t":"marathon"},"geometry":{"type":"Point","coordinates":[-77.1464,44.0018]}},{"type":"Feature","properties":{"id":653,"t":"marathon"},"geometry":{"type":"Point","coordinates":[11.9795,51.4816]}},{"type":"Feature","properties":{"id":654,"t":"marathon"},"geometry":{"type":"Point","coordinates":[-64.7965,46.0945]}},{"type":"Feature","properties":{"id":655,"t":"marathon"},"geometry":{"type":"Point","coordinates":[11.6319,52.1313]}},{"type":"Feature","properties":{"id":656,"t":"half"},"geometry":{"type":"Point","coordinates":[-1.0871,51.2625]}},{"type":"Feature","properties":{"id":657,"t":"half"},"geometry":{"type":"Point","coordinates":[0.2736,51.1953]}},{"type":"Feature","properties":{"id":658,"t":"half"},"geometry":{"type":"Point","coordinates":[-0.78,50.8367]}},{"type":"Feature","properties":{"id":659,"t":"marathon"},"geometry":{"type":"Point","coordinates":[-0.6376,44.9106]}},{"type":"Feature","properties":{"id":660,"t":"half"},"geometry":{"type":"Point","coordinates":[9.1521,49.977]}},{"type":"Feature","properties":{"id":661,"t":"marathon"},"geometry":{"type":"Point","coordinates":[-1.6743,48.1111]}},{"type":"Feature","properties":{"id":662,"t":"marathon"},"geometry":{"type":"Point","coordinates":[10.7822,51.8365]}},{"type":"Feature","properties":{"id":663,"t":"marathon"},"geometry":{"type":"Point","coordinates":[1.632,52.2773]}},{"type":"Feature","properties":{"id":664,"t":"marathon"},"geometry":{"type":"Point","coordinates":[7.8935,46.6874]}},{"type":"Feature","properties":{"id":665,"t":"ultra"},"geometry":{"type":"Point","coordinates":[-2.5497,53.6013]}},{"type":"Feature","properties":{"id":666,"t":"marathon"},"geometry":{"type":"Point","coordinates":[11.5755,48.1374]}},{"type":"Feature","properties":{"id":667,"t":"marathon"},"geometry":{"type":"Point","coordinates":[19.0404,47.4984]}},{"type":"Feature","properties":{"id":668,"t":"marathon"},"geometry":{"type":"Point","coordinates":[5.4778,51.4408]}},{"type":"Feature","properties":{"id":669,"t":"marathon"},"geometry":{"type":"Point","coordinates":[15.442,47.0673]}},{"type":"Feature","properties":{"id":670,"t":"marathon"},"geometry":{"type":"Point","coordinates":[8.7995,46.1709]}},{"type":"Feature","properties":{"id":671,"t":"marathon"},"geometry":{"type":"Point","coordinates":[-0.2478,52.5736]}},{"type":"Feature","properties":{"id":672,"t":"marathon"},"geometry":{"type":"Point","coordinates":[-123.3516,48.4359]}},{"type":"Feature","properties":{"id":673,"t":"marathon"},"geometry":{"type":"Point","coordinates":[-2.8919,53.1905]}},{"type":"Feature","properties":{"id":674,"t":"marathon"},"geometry":{"type":"Point","coordinates":[-73.5878,45.5088]}},{"type":"Feature","properties":{"id":675,"t":"marathon"},"geometry":{"type":"Point","coordinates":[-1.8795,50.7205]}},{"type":"Feature","properties":{"id":676,"t":"half"},"geometry":{"type":"Point","coordinates":[-1.1317,52.6386]}},{"type":"Feature","properties":{"id":677,"t":"marathon"},"geometry":{"type":"Point","coordinates":[-64.3655,45.0834]}},{"type":"Feature","properties":{"id":678,"t":"marathon"},"geometry":{"type":"Point","coordinates":[5.7148,45.1787]}},{"type":"Feature","properties":{"id":679,"t":"marathon"},"geometry":{"type":"Point","coordinates":[-1.1334,51.5232]}},{"type":"Feature","properties":{"id":680,"t":"ultra"},"geometry":{"type":"Point","coordinates":[34.912,38.6296]}},{"type":"Feature","properties":{"id":681,"t":"half"},"geometry":{"type":"Point","coordinates":[22.9349,40.6407]}},{"type":"Feature","properties":{"id":682,"t":"marathon"},"geometry":{"type":"Point","coordinates":[8.2851,51.1547]}},{"type":"Feature","properties":{"id":683,"t":"marathon"},"geometry":{"type":"Point","coordinates":[13.4105,52.5244]}},{"type":"Feature","properties":{"id":684,"t":"marathon"},"geometry":{"type":"Point","coordinates":[6.2336,43.1384]}},{"type":"Feature","properties":{"id":685,"t":"marathon"},"geometry":{"type":"Point","coordinates":[-79.3986,43.7064]}},{"type":"Feature","properties":{"id":686,"t":"marathon"},"geometry":{"type":"Point","coordinates":[-1.0827,53.9576]}},{"type":"Feature","properties":{"id":687,"t":"marathon"},"geometry":{"type":"Point","coordinates":[2.6502,39.5694]}},{"type":"Feature","properties":{"id":688,"t":"marathon"},"geometry":{"type":"Point","coordinates":[-1.2828,51.6711]}},{"type":"Feature","properties":{"id":689,"t":"half"},"geometry":{"type":"Point","coordinates":[-4.7744,50.3425]}},{"type":"Feature","properties":{"id":690,"t":"half"},"geometry":{"type":"Point","coordinates":[138.5433,-35.2189]}},{"type":"Feature","properties":{"id":691,"t":"half"},"geometry":{"type":"Point","coordinates":[-125.9074,49.1531]}},{"type":"Feature","properties":{"id":692,"t":"marathon"},"geometry":{"type":"Point","coordinates":[10.6873,53.8689]}},{"type":"Feature","properties":{"id":693,"t":"half"},"geometry":{"type":"Point","coordinates":[0.5167,51.2667]}},{"type":"Feature","properties":{"id":694,"t":"half"},"geometry":{"type":"Point","coordinates":[13.4105,52.5244]}},{"type":"Feature","properties":{"id":695,"t":"ultra"},"geometry":{"type":"Point","coordinates":[6.0018,46.9773]}},{"type":"Feature","properties":{"id":696,"t":"marathon"},"geometry":{"type":"Point","coordinates":[-4.0798,53.1055]}},{"type":"Feature","properties":{"id":697,"t":"marathon"},"geometry":{"type":"Point","coordinates":[0.2845,50.7687]}},{"type":"Feature","properties":{"id":698,"t":"marathon"},"geometry":{"type":"Point","coordinates":[-0.489,54.3981]}},{"type":"Feature","properties":{"id":699,"t":"ultra"},"geometry":{"type":"Point","coordinates":[-81.7134,43.7417]}},{"type":"Feature","properties":{"id":700,"t":"marathon"},"geometry":{"type":"Point","coordinates":[-64.4819,48.8334]}},{"type":"Feature","properties":{"id":701,"t":"marathon"},"geometry":{"type":"Point","coordinates":[6.6328,46.516]}},{"type":"Feature","properties":{"id":702,"t":"marathon"},"geometry":{"type":"Point","coordinates":[-0.1969,5.556]}},{"type":"Feature","properties":{"id":703,"t":"marathon"},"geometry":{"type":"Point","coordinates":[8.6842,50.1155]}},{"type":"Feature","properties":{"id":704,"t":"marathon"},"geometry":{"type":"Point","coordinates":[12.3326,45.4371]}},{"type":"Feature","properties":{"id":705,"t":"marathon"},"geometry":{"type":"Point","coordinates":[4.6373,51.5706]}},{"type":"Feature","properties":{"id":706,"t":"marathon"},"geometry":{"type":"Point","coordinates":[36.8167,-1.2833]}},{"type":"Feature","properties":{"id":707,"t":"marathon"},"geometry":{"type":"Point","coordinates":[-6.2489,53.3331]}},{"type":"Feature","properties":{"id":708,"t":"marathon"},"geometry":{"type":"Point","coordinates":[8.3064,47.0505]}},{"type":"Feature","properties":{"id":709,"t":"marathon"},"geometry":{"type":"Point","coordinates":[8.2148,53.1404]}},{"type":"Feature","properties":{"id":710,"t":"marathon"},"geometry":{"type":"Point","coordinates":[10.5267,52.2659]}},{"type":"Feature","properties":{"id":711,"t":"marathon"},"geometry":{"type":"Point","coordinates":[136.6167,36.6]}},{"type":"Feature","properties":{"id":712,"t":"marathon"},"geometry":{"type":"Point","coordinates":[139.65,35.4333]}},{"type":"Feature","properties":{"id":713,"t":"marathon"},"geometry":{"type":"Point","coordinates":[7.1925,51.1798]}},{"type":"Feature","properties":{"id":714,"t":"marathon"},"geometry":{"type":"Point","coordinates":[17.2063,44.7788]}},{"type":"Feature","properties":{"id":715,"t":"half"},"geometry":{"type":"Point","coordinates":[-2.2,51.75]}},{"type":"Feature","properties":{"id":716,"t":"half"},"geometry":{"type":"Point","coordinates":[-1.124,53.3018]}},{"type":"Feature","properties":{"id":717,"t":"half"},"geometry":{"type":"Point","coordinates":[-1.2642,52.3709]}},{"type":"Feature","properties":{"id":718,"t":"marathon"},"geometry":{"type":"Point","coordinates":[11.0775,49.4542]}},{"type":"Feature","properties":{"id":719,"t":"marathon"},"geometry":{"type":"Point","coordinates":[14.7933,40.6754]}},{"type":"Feature","properties":{"id":720,"t":"marathon"},"geometry":{"type":"Point","coordinates":[5.3811,43.297]}},{"type":"Feature","properties":{"id":721,"t":"marathon"},"geometry":{"type":"Point","coordinates":[5.3649,53.4081]}},{"type":"Feature","properties":{"id":722,"t":"marathon"},"geometry":{"type":"Point","coordinates":[28.9497,41.0138]}},{"type":"Feature","properties":{"id":723,"t":"marathon"},"geometry":{"type":"Point","coordinates":[120.1614,30.2936]}},{"type":"Feature","properties":{"id":724,"t":"marathon"},"geometry":{"type":"Point","coordinates":[174.7635,-36.8485]}},{"type":"Feature","properties":{"id":725,"t":"marathon"},"geometry":{"type":"Point","coordinates":[1.4437,43.6043]}},{"type":"Feature","properties":{"id":726,"t":"marathon"},"geometry":{"type":"Point","coordinates":[-79.8496,43.2501]}},{"type":"Feature","properties":{"id":727,"t":"half"},"geometry":{"type":"Point","coordinates":[-0.7742,51.5693]}},{"type":"Feature","properties":{"id":728,"t":"marathon"},"geometry":{"type":"Point","coordinates":[-71.6463,-40.7617]}},{"type":"Feature","properties":{"id":729,"t":"marathon"},"geometry":{"type":"Point","coordinates":[-4.1,51.5725]}},{"type":"Feature","properties":{"id":730,"t":"marathon"},"geometry":{"type":"Point","coordinates":[-0.7195,54.4]}},{"type":"Feature","properties":{"id":731,"t":"marathon"},"geometry":{"type":"Point","coordinates":[23.7278,37.9838]}},{"type":"Feature","properties":{"id":732,"t":"half"},"geometry":{"type":"Point","coordinates":[10.8412,45.8858]}},{"type":"Feature","properties":{"id":733,"t":"marathon"},"geometry":{"type":"Point","coordinates":[6.3812,50.5836]}},{"type":"Feature","properties":{"id":734,"t":"marathon"},"geometry":{"type":"Point","coordinates":[130.4167,33.6]}},{"type":"Feature","properties":{"id":735,"t":"marathon"},"geometry":{"type":"Point","coordinates":[8.5572,45.7589]}},{"type":"Feature","properties":{"id":736,"t":"marathon"},"geometry":{"type":"Point","coordinates":[16.3721,48.2085]}},{"type":"Feature","properties":{"id":737,"t":"marathon"},"geometry":{"type":"Point","coordinates":[115.7456,-32.0563]}},{"type":"Feature","properties":{"id":738,"t":"half"},"geometry":{"type":"Point","coordinates":[139.6472,35.6419]}},{"type":"Feature","properties":{"id":739,"t":"half"},"geometry":{"type":"Point","coordinates":[139.8671,36.07]}},{"type":"Feature","properties":{"id":740,"t":"marathon"},"geometry":{"type":"Point","coordinates":[-0.8146,51.8167]}},{"type":"Feature","properties":{"id":741,"t":"marathon"},"geometry":{"type":"Point","coordinates":[10.5947,50.0099]}},{"type":"Feature","properties":{"id":742,"t":"half"},"geometry":{"type":"Point","coordinates":[10.8613,45.4382]}},{"type":"Feature","properties":{"id":743,"t":"half"},"geometry":{"type":"Point","coordinates":[13.3636,38.1166]}},{"type":"Feature","properties":{"id":744,"t":"half"},"geometry":{"type":"Point","coordinates":[2.2413,48.8355]}},{"type":"Feature","properties":{"id":745,"t":"marathon"},"geometry":{"type":"Point","coordinates":[-79.5197,8.9936]}},{"type":"Feature","properties":{"id":746,"t":"marathon"},"geometry":{"type":"Point","coordinates":[8.8989,47.5578]}},{"type":"Feature","properties":{"id":747,"t":"marathon"},"geometry":{"type":"Point","coordinates":[4.9665,51.2412]}},{"type":"Feature","properties":{"id":748,"t":"half"},"geometry":{"type":"Point","coordinates":[-3.8304,53.2808]}},{"type":"Feature","properties":{"id":749,"t":"half"},"geometry":{"type":"Point","coordinates":[-1.129,50.7951]}},{"type":"Feature","properties":{"id":750,"t":"marathon"},"geometry":{"type":"Point","coordinates":[140.3167,35.7833]}},{"type":"Feature","properties":{"id":751,"t":"ultra"},"geometry":{"type":"Point","coordinates":[85.3206,27.7017]}},{"type":"Feature","properties":{"id":752,"t":"ultra"},"geometry":{"type":"Point","coordinates":[175.8333,-37.3833]}},{"type":"Feature","properties":{"id":753,"t":"marathon"},"geometry":{"type":"Point","coordinates":[-0.0246,53.5304]}},{"type":"Feature","properties":{"id":754,"t":"half"},"geometry":{"type":"Point","coordinates":[173.7833,-35.3167]}},{"type":"Feature","properties":{"id":755,"t":"marathon"},"geometry":{"type":"Point","coordinates":[7.0123,51.4566]}},{"type":"Feature","properties":{"id":756,"t":"marathon"},"geometry":{"type":"Point","coordinates":[87.1929,27.1759]}},{"type":"Feature","properties":{"id":757,"t":"marathon"},"geometry":{"type":"Point","coordinates":[101.258,12.6809]}},{"type":"Feature","properties":{"id":758,"t":"marathon"},"geometry":{"type":"Point","coordinates":[140.1167,36.0833]}},{"type":"Feature","properties":{"id":759,"t":"half"},"geometry":{"type":"Point","coordinates":[-1.2641,53.2745]}},{"type":"Feature","properties":{"id":760,"t":"half"},"geometry":{"type":"Point","coordinates":[34.3299,27.9158]}},{"type":"Feature","properties":{"id":761,"t":"marathon"},"geometry":{"type":"Point","coordinates":[-4.7728,37.8916]}},{"type":"Feature","properties":{"id":762,"t":"marathon"},"geometry":{"type":"Point","coordinates":[11.2344,43.8008]}},{"type":"Feature","properties":{"id":763,"t":"marathon"},"geometry":{"type":"Point","coordinates":[7.1439,51.5964]}},{"type":"Feature","properties":{"id":764,"t":"marathon"},"geometry":{"type":"Point","coordinates":[4.3292,51.845]}},{"type":"Feature","properties":{"id":765,"t":"half"},"geometry":{"type":"Point","coordinates":[12.2366,41.7709]}},{"type":"Feature","properties":{"id":766,"t":"half"},"geometry":{"type":"Point","coordinates":[0.0714,43.2341]}},{"type":"Feature","properties":{"id":767,"t":"half"},"geometry":{"type":"Point","coordinates":[35.0078,29.5267]}},{"type":"Feature","properties":{"id":768,"t":"marathon"},"geometry":{"type":"Point","coordinates":[-1.9566,50.6083]}},{"type":"Feature","properties":{"id":769,"t":"marathon"},"geometry":{"type":"Point","coordinates":[77.7473,12.9716]}},{"type":"Feature","properties":{"id":770,"t":"marathon"},"geometry":{"type":"Point","coordinates":[25.0361,58.6481]}},{"type":"Feature","properties":{"id":771,"t":"marathon"},"geometry":{"type":"Point","coordinates":[12.0452,45.8666]}},{"type":"Feature","properties":{"id":772,"t":"marathon"},"geometry":{"type":"Point","coordinates":[73.8554,18.5196]}},{"type":"Feature","properties":{"id":773,"t":"marathon"},"geometry":{"type":"Point","coordinates":[103.8501,1.2897]}},{"type":"Feature","properties":{"id":774,"t":"half"},"geometry":{"type":"Point","coordinates":[-76.7936,17.997]}},{"type":"Feature","properties":{"id":775,"t":"marathon"},"geometry":{"type":"Point","coordinates":[-84.0849,9.9339]}},{"type":"Feature","properties":{"id":776,"t":"marathon"},"geometry":{"type":"Point","coordinates":[127.6785,26.213]}},{"type":"Feature","properties":{"id":777,"t":"marathon"},"geometry":{"type":"Point","coordinates":[9.0522,48.5227]}},{"type":"Feature","properties":{"id":778,"t":"marathon"},"geometry":{"type":"Point","coordinates":[6.3181,52.8542]}},{"type":"Feature","properties":{"id":779,"t":"marathon"},"geometry":{"type":"Point","coordinates":[-100.3172,25.6843]}},{"type":"Feature","properties":{"id":780,"t":"marathon"},"geometry":{"type":"Point","coordinates":[135.8049,34.685]}},{"type":"Feature","properties":{"id":781,"t":"marathon"},"geometry":{"type":"Point","coordinates":[138.6883,35.4893]}},{"type":"Feature","properties":{"id":782,"t":"marathon"},"geometry":{"type":"Point","coordinates":[11.652,45.3861]}},{"type":"Feature","properties":{"id":783,"t":"marathon"},"geometry":{"type":"Point","coordinates":[10.4036,43.7085]}},{"type":"Feature","properties":{"id":784,"t":"marathon"},"geometry":{"type":"Point","coordinates":[98.9847,18.7904]}},{"type":"Feature","properties":{"id":785,"t":"marathon"},"geometry":{"type":"Point","coordinates":[80.2785,13.0878]}},{"type":"Feature","properties":{"id":786,"t":"ultra"},"geometry":{"type":"Point","coordinates":[-46.7981,-21.9692]}},{"type":"Feature","properties":{"id":787,"t":"marathon"},"geometry":{"type":"Point","coordinates":[123.8907,10.3167]}},{"type":"Feature","properties":{"id":788,"t":"marathon"},"geometry":{"type":"Point","coordinates":[102.833,16.4467]}},{"type":"Feature","properties":{"id":789,"t":"half"},"geometry":{"type":"Point","coordinates":[4.6556,52.5958]}},{"type":"Feature","properties":{"id":790,"t":"marathon"},"geometry":{"type":"Point","coordinates":[-1.8167,53.3667]}},{"type":"Feature","properties":{"id":791,"t":"half"},"geometry":{"type":"Point","coordinates":[-2.7045,53.7628]}},{"type":"Feature","properties":{"id":792,"t":"marathon"},"geometry":{"type":"Point","coordinates":[51.531,25.2855]}},{"type":"Feature","properties":{"id":793,"t":"marathon"},"geometry":{"type":"Point","coordinates":[12.3713,51.3396]}},{"type":"Feature","properties":{"id":794,"t":"ultra"},"geometry":{"type":"Point","coordinates":[144.9646,-38.3338]}},{"type":"Feature","properties":{"id":795,"t":"marathon"},"geometry":{"type":"Point","coordinates":[-0.5658,38.1917]}},{"type":"Feature","properties":{"id":796,"t":"marathon"},"geometry":{"type":"Point","coordinates":[-3.658,50.2531]}},{"type":"Feature","properties":{"id":797,"t":"marathon"},"geometry":{"type":"Point","coordinates":[103.1039,14.9943]}},{"type":"Feature","properties":{"id":798,"t":"marathon"},"geometry":{"type":"Point","coordinates":[2.2877,41.608]}},{"type":"Feature","properties":{"id":799,"t":"marathon"},"geometry":{"type":"Point","coordinates":[12.3703,42.2511]}},{"type":"Feature","properties":{"id":800,"t":"marathon"},"geometry":{"type":"Point","coordinates":[-7.9999,31.6342]}},{"type":"Feature","properties":{"id":801,"t":"marathon"},"geometry":{"type":"Point","coordinates":[13.312,48.351]}},{"type":"Feature","properties":{"id":802,"t":"marathon"},"geometry":{"type":"Point","coordinates":[6.8063,50.9997]}},{"type":"Feature","properties":{"id":803,"t":"marathon"},"geometry":{"type":"Point","coordinates":[140.5348,36.3966]}},{"type":"Feature","properties":{"id":804,"t":"half"},"geometry":{"type":"Point","coordinates":[-1.5833,52.2833]}},{"type":"Feature","properties":{"id":805,"t":"marathon"},"geometry":{"type":"Point","coordinates":[-0.7558,52.0417]}},{"type":"Feature","properties":{"id":806,"t":"half"},"geometry":{"type":"Point","coordinates":[133.7833,34.2833]}},{"type":"Feature","properties":{"id":807,"t":"marathon"},"geometry":{"type":"Point","coordinates":[5.9694,52.21]}},{"type":"Feature","properties":{"id":808,"t":"marathon"},"geometry":{"type":"Point","coordinates":[131.4975,33.2794]}},{"type":"Feature","properties":{"id":809,"t":"ultra"},"geometry":{"type":"Point","coordinates":[-0.9737,54.5824]}},{"type":"Feature","properties":{"id":810,"t":"half"},"geometry":{"type":"Point","coordinates":[-0.396,51.6553]}},{"type":"Feature","properties":{"id":811,"t":"marathon"},"geometry":{"type":"Point","coordinates":[115.3455,-33.6525]}},{"type":"Feature","properties":{"id":812,"t":"half"},"geometry":{"type":"Point","coordinates":[10.9938,45.4385]}},{"type":"Feature","properties":{"id":813,"t":"marathon"},"geometry":{"type":"Point","coordinates":[7.1439,51.5964]}},{"type":"Feature","properties":{"id":814,"t":"half"},"geometry":{"type":"Point","coordinates":[-63.5769,44.6427]}},{"type":"Feature","properties":{"id":815,"t":"ultra"},"geometry":{"type":"Point","coordinates":[-1.717,55.6065]}},{"type":"Feature","properties":{"id":816,"t":"marathon"},"geometry":{"type":"Point","coordinates":[12.6433,42.5633]}},{"type":"Feature","properties":{"id":817,"t":"half"},"geometry":{"type":"Point","coordinates":[-103.3475,20.6774]}},{"type":"Feature","properties":{"id":818,"t":"half"},"geometry":{"type":"Point","coordinates":[14.5195,40.8762]}},{"type":"Feature","properties":{"id":819,"t":"half"},"geometry":{"type":"Point","coordinates":[-0.8357,51.4112]}},{"type":"Feature","properties":{"id":820,"t":"marathon"},"geometry":{"type":"Point","coordinates":[34.7806,32.0809]}},{"type":"Feature","properties":{"id":821,"t":"half"},"geometry":{"type":"Point","coordinates":[-79.8371,43.3862]}},{"type":"Feature","properties":{"id":822,"t":"marathon"},"geometry":{"type":"Point","coordinates":[77.0624,10.0882]}},{"type":"Feature","properties":{"id":823,"t":"marathon"},"geometry":{"type":"Point","coordinates":[11.6206,44.838]}},{"type":"Feature","properties":{"id":824,"t":"half"},"geometry":{"type":"Point","coordinates":[-3.1029,51.0149]}},{"type":"Feature","properties":{"id":825,"t":"marathon"},"geometry":{"type":"Point","coordinates":[7.8209,51.6803]}},{"type":"Feature","properties":{"id":826,"t":"marathon"},"geometry":{"type":"Point","coordinates":[0.2845,50.7687]}},{"type":"Feature","properties":{"id":827,"t":"marathon"},"geometry":{"type":"Point","coordinates":[4.0848,43.5608]}},{"type":"Feature","properties":{"id":828,"t":"half"},"geometry":{"type":"Point","coordinates":[-4.3333,53.2833]}},{"type":"Feature","properties":{"id":829,"t":"half"},"geometry":{"type":"Point","coordinates":[8.5383,45.8816]}},{"type":"Feature","properties":{"id":830,"t":"half"},"geometry":{"type":"Point","coordinates":[-4.2083,51.0168]}},{"type":"Feature","properties":{"id":831,"t":"ultra"},"geometry":{"type":"Point","coordinates":[104.9167,20.75]}},{"type":"Feature","properties":{"id":832,"t":"marathon"},"geometry":{"type":"Point","coordinates":[150.3074,-33.7198]}},{"type":"Feature","properties":{"id":833,"t":"marathon"},"geometry":{"type":"Point","coordinates":[134.5667,34.0667]}},{"type":"Feature","properties":{"id":834,"t":"half"},"geometry":{"type":"Point","coordinates":[-2.3617,51.3751]}},{"type":"Feature","properties":{"id":835,"t":"marathon"},"geometry":{"type":"Point","coordinates":[10.2147,45.5356]}},{"type":"Feature","properties":{"id":836,"t":"marathon"},"geometry":{"type":"Point","coordinates":[4.2986,52.0767]}},{"type":"Feature","properties":{"id":837,"t":"marathon"},"geometry":{"type":"Point","coordinates":[146.3206,-36.3585]}},{"type":"Feature","properties":{"id":838,"t":"marathon"},"geometry":{"type":"Point","coordinates":[8.1972,49.0828]}},{"type":"Feature","properties":{"id":839,"t":"half"},"geometry":{"type":"Point","coordinates":[-2.4599,50.6145]}},{"type":"Feature","properties":{"id":840,"t":"half"},"geometry":{"type":"Point","coordinates":[0.1167,52.2]}},{"type":"Feature","properties":{"id":841,"t":"half"},"geometry":{"type":"Point","coordinates":[0.9042,51.8892]}},{"type":"Feature","properties":{"id":842,"t":"marathon"},"geometry":{"type":"Point","coordinates":[35.2163,31.769]}},{"type":"Feature","properties":{"id":843,"t":"marathon"},"geometry":{"type":"Point","coordinates":[146.9598,-36.73]}},{"type":"Feature","properties":{"id":844,"t":"half"},"geometry":{"type":"Point","coordinates":[-3.9432,51.6208]}},{"type":"Feature","properties":{"id":845,"t":"marathon"},"geometry":{"type":"Point","coordinates":[108.2208,16.0678]}},{"type":"Feature","properties":{"id":846,"t":"marathon"},"geometry":{"type":"Point","coordinates":[12.5984,42.7824]}},{"type":"Feature","properties":{"id":847,"t":"half"},"geometry":{"type":"Point","coordinates":[0.5801,50.8557]}},{"type":"Feature","properties":{"id":848,"t":"half"},"geometry":{"type":"Point","coordinates":[-0.9711,51.4562]}},{"type":"Feature","properties":{"id":849,"t":"half"},"geometry":{"type":"Point","coordinates":[-0.5589,51.319]}},{"type":"Feature","properties":{"id":850,"t":"half"},"geometry":{"type":"Point","coordinates":[21.7684,39.5549]}},{"type":"Feature","properties":{"id":851,"t":"marathon"},"geometry":{"type":"Point","coordinates":[3.4258,46.1271]}},{"type":"Feature","properties":{"id":852,"t":"half"},"geometry":{"type":"Point","coordinates":[103.5296,10.6093]}},{"type":"Feature","properties":{"id":853,"t":"marathon"},"geometry":{"type":"Point","coordinates":[10.9273,48.0036]}},{"type":"Feature","properties":{"id":854,"t":"marathon"},"geometry":{"type":"Point","coordinates":[-3.7026,40.4165]}},{"type":"Feature","properties":{"id":855,"t":"marathon"},"geometry":{"type":"Point","coordinates":[-46.6361,-23.5475]}},{"type":"Feature","properties":{"id":856,"t":"marathon"},"geometry":{"type":"Point","coordinates":[22.9349,40.6407]}},{"type":"Feature","properties":{"id":857,"t":"marathon"},"geometry":{"type":"Point","coordinates":[33.0379,34.6841]}},{"type":"Feature","properties":{"id":858,"t":"marathon"},"geometry":{"type":"Point","coordinates":[1.4595,47.5008]}},{"type":"Feature","properties":{"id":859,"t":"marathon"},"geometry":{"type":"Point","coordinates":[5.3875,52.155]}},{"type":"Feature","properties":{"id":860,"t":"marathon"},"geometry":{"type":"Point","coordinates":[7.8522,47.9959]}},{"type":"Feature","properties":{"id":861,"t":"marathon"},"geometry":{"type":"Point","coordinates":[9.8554,51.341]}},{"type":"Feature","properties":{"id":862,"t":"marathon"},"geometry":{"type":"Point","coordinates":[11.0998,51.3561]}},{"type":"Feature","properties":{"id":863,"t":"marathon"},"geometry":{"type":"Point","coordinates":[10.0678,50.1404]}},{"type":"Feature","properties":{"id":864,"t":"marathon"},"geometry":{"type":"Point","coordinates":[17.1067,48.1482]}},{"type":"Feature","properties":{"id":865,"t":"marathon"},"geometry":{"type":"Point","coordinates":[8.55,47.3667]}},{"type":"Feature","properties":{"id":866,"t":"marathon"},"geometry":{"type":"Point","coordinates":[14.2861,48.3064]}},{"type":"Feature","properties":{"id":867,"t":"marathon"},"geometry":{"type":"Point","coordinates":[6.8958,52.2183]}},{"type":"Feature","properties":{"id":868,"t":"marathon"},"geometry":{"type":"Point","coordinates":[4.4792,51.9225]}},{"type":"Feature","properties":{"id":869,"t":"marathon"},"geometry":{"type":"Point","coordinates":[3.8278,51.3358]}},{"type":"Feature","properties":{"id":870,"t":"half"},"geometry":{"type":"Point","coordinates":[19.0404,47.4984]}},{"type":"Feature","properties":{"id":871,"t":"marathon"},"geometry":{"type":"Point","coordinates":[11.0013,50.102]}},{"type":"Feature","properties":{"id":872,"t":"marathon"},"geometry":{"type":"Point","coordinates":[138.1833,36.65]}},{"type":"Feature","properties":{"id":873,"t":"marathon"},"geometry":{"type":"Point","coordinates":[172.6333,-43.5333]}},{"type":"Feature","properties":{"id":874,"t":"half"},"geometry":{"type":"Point","coordinates":[28.222,36.4356]}},{"type":"Feature","properties":{"id":875,"t":"marathon"},"geometry":{"type":"Point","coordinates":[12.3713,51.3396]}},{"type":"Feature","properties":{"id":876,"t":"marathon"},"geometry":{"type":"Point","coordinates":[12.2667,49.05]}},{"type":"Feature","properties":{"id":877,"t":"marathon"},"geometry":{"type":"Point","coordinates":[-3.05,53.8167]}},{"type":"Feature","properties":{"id":878,"t":"marathon"},"geometry":{"type":"Point","coordinates":[-1.5534,47.2172]}},{"type":"Feature","properties":{"id":879,"t":"marathon"},"geometry":{"type":"Point","coordinates":[-5.1053,51.775]}},{"type":"Feature","properties":{"id":880,"t":"half"},"geometry":{"type":"Point","coordinates":[18.5319,54.5189]}},{"type":"Feature","properties":{"id":881,"t":"marathon"},"geometry":{"type":"Point","coordinates":[12.1005,53.3675]}},{"type":"Feature","properties":{"id":882,"t":"marathon"},"geometry":{"type":"Point","coordinates":[9.993,53.5507]}},{"type":"Feature","properties":{"id":883,"t":"half"},"geometry":{"type":"Point","coordinates":[136.7604,35.4229]}},{"type":"Feature","properties":{"id":884,"t":"marathon"},"geometry":{"type":"Point","coordinates":[-79.6583,43.5789]}},{"type":"Feature","properties":{"id":885,"t":"marathon"},"geometry":{"type":"Point","coordinates":[-9.5407,53.456]}},{"type":"Feature","properties":{"id":886,"t":"half"},"geometry":{"type":"Point","coordinates":[-1.7073,52.1917]}},{"type":"Feature","properties":{"id":887,"t":"marathon"},"geometry":{"type":"Point","coordinates":[8.4713,50.1794]}},{"type":"Feature","properties":{"id":888,"t":"marathon"},"geometry":{"type":"Point","coordinates":[9.2205,49.1399]}},{"type":"Feature","properties":{"id":889,"t":"marathon"},"geometry":{"type":"Point","coordinates":[-104.6178,50.4501]}},{"type":"Feature","properties":{"id":890,"t":"marathon"},"geometry":{"type":"Point","coordinates":[7.6303,47.8082]}},{"type":"Feature","properties":{"id":891,"t":"marathon"},"geometry":{"type":"Point","coordinates":[176.2452,-38.1387]}},{"type":"Feature","properties":{"id":892,"t":"marathon"},"geometry":{"type":"Point","coordinates":[146.3333,-38.9166]}},{"type":"Feature","properties":{"id":893,"t":"marathon"},"geometry":{"type":"Point","coordinates":[28.1858,-25.8589]}},{"type":"Feature","properties":{"id":894,"t":"marathon"},"geometry":{"type":"Point","coordinates":[15.5867,46.7242]}},{"type":"Feature","properties":{"id":895,"t":"marathon"},"geometry":{"type":"Point","coordinates":[8.1111,47.1709]}},{"type":"Feature","properties":{"id":896,"t":"marathon"},"geometry":{"type":"Point","coordinates":[-1.8998,52.4814]}},{"type":"Feature","properties":{"id":897,"t":"marathon"},"geometry":{"type":"Point","coordinates":[-123.1193,49.2497]}},{"type":"Feature","properties":{"id":898,"t":"half"},"geometry":{"type":"Point","coordinates":[13.7768,45.6495]}},{"type":"Feature","properties":{"id":899,"t":"half"},"geometry":{"type":"Point","coordinates":[151.2073,-33.8678]}},{"type":"Feature","properties":{"id":900,"t":"marathon"},"geometry":{"type":"Point","coordinates":[5.6991,50.7376]}},{"type":"Feature","properties":{"id":901,"t":"marathon"},"geometry":{"type":"Point","coordinates":[-8.6231,52.6647]}},{"type":"Feature","properties":{"id":902,"t":"marathon"},"geometry":{"type":"Point","coordinates":[-0.3754,50.818]}},{"type":"Feature","properties":{"id":903,"t":"half"},"geometry":{"type":"Point","coordinates":[148.9519,-20.346]}},{"type":"Feature","properties":{"id":904,"t":"half"},"geometry":{"type":"Point","coordinates":[-97.147,49.8844]}},{"type":"Feature","properties":{"id":905,"t":"marathon"},"geometry":{"type":"Point","coordinates":[-1.4043,50.904]}},{"type":"Feature","properties":{"id":906,"t":"marathon"},"geometry":{"type":"Point","coordinates":[-0.718,51.9968]}},{"type":"Feature","properties":{"id":907,"t":"marathon"},"geometry":{"type":"Point","coordinates":[6.1667,49.75]}},{"type":"Feature","properties":{"id":908,"t":"marathon"},"geometry":{"type":"Point","coordinates":[6.1457,46.2022]}},{"type":"Feature","properties":{"id":909,"t":"marathon"},"geometry":{"type":"Point","coordinates":[-3.9096,51.2215]}},{"type":"Feature","properties":{"id":910,"t":"marathon"},"geometry":{"type":"Point","coordinates":[8.2801,49.9819]}},{"type":"Feature","properties":{"id":911,"t":"marathon"},"geometry":{"type":"Point","coordinates":[-2.5966,51.4552]}},{"type":"Feature","properties":{"id":912,"t":"marathon"},"geometry":{"type":"Point","coordinates":[-66.6656,45.9454]}},{"type":"Feature","properties":{"id":913,"t":"half"},"geometry":{"type":"Point","coordinates":[-1.5478,53.7965]}},{"type":"Feature","properties":{"id":914,"t":"marathon"},"geometry":{"type":"Point","coordinates":[133.8836,-23.6975]}},{"type":"Feature","properties":{"id":915,"t":"half"},"geometry":{"type":"Point","coordinates":[-0.1257,51.5085]}},{"type":"Feature","properties":{"id":916,"t":"marathon"},"geometry":{"type":"Point","coordinates":[8.3922,51.2475]}},{"type":"Feature","properties":{"id":917,"t":"half"},"geometry":{"type":"Point","coordinates":[12.6469,45.5069]}},{"type":"Feature","properties":{"id":918,"t":"marathon"},"geometry":{"type":"Point","coordinates":[10.8128,50.6086]}},{"type":"Feature","properties":{"id":919,"t":"marathon"},"geometry":{"type":"Point","coordinates":[7.8863,54.1814]}},{"type":"Feature","properties":{"id":920,"t":"marathon"},"geometry":{"type":"Point","coordinates":[9.9512,49.7939]}},{"type":"Feature","properties":{"id":921,"t":"marathon"},"geometry":{"type":"Point","coordinates":[-63.5769,44.6427]}},{"type":"Feature","properties":{"id":922,"t":"marathon"},"geometry":{"type":"Point","coordinates":[13.044,47.7994]}},{"type":"Feature","properties":{"id":923,"t":"marathon"},"geometry":{"type":"Point","coordinates":[-3.5275,50.7236]}},{"type":"Feature","properties":{"id":924,"t":"marathon"},"geometry":{"type":"Point","coordinates":[86.7198,27.8239]}},{"type":"Feature","properties":{"id":925,"t":"marathon"},"geometry":{"type":"Point","coordinates":[25.35,45.5167]}},{"type":"Feature","properties":{"id":926,"t":"marathon"},"geometry":{"type":"Point","coordinates":[-9.1503,53.1181]}},{"type":"Feature","properties":{"id":927,"t":"marathon"},"geometry":{"type":"Point","coordinates":[13.3491,47.8565]}},{"type":"Feature","properties":{"id":928,"t":"marathon"},"geometry":{"type":"Point","coordinates":[-75.6981,45.4112]}},{"type":"Feature","properties":{"id":929,"t":"marathon"},"geometry":{"type":"Point","coordinates":[-106.6689,52.1324]}},{"type":"Feature","properties":{"id":930,"t":"marathon"},"geometry":{"type":"Point","coordinates":[13.3946,51.5183]}},{"type":"Feature","properties":{"id":931,"t":"marathon"},"geometry":{"type":"Point","coordinates":[-8.4706,51.898]}},{"type":"Feature","properties":{"id":932,"t":"marathon"},"geometry":{"type":"Point","coordinates":[4.2917,51.495]}},{"type":"Feature","properties":{"id":933,"t":"marathon"},"geometry":{"type":"Point","coordinates":[-81.233,42.9834]}},{"type":"Feature","properties":{"id":934,"t":"marathon"},"geometry":{"type":"Point","coordinates":[0.1941,50.9072]}},{"type":"Feature","properties":{"id":935,"t":"marathon"},"geometry":{"type":"Point","coordinates":[8.8177,47.9846]}},{"type":"Feature","properties":{"id":936,"t":"marathon"},"geometry":{"type":"Point","coordinates":[14.9885,51.1552]}},{"type":"Feature","properties":{"id":937,"t":"marathon"},"geometry":{"type":"Point","coordinates":[13.0657,52.3989]}},{"type":"Feature","properties":{"id":938,"t":"marathon"},"geometry":{"type":"Point","coordinates":[7.2461,47.1371]}},{"type":"Feature","properties":{"id":939,"t":"marathon"},"geometry":{"type":"Point","coordinates":[6.0944,52.5125]}},{"type":"Feature","properties":{"id":940,"t":"half"},"geometry":{"type":"Point","coordinates":[-114.2324,50.6877]}},{"type":"Feature","properties":{"id":941,"t":"marathon"},"geometry":{"type":"Point","coordinates":[12.4368,50.9876]}},{"type":"Feature","properties":{"id":942,"t":"marathon"},"geometry":{"type":"Point","coordinates":[13.261,53.5573]}},{"type":"Feature","properties":{"id":943,"t":"half"},"geometry":{"type":"Point","coordinates":[-9.8336,52.3833]}},{"type":"Feature","properties":{"id":944,"t":"half"},"geometry":{"type":"Point","coordinates":[-2.7766,51.2754]}},{"type":"Feature","properties":{"id":945,"t":"marathon"},"geometry":{"type":"Point","coordinates":[-1.4766,52.9228]}},{"type":"Feature","properties":{"id":946,"t":"marathon"},"geometry":{"type":"Point","coordinates":[6.9843,51.0303]}},{"type":"Feature","properties":{"id":947,"t":"marathon"},"geometry":{"type":"Point","coordinates":[8.55,47.3667]}},{"type":"Feature","properties":{"id":948,"t":"marathon"},"geometry":{"type":"Point","coordinates":[6.9881,51.8945]}},{"type":"Feature","properties":{"id":949,"t":"half"},"geometry":{"type":"Point","coordinates":[-115.5698,51.1762]}},{"type":"Feature","properties":{"id":950,"t":"marathon"},"geometry":{"type":"Point","coordinates":[10.9886,49.4759]}},{"type":"Feature","properties":{"id":951,"t":"marathon"},"geometry":{"type":"Point","coordinates":[16.2326,48.0054]}},{"type":"Feature","properties":{"id":952,"t":"half"},"geometry":{"type":"Point","coordinates":[-123.1193,49.2497]}},{"type":"Feature","properties":{"id":953,"t":"marathon"},"geometry":{"type":"Point","coordinates":[-4.2069,51.173]}},{"type":"Feature","properties":{"id":954,"t":"half"},"geometry":{"type":"Point","coordinates":[8.0625,46.3902]}},{"type":"Feature","properties":{"id":955,"t":"marathon"},"geometry":{"type":"Point","coordinates":[-4.7045,51.6728]}},{"type":"Feature","properties":{"id":956,"t":"half"},"geometry":{"type":"Point","coordinates":[-9.9903,53.9625]}},{"type":"Feature","properties":{"id":957,"t":"marathon"},"geometry":{"type":"Point","coordinates":[10.176,48.6217]}},{"type":"Feature","properties":{"id":958,"t":"ultra"},"geometry":{"type":"Point","coordinates":[8.036,46.624]}},{"type":"Feature","properties":{"id":959,"t":"marathon"},"geometry":{"type":"Point","coordinates":[10.1335,46.5363]}},{"type":"Feature","properties":{"id":960,"t":"marathon"},"geometry":{"type":"Point","coordinates":[151.2167,-27.9667]}},{"type":"Feature","properties":{"id":961,"t":"marathon"},"geometry":{"type":"Point","coordinates":[151.2833,-32.8]}},{"type":"Feature","properties":{"id":962,"t":"marathon"},"geometry":{"type":"Point","coordinates":[10.7017,47.5714]}},{"type":"Feature","properties":{"id":963,"t":"marathon"},"geometry":{"type":"Point","coordinates":[-74.0817,4.6097]}},{"type":"Feature","properties":{"id":964,"t":"ultra"},"geometry":{"type":"Point","coordinates":[-136.7407,66.3718]}},{"type":"Feature","properties":{"id":965,"t":"kort"},"geometry":{"type":"Point","coordinates":[14.6967,57.653]}},{"type":"Feature","properties":{"id":966,"t":"kort"},"geometry":{"type":"Point","coordinates":[12.5444,57.5577]}},{"type":"Feature","properties":{"id":967,"t":"kort"},"geometry":{"type":"Point","coordinates":[16.3315,58.4681]}},{"type":"Feature","properties":{"id":968,"t":"kort"},"geometry":{"type":"Point","coordinates":[18.0314,59.3104]}},{"type":"Feature","properties":{"id":969,"t":"kort"},"geometry":{"type":"Point","coordinates":[13.02,55.4709]}},{"type":"Feature","properties":{"id":970,"t":"ultra"},"geometry":{"type":"Point","coordinates":[18.0869,59.2869]}},{"type":"Feature","properties":{"id":971,"t":"ultra"},"geometry":{"type":"Point","coordinates":[16.5794,58.4525]}},{"type":"Feature","properties":{"id":972,"t":"ultra"},"geometry":{"type":"Point","coordinates":[13.3406,57.7462]}},{"type":"Feature","properties":{"id":973,"t":"ultra"},"geometry":{"type":"Point","coordinates":[13.8461,58.3903]}},{"type":"Feature","properties":{"id":974,"t":"ultra"},"geometry":{"type":"Point","coordinates":[13.187,63.2596]}},{"type":"Feature","properties":{"id":975,"t":"ultra"},"geometry":{"type":"Point","coordinates":[14.0405,56.5128]}},{"type":"Feature","properties":{"id":976,"t":"ultra"},"geometry":{"type":"Point","coordinates":[13.4866,59.3963]}},{"type":"Feature","properties":{"id":977,"t":"half"},"geometry":{"type":"Point","coordinates":[12.5756,55.6145]}},{"type":"Feature","properties":{"id":978,"t":"kort"},"geometry":{"type":"Point","coordinates":[15.921,58.5774]}},{"type":"Feature","properties":{"id":979,"t":"kort"},"geometry":{"type":"Point","coordinates":[11.9934,57.7057]}},{"type":"Feature","properties":{"id":980,"t":"ultra"},"geometry":{"type":"Point","coordinates":[17.1583,58.9506]}},{"type":"Feature","properties":{"id":981,"t":"kort"},"geometry":{"type":"Point","coordinates":[16.2295,59.6132]}},{"type":"Feature","properties":{"id":982,"t":"kort"},"geometry":{"type":"Point","coordinates":[17.5586,59.0941]}},{"type":"Feature","properties":{"id":983,"t":"kort"},"geometry":{"type":"Point","coordinates":[13.8181,58.4033]}},{"type":"Feature","properties":{"id":984,"t":"kort"},"geometry":{"type":"Point","coordinates":[16.0032,59.5129]}},{"type":"Feature","properties":{"id":985,"t":"half"},"geometry":{"type":"Point","coordinates":[14.4701,58.025]}},{"type":"Feature","properties":{"id":986,"t":"kort"},"geometry":{"type":"Point","coordinates":[20.3421,63.8434]}},{"type":"Feature","properties":{"id":987,"t":"kort"},"geometry":{"type":"Point","coordinates":[12.6977,59.0511]}},{"type":"Feature","properties":{"id":988,"t":"ultra"},"geometry":{"type":"Point","coordinates":[18.1307,59.1618]}},{"type":"Feature","properties":{"id":989,"t":"ultra"},"geometry":{"type":"Point","coordinates":[11.9439,57.6593]}},{"type":"Feature","properties":{"id":990,"t":"ultra"},"geometry":{"type":"Point","coordinates":[12.8415,55.3971]}},{"type":"Feature","properties":{"id":991,"t":"ultra"},"geometry":{"type":"Point","coordinates":[12.5573,57.0649]}},{"type":"Feature","properties":{"id":992,"t":"kort"},"geometry":{"type":"Point","coordinates":[15.7748,60.6527]}},{"type":"Feature","properties":{"id":993,"t":"kort"},"geometry":{"type":"Point","coordinates":[13.1571,58.5035]}},{"type":"Feature","properties":{"id":994,"t":"ultra"},"geometry":{"type":"Point","coordinates":[18.1484,59.2705]}},{"type":"Feature","properties":{"id":995,"t":"ultra"},"geometry":{"type":"Point","coordinates":[8.5347,60.8612]}},{"type":"Feature","properties":{"id":996,"t":"kort"},"geometry":{"type":"Point","coordinates":[18.5989,63.2994]}},{"type":"Feature","properties":{"id":997,"t":"kort"},"geometry":{"type":"Point","coordinates":[12.838,56.2534]}},{"type":"Feature","properties":{"id":998,"t":"kort"},"geometry":{"type":"Point","coordinates":[12.9398,57.721]}},{"type":"Feature","properties":{"id":999,"t":"kort"},"geometry":{"type":"Point","coordinates":[17.6389,59.8586]}},{"type":"Feature","properties":{"id":1000,"t":"kort"},"geometry":{"type":"Point","coordinates":[17.9465,59.4024]}},{"type":"Feature","properties":{"id":1001,"t":"ultra"},"geometry":{"type":"Point","coordinates":[13.5362,57.0613]}},{"type":"Feature","properties":{"id":1002,"t":"ultra"},"geometry":{"type":"Point","coordinates":[18.0656,59.3327]}},{"type":"Feature","properties":{"id":1003,"t":"ultra"},"geometry":{"type":"Point","coordinates":[15.21,58.3318]}},{"type":"Feature","properties":{"id":1004,"t":"ultra"},"geometry":{"type":"Point","coordinates":[11.4796,58.2569]}},{"type":"Feature","properties":{"id":1005,"t":"kort"},"geometry":{"type":"Point","coordinates":[18.1199,59.3071]}},{"type":"Feature","properties":{"id":1006,"t":"ultra"},"geometry":{"type":"Point","coordinates":[12.2949,58.2922]}},{"type":"Feature","properties":{"id":1007,"t":"kort"},"geometry":{"type":"Point","coordinates":[11.9383,57.7078]}},{"type":"Feature","properties":{"id":1008,"t":"half"},"geometry":{"type":"Point","coordinates":[12.3814,57.1711]}},{"type":"Feature","properties":{"id":1009,"t":"kort"},"geometry":{"type":"Point","coordinates":[17.9283,59.5196]}},{"type":"Feature","properties":{"id":1010,"t":"ultra"},"geometry":{"type":"Point","coordinates":[12.6956,60.4165]}},{"type":"Feature","properties":{"id":1011,"t":"ultra"},"geometry":{"type":"Point","coordinates":[13.941,56.8339]}},{"type":"Feature","properties":{"id":1012,"t":"ultra"},"geometry":{"type":"Point","coordinates":[15.1143,59.4387]}},{"type":"Feature","properties":{"id":1013,"t":"kort"},"geometry":{"type":"Point","coordinates":[20.2917,63.8042]}},{"type":"Feature","properties":{"id":1014,"t":"marathon"},"geometry":{"type":"Point","coordinates":[13.0038,55.605]}},{"type":"Feature","properties":{"id":1015,"t":"half"},"geometry":{"type":"Point","coordinates":[16.0449,59.1484]}},{"type":"Feature","properties":{"id":1016,"t":"ultra"},"geometry":{"type":"Point","coordinates":[17.9409,62.6323]}},{"type":"Feature","properties":{"id":1017,"t":"ultra"},"geometry":{"type":"Point","coordinates":[12.9398,57.721]}},{"type":"Feature","properties":{"id":1018,"t":"ultra"},"geometry":{"type":"Point","coordinates":[14.2756,57.7904]}},{"type":"Feature","properties":{"id":1019,"t":"ultra"},"geometry":{"type":"Point","coordinates":[16.5003,60.7595]}},{"type":"Feature","properties":{"id":1020,"t":"kort"},"geometry":{"type":"Point","coordinates":[11.9419,57.4547]}},{"type":"Feature","properties":{"id":1021,"t":"marathon"},"geometry":{"type":"Point","coordinates":[11.9746,57.7089]}},{"type":"Feature","properties":{"id":1022,"t":"marathon"},"geometry":{"type":"Point","coordinates":[20.2448,63.8197]}},{"type":"Feature","properties":{"id":1023,"t":"kort"},"geometry":{"type":"Point","coordinates":[12.5362,57.93]}},{"type":"Feature","properties":{"id":1024,"t":"kort"},"geometry":{"type":"Point","coordinates":[18.1156,59.3325]}},{"type":"Feature","properties":{"id":1025,"t":"ultra"},"geometry":{"type":"Point","coordinates":[11.2632,58.673]}},{"type":"Feature","properties":{"id":1026,"t":"kort"},"geometry":{"type":"Point","coordinates":[17.9509,59.4305]}},{"type":"Feature","properties":{"id":1027,"t":"kort"},"geometry":{"type":"Point","coordinates":[16.4303,59.7165]}},{"type":"Feature","properties":{"id":1028,"t":"kort"},"geometry":{"type":"Point","coordinates":[12.2838,57.1013]}},{"type":"Feature","properties":{"id":1029,"t":"kort"},"geometry":{"type":"Point","coordinates":[16.3568,56.6634]}},{"type":"Feature","properties":{"id":1030,"t":"ultra"},"geometry":{"type":"Point","coordinates":[17.7488,59.1943]}},{"type":"Feature","properties":{"id":1031,"t":"marathon"},"geometry":{"type":"Point","coordinates":[17.6389,59.8586]}},{"type":"Feature","properties":{"id":1032,"t":"ultra"},"geometry":{"type":"Point","coordinates":[14.2815,57.8604]}},{"type":"Feature","properties":{"id":1033,"t":"ultra"},"geometry":{"type":"Point","coordinates":[15.6214,58.4108]}},{"type":"Feature","properties":{"id":1034,"t":"ultra"},"geometry":{"type":"Point","coordinates":[14.2125,55.8151]}},{"type":"Feature","properties":{"id":1035,"t":"ultra"},"geometry":{"type":"Point","coordinates":[13.4205,57.7948]}},{"type":"Feature","properties":{"id":1036,"t":"half"},"geometry":{"type":"Point","coordinates":[18.0703,59.4419]}},{"type":"Feature","properties":{"id":1037,"t":"kort"},"geometry":{"type":"Point","coordinates":[17.6202,59.1978]}},{"type":"Feature","properties":{"id":1038,"t":"half"},"geometry":{"type":"Point","coordinates":[13.8502,58.4123]}},{"type":"Feature","properties":{"id":1039,"t":"kort"},"geometry":{"type":"Point","coordinates":[16.1357,58.6711]}},{"type":"Feature","properties":{"id":1040,"t":"ultra"},"geometry":{"type":"Point","coordinates":[16.4474,57.2657]}},{"type":"Feature","properties":{"id":1041,"t":"kort"},"geometry":{"type":"Point","coordinates":[12.0369,57.7046]}},{"type":"Feature","properties":{"id":1042,"t":"half"},"geometry":{"type":"Point","coordinates":[15.8425,56.1917]}},{"type":"Feature","properties":{"id":1043,"t":"ultra"},"geometry":{"type":"Point","coordinates":[12.339,58.7063]}},{"type":"Feature","properties":{"id":1044,"t":"marathon"},"geometry":{"type":"Point","coordinates":[17.0321,59.3775]}},{"type":"Feature","properties":{"id":1045,"t":"ultra"},"geometry":{"type":"Point","coordinates":[16.683,57.7606]}},{"type":"Feature","properties":{"id":1046,"t":"ultra"},"geometry":{"type":"Point","coordinates":[13.9945,56.0363]}},{"type":"Feature","properties":{"id":1047,"t":"ultra"},"geometry":{"type":"Point","coordinates":[12.0167,57.65]}},{"type":"Feature","properties":{"id":1048,"t":"ultra"},"geometry":{"type":"Point","coordinates":[18.1063,59.3016]}},{"type":"Feature","properties":{"id":1049,"t":"kort"},"geometry":{"type":"Point","coordinates":[15.2674,59.3023]}},{"type":"Feature","properties":{"id":1050,"t":"ultra"},"geometry":{"type":"Point","coordinates":[15.8508,58.3422]}},{"type":"Feature","properties":{"id":1051,"t":"kort"},"geometry":{"type":"Point","coordinates":[11.9746,57.7089]}},{"type":"Feature","properties":{"id":1052,"t":"kort"},"geometry":{"type":"Point","coordinates":[12.5052,57.0688]}},{"type":"Feature","properties":{"id":1053,"t":"half"},"geometry":{"type":"Point","coordinates":[17.9724,59.425]}},{"type":"Feature","properties":{"id":1054,"t":"half"},"geometry":{"type":"Point","coordinates":[12.5052,57.0688]}},{"type":"Feature","properties":{"id":1055,"t":"kort"},"geometry":{"type":"Point","coordinates":[12.5052,57.0688]}},{"type":"Feature","properties":{"id":1056,"t":"ultra"},"geometry":{"type":"Point","coordinates":[18.0656,59.3327]}},{"type":"Feature","properties":{"id":1057,"t":"ultra"},"geometry":{"type":"Point","coordinates":[17.8901,66.0515]}},{"type":"Feature","properties":{"id":1058,"t":"half"},"geometry":{"type":"Point","coordinates":[12.5683,55.6761]}},{"type":"Feature","properties":{"id":1059,"t":"ultra"},"geometry":{"type":"Point","coordinates":[18.2706,59.2302]}},{"type":"Feature","properties":{"id":1060,"t":"kort"},"geometry":{"type":"Point","coordinates":[17.5301,59.5669]}},{"type":"Feature","properties":{"id":1061,"t":"ultra"},"geometry":{"type":"Point","coordinates":[17.5508,58.8931]}},{"type":"Feature","properties":{"id":1062,"t":"marathon"},"geometry":{"type":"Point","coordinates":[16.5448,59.6099]}},{"type":"Feature","properties":{"id":1063,"t":"half"},"geometry":{"type":"Point","coordinates":[12.933,63.3924]}},{"type":"Feature","properties":{"id":1064,"t":"kort"},"geometry":{"type":"Point","coordinates":[13.02,55.4709]}},{"type":"Feature","properties":{"id":1065,"t":"kort"},"geometry":{"type":"Point","coordinates":[18.3264,59.4033]}},{"type":"Feature","properties":{"id":1066,"t":"kort"},"geometry":{"type":"Point","coordinates":[17.9013,59.3817]}},{"type":"Feature","properties":{"id":1067,"t":"kort"},"geometry":{"type":"Point","coordinates":[18.0663,59.3118]}},{"type":"Feature","properties":{"id":1068,"t":"tri"},"geometry":{"type":"Point","coordinates":[14.4975,57.9391]}},{"type":"Feature","properties":{"id":1069,"t":"marathon"},"geometry":{"type":"Point","coordinates":[12.5066,57.0687]}},{"type":"Feature","properties":{"id":1070,"t":"tri"},"geometry":{"type":"Point","coordinates":[13.0815,63.399]}},{"type":"Feature","properties":{"id":1071,"t":"ultra"},"geometry":{"type":"Point","coordinates":[18.2948,57.6348]}},{"type":"Feature","properties":{"id":1072,"t":"tri"},"geometry":{"type":"Point","coordinates":[13.0763,63.4025]}},{"type":"Feature","properties":{"id":1073,"t":"kort"},"geometry":{"type":"Point","coordinates":[12.4888,56.9027]}},{"type":"Feature","properties":{"id":1074,"t":"ultra"},"geometry":{"type":"Point","coordinates":[14.5384,61.2078]}},{"type":"Feature","properties":{"id":1075,"t":"ultra"},"geometry":{"type":"Point","coordinates":[17.8901,66.0515]}},{"type":"Feature","properties":{"id":1076,"t":"half"},"geometry":{"type":"Point","coordinates":[16.7759,60.6216]}},{"type":"Feature","properties":{"id":1077,"t":"ultra"},"geometry":{"type":"Point","coordinates":[18.0686,59.3293]}},{"type":"Feature","properties":{"id":1078,"t":"ultra"},"geometry":{"type":"Point","coordinates":[11.2675,58.4395]}},{"type":"Feature","properties":{"id":1079,"t":"ultra"},"geometry":{"type":"Point","coordinates":[18.0656,59.3327]}},{"type":"Feature","properties":{"id":1080,"t":"kort"},"geometry":{"type":"Point","coordinates":[10.2045,59.7439]}},{"type":"Feature","properties":{"id":1081,"t":"ultra"},"geometry":{"type":"Point","coordinates":[8.1167,62.2983]}},{"type":"Feature","properties":{"id":1082,"t":"kort"},"geometry":{"type":"Point","coordinates":[18.9637,69.6546]}},{"type":"Feature","properties":{"id":1083,"t":"ultra"},"geometry":{"type":"Point","coordinates":[10.6915,60.7957]}},{"type":"Feature","properties":{"id":1084,"t":"ultra"},"geometry":{"type":"Point","coordinates":[11.9977,60.1905]}},{"type":"Feature","properties":{"id":1085,"t":"kort"},"geometry":{"type":"Point","coordinates":[10.5267,59.8901]}},{"type":"Feature","properties":{"id":1086,"t":"ultra"},"geometry":{"type":"Point","coordinates":[9.4325,59.863]}},{"type":"Feature","properties":{"id":1087,"t":"kort"},"geometry":{"type":"Point","coordinates":[7.9957,58.1461]}},{"type":"Feature","properties":{"id":1088,"t":"ultra"},"geometry":{"type":"Point","coordinates":[10.7461,59.9127]}},{"type":"Feature","properties":{"id":1089,"t":"kort"},"geometry":{"type":"Point","coordinates":[10.4076,59.2675]}},{"type":"Feature","properties":{"id":1090,"t":"kort"},"geometry":{"type":"Point","coordinates":[11.0679,60.7945]}},{"type":"Feature","properties":{"id":1091,"t":"kort"},"geometry":{"type":"Point","coordinates":[7.1591,62.7375]}},{"type":"Feature","properties":{"id":1092,"t":"ultra"},"geometry":{"type":"Point","coordinates":[15.3933,67.2595]}},{"type":"Feature","properties":{"id":1093,"t":"ultra"},"geometry":{"type":"Point","coordinates":[9.6474,59.6635]}},{"type":"Feature","properties":{"id":1094,"t":"ultra"},"geometry":{"type":"Point","coordinates":[10.4663,61.1151]}},{"type":"Feature","properties":{"id":1095,"t":"kort"},"geometry":{"type":"Point","coordinates":[5.2382,60.5708]}},{"type":"Feature","properties":{"id":1096,"t":"kort"},"geometry":{"type":"Point","coordinates":[5.2382,60.5708]}},{"type":"Feature","properties":{"id":1097,"t":"kort"},"geometry":{"type":"Point","coordinates":[10.7461,59.9127]}},{"type":"Feature","properties":{"id":1098,"t":"ultra"},"geometry":{"type":"Point","coordinates":[8.3772,58.2495]}},{"type":"Feature","properties":{"id":1099,"t":"kort"},"geometry":{"type":"Point","coordinates":[5.2382,60.5708]}},{"type":"Feature","properties":{"id":1100,"t":"kort"},"geometry":{"type":"Point","coordinates":[23.6821,70.6634]}},{"type":"Feature","properties":{"id":1101,"t":"ultra"},"geometry":{"type":"Point","coordinates":[9.7358,61.5992]}},{"type":"Feature","properties":{"id":1102,"t":"ultra"},"geometry":{"type":"Point","coordinates":[5.6448,58.6161]}},{"type":"Feature","properties":{"id":1103,"t":"kort"},"geometry":{"type":"Point","coordinates":[5.6773,58.7728]}},{"type":"Feature","properties":{"id":1104,"t":"kort"},"geometry":{"type":"Point","coordinates":[10.7461,59.9127]}},{"type":"Feature","properties":{"id":1105,"t":"ultra"},"geometry":{"type":"Point","coordinates":[6.0711,62.146]}},{"type":"Feature","properties":{"id":1106,"t":"kort"},"geometry":{"type":"Point","coordinates":[5.2382,60.5708]}},{"type":"Feature","properties":{"id":1107,"t":"ultra"},"geometry":{"type":"Point","coordinates":[12.2594,61.3162]}},{"type":"Feature","properties":{"id":1108,"t":"ultra"},"geometry":{"type":"Point","coordinates":[8.5708,61.1251]}},{"type":"Feature","properties":{"id":1109,"t":"ultra"},"geometry":{"type":"Point","coordinates":[18.3438,68.8016]}},{"type":"Feature","properties":{"id":1110,"t":"ultra"},"geometry":{"type":"Point","coordinates":[7.0967,61.2291]}},{"type":"Feature","properties":{"id":1111,"t":"ultra"},"geometry":{"type":"Point","coordinates":[16.5441,68.8011]}},{"type":"Feature","properties":{"id":1112,"t":"kort"},"geometry":{"type":"Point","coordinates":[10.7946,59.6647]}},{"type":"Feature","properties":{"id":1113,"t":"kort"},"geometry":{"type":"Point","coordinates":[12.8789,66.4187]}},{"type":"Feature","properties":{"id":1114,"t":"kort"},"geometry":{"type":"Point","coordinates":[9.0588,59.0974]}},{"type":"Feature","properties":{"id":1115,"t":"kort"},"geometry":{"type":"Point","coordinates":[5.2382,60.5708]}},{"type":"Feature","properties":{"id":1116,"t":"ultra"},"geometry":{"type":"Point","coordinates":[10.9126,63.4669]}},{"type":"Feature","properties":{"id":1117,"t":"kort"},"geometry":{"type":"Point","coordinates":[10.3951,63.4305]}},{"type":"Feature","properties":{"id":1118,"t":"ultra"},"geometry":{"type":"Point","coordinates":[10.4339,59.8343]}},{"type":"Feature","properties":{"id":1119,"t":"ultra"},"geometry":{"type":"Point","coordinates":[11.1097,59.2839]}},{"type":"Feature","properties":{"id":1120,"t":"ultra"},"geometry":{"type":"Point","coordinates":[11.1948,64.8428]}},{"type":"Feature","properties":{"id":1121,"t":"kort"},"geometry":{"type":"Point","coordinates":[10.5839,60.3067]}},{"type":"Feature","properties":{"id":1122,"t":"kort"},"geometry":{"type":"Point","coordinates":[10.9298,59.2182]}},{"type":"Feature","properties":{"id":1123,"t":"kort"},"geometry":{"type":"Point","coordinates":[11.4954,64.0148]}},{"type":"Feature","properties":{"id":1124,"t":"kort"},"geometry":{"type":"Point","coordinates":[10.0168,60.965]}},{"type":"Feature","properties":{"id":1125,"t":"ultra"},"geometry":{"type":"Point","coordinates":[6.1549,62.4723]}},{"type":"Feature","properties":{"id":1126,"t":"kort"},"geometry":{"type":"Point","coordinates":[11.2616,60.3304]}},{"type":"Feature","properties":{"id":1127,"t":"kort"},"geometry":{"type":"Point","coordinates":[5.4997,59.7808]}},{"type":"Feature","properties":{"id":1128,"t":"kort"},"geometry":{"type":"Point","coordinates":[10.3951,63.4305]}},{"type":"Feature","properties":{"id":1129,"t":"ultra"},"geometry":{"type":"Point","coordinates":[9.6474,59.6635]}},{"type":"Feature","properties":{"id":1130,"t":"kort"},"geometry":{"type":"Point","coordinates":[16.5441,68.8011]}},{"type":"Feature","properties":{"id":1131,"t":"ultra"},"geometry":{"type":"Point","coordinates":[11.5623,60.8819]}},{"type":"Feature","properties":{"id":1132,"t":"kort"},"geometry":{"type":"Point","coordinates":[10.9298,59.2182]}},{"type":"Feature","properties":{"id":1133,"t":"kort"},"geometry":{"type":"Point","coordinates":[10.2045,59.7439]}},{"type":"Feature","properties":{"id":1134,"t":"ultra"},"geometry":{"type":"Point","coordinates":[10.9298,59.2182]}},{"type":"Feature","properties":{"id":1135,"t":"ultra"},"geometry":{"type":"Point","coordinates":[8.7669,58.4612]}},{"type":"Feature","properties":{"id":1136,"t":"kort"},"geometry":{"type":"Point","coordinates":[15.4138,68.6982]}},{"type":"Feature","properties":{"id":1137,"t":"ultra"},"geometry":{"type":"Point","coordinates":[11.0679,60.7945]}},{"type":"Feature","properties":{"id":1138,"t":"kort"},"geometry":{"type":"Point","coordinates":[9.609,59.2096]}},{"type":"Feature","properties":{"id":1139,"t":"ultra"},"geometry":{"type":"Point","coordinates":[10.0168,60.965]}},{"type":"Feature","properties":{"id":1140,"t":"kort"},"geometry":{"type":"Point","coordinates":[28.1916,70.1986]}},{"type":"Feature","properties":{"id":1141,"t":"ultra"},"geometry":{"type":"Point","coordinates":[11.9977,60.1905]}},{"type":"Feature","properties":{"id":1142,"t":"kort"},"geometry":{"type":"Point","coordinates":[10.9298,59.2182]}},{"type":"Feature","properties":{"id":1143,"t":"ultra"},"geometry":{"type":"Point","coordinates":[10.5267,59.8901]}},{"type":"Feature","properties":{"id":1144,"t":"ultra"},"geometry":{"type":"Point","coordinates":[10.4663,61.1151]}},{"type":"Feature","properties":{"id":1145,"t":"kort"},"geometry":{"type":"Point","coordinates":[6.1116,61.8027]}},{"type":"Feature","properties":{"id":1146,"t":"kort"},"geometry":{"type":"Point","coordinates":[6.1549,62.4723]}},{"type":"Feature","properties":{"id":1147,"t":"kort"},"geometry":{"type":"Point","coordinates":[18.9637,69.6546]}},{"type":"Feature","properties":{"id":1148,"t":"kort"},"geometry":{"type":"Point","coordinates":[18.9637,69.6546]}},{"type":"Feature","properties":{"id":1149,"t":"ultra"},"geometry":{"type":"Point","coordinates":[5.5303,60.5309]}},{"type":"Feature","properties":{"id":1150,"t":"ultra"},"geometry":{"type":"Point","coordinates":[9.609,59.2096]}},{"type":"Feature","properties":{"id":1151,"t":"ultra"},"geometry":{"type":"Point","coordinates":[11.1097,59.2839]}},{"type":"Feature","properties":{"id":1152,"t":"kort"},"geometry":{"type":"Point","coordinates":[10.7461,59.9127]}},{"type":"Feature","properties":{"id":1153,"t":"ultra"},"geometry":{"type":"Point","coordinates":[10.6357,59.6666]}},{"type":"Feature","properties":{"id":1154,"t":"ultra"},"geometry":{"type":"Point","coordinates":[10.6577,59.434]}},{"type":"Feature","properties":{"id":1155,"t":"ultra"},"geometry":{"type":"Point","coordinates":[10.3951,63.4305]}},{"type":"Feature","properties":{"id":1156,"t":"ultra"},"geometry":{"type":"Point","coordinates":[8.233,58.3349]}},{"type":"Feature","properties":{"id":1157,"t":"ultra"},"geometry":{"type":"Point","coordinates":[7.9957,58.1461]}},{"type":"Feature","properties":{"id":1158,"t":"ultra"},"geometry":{"type":"Point","coordinates":[10.9298,59.2182]}},{"type":"Feature","properties":{"id":1159,"t":"ultra"},"geometry":{"type":"Point","coordinates":[7.481,61.0984]}},{"type":"Feature","properties":{"id":1160,"t":"ultra"},"geometry":{"type":"Point","coordinates":[10.3951,63.4305]}},{"type":"Feature","properties":{"id":1161,"t":"ultra"},"geometry":{"type":"Point","coordinates":[9.6466,59.1317]}},{"type":"Feature","properties":{"id":1162,"t":"ultra"},"geometry":{"type":"Point","coordinates":[7.6771,62.8938]}},{"type":"Feature","properties":{"id":1163,"t":"kort"},"geometry":{"type":"Point","coordinates":[8.5934,58.3405]}},{"type":"Feature","properties":{"id":1164,"t":"ultra"},"geometry":{"type":"Point","coordinates":[11.4552,59.7208]}},{"type":"Feature","properties":{"id":1165,"t":"kort"},"geometry":{"type":"Point","coordinates":[10.3951,63.4305]}},{"type":"Feature","properties":{"id":1166,"t":"ultra"},"geometry":{"type":"Point","coordinates":[10.7461,59.9127]}},{"type":"Feature","properties":{"id":1167,"t":"ultra"},"geometry":{"type":"Point","coordinates":[6.7179,61.9026]}},{"type":"Feature","properties":{"id":1168,"t":"ultra"},"geometry":{"type":"Point","coordinates":[5.9553,58.7704]}},{"type":"Feature","properties":{"id":1169,"t":"ultra"},"geometry":{"type":"Point","coordinates":[6.129,62.1998]}},{"type":"Feature","properties":{"id":1170,"t":"kort"},"geometry":{"type":"Point","coordinates":[12.2878,65.405]}},{"type":"Feature","properties":{"id":1171,"t":"kort"},"geometry":{"type":"Point","coordinates":[13.1595,64.9288]}},{"type":"Feature","properties":{"id":1172,"t":"kort"},"geometry":{"type":"Point","coordinates":[11.2996,63.7464]}},{"type":"Feature","properties":{"id":1173,"t":"ultra"},"geometry":{"type":"Point","coordinates":[5.7294,58.969]}},{"type":"Feature","properties":{"id":1174,"t":"ultra"},"geometry":{"type":"Point","coordinates":[20.9814,70.0358]}},{"type":"Feature","properties":{"id":1175,"t":"ultra"},"geometry":{"type":"Point","coordinates":[11.0032,60.2134]}},{"type":"Feature","properties":{"id":1176,"t":"ultra"},"geometry":{"type":"Point","coordinates":[5.3245,60.3932]}},{"type":"Feature","properties":{"id":1177,"t":"ultra"},"geometry":{"type":"Point","coordinates":[10.4339,59.8343]}},{"type":"Feature","properties":{"id":1178,"t":"kort"},"geometry":{"type":"Point","coordinates":[5.2216,60.0949]}},{"type":"Feature","properties":{"id":1179,"t":"kort"},"geometry":{"type":"Point","coordinates":[5.6448,58.6161]}},{"type":"Feature","properties":{"id":1180,"t":"kort"},"geometry":{"type":"Point","coordinates":[5.3245,60.3932]}},{"type":"Feature","properties":{"id":1181,"t":"ultra"},"geometry":{"type":"Point","coordinates":[6.1116,61.8027]}},{"type":"Feature","properties":{"id":1182,"t":"ultra"},"geometry":{"type":"Point","coordinates":[11.1097,59.2839]}},{"type":"Feature","properties":{"id":1183,"t":"ultra"},"geometry":{"type":"Point","coordinates":[10.6357,59.6666]}},{"type":"Feature","properties":{"id":1184,"t":"kort"},"geometry":{"type":"Point","coordinates":[10.2045,59.7439]}},{"type":"Feature","properties":{"id":1185,"t":"ultra"},"geometry":{"type":"Point","coordinates":[6.8047,58.0948]}},{"type":"Feature","properties":{"id":1186,"t":"ultra"},"geometry":{"type":"Point","coordinates":[10.2045,59.7439]}},{"type":"Feature","properties":{"id":1187,"t":"kort"},"geometry":{"type":"Point","coordinates":[10.3951,63.4305]}},{"type":"Feature","properties":{"id":1188,"t":"kort"},"geometry":{"type":"Point","coordinates":[5.8079,59.6054]}},{"type":"Feature","properties":{"id":1189,"t":"ultra"},"geometry":{"type":"Point","coordinates":[11.276,63.8718]}},{"type":"Feature","properties":{"id":1190,"t":"kort"},"geometry":{"type":"Point","coordinates":[14.9963,68.5409]}},{"type":"Feature","properties":{"id":1191,"t":"ultra"},"geometry":{"type":"Point","coordinates":[16.5441,68.8011]}},{"type":"Feature","properties":{"id":1192,"t":"ultra"},"geometry":{"type":"Point","coordinates":[11.5623,60.8819]}},{"type":"Feature","properties":{"id":1193,"t":"ultra"},"geometry":{"type":"Point","coordinates":[11.0492,59.956]}},{"type":"Feature","properties":{"id":1194,"t":"ultra"},"geometry":{"type":"Point","coordinates":[10.3951,63.4305]}},{"type":"Feature","properties":{"id":1195,"t":"ultra"},"geometry":{"type":"Point","coordinates":[8.7669,58.4612]}},{"type":"Feature","properties":{"id":1196,"t":"kort"},"geometry":{"type":"Point","coordinates":[5.5404,61.493]}},{"type":"Feature","properties":{"id":1197,"t":"kort"},"geometry":{"type":"Point","coordinates":[10.2045,59.7439]}},{"type":"Feature","properties":{"id":1198,"t":"ultra"},"geometry":{"type":"Point","coordinates":[10.6994,60.6696]}},{"type":"Feature","properties":{"id":1199,"t":"kort"},"geometry":{"type":"Point","coordinates":[6.9083,58.2917]}},{"type":"Feature","properties":{"id":1200,"t":"kort"},"geometry":{"type":"Point","coordinates":[10.3951,63.4305]}},{"type":"Feature","properties":{"id":1201,"t":"kort"},"geometry":{"type":"Point","coordinates":[10.7461,59.9127]}},{"type":"Feature","properties":{"id":1202,"t":"kort"},"geometry":{"type":"Point","coordinates":[10.3951,63.4305]}},{"type":"Feature","properties":{"id":1203,"t":"kort"},"geometry":{"type":"Point","coordinates":[23.2716,69.9689]}},{"type":"Feature","properties":{"id":1204,"t":"ultra"},"geometry":{"type":"Point","coordinates":[10.4339,59.8343]}},{"type":"Feature","properties":{"id":1205,"t":"ultra"},"geometry":{"type":"Point","coordinates":[11.4978,64.4656]}},{"type":"Feature","properties":{"id":1206,"t":"ultra"},"geometry":{"type":"Point","coordinates":[10.4076,59.2675]}},{"type":"Feature","properties":{"id":1207,"t":"ultra"},"geometry":{"type":"Point","coordinates":[5.5303,60.5309]}},{"type":"Feature","properties":{"id":1208,"t":"kort"},"geometry":{"type":"Point","coordinates":[18.9637,69.6546]}},{"type":"Feature","properties":{"id":1209,"t":"kort"},"geometry":{"type":"Point","coordinates":[10.5267,59.8901]}},{"type":"Feature","properties":{"id":1210,"t":"ultra"},"geometry":{"type":"Point","coordinates":[10.7461,59.9127]}},{"type":"Feature","properties":{"id":1211,"t":"ultra"},"geometry":{"type":"Point","coordinates":[7.9957,58.1461]}},{"type":"Feature","properties":{"id":1212,"t":"kort"},"geometry":{"type":"Point","coordinates":[5.6529,58.7364]}},{"type":"Feature","properties":{"id":1213,"t":"ultra"},"geometry":{"type":"Point","coordinates":[10.3951,63.4305]}},{"type":"Feature","properties":{"id":1214,"t":"ultra"},"geometry":{"type":"Point","coordinates":[8.233,58.3349]}},{"type":"Feature","properties":{"id":1215,"t":"kort"},"geometry":{"type":"Point","coordinates":[5.3245,60.3932]}},{"type":"Feature","properties":{"id":1216,"t":"kort"},"geometry":{"type":"Point","coordinates":[10.4339,59.8343]}},{"type":"Feature","properties":{"id":1217,"t":"kort"},"geometry":{"type":"Point","coordinates":[16.1729,68.772]}},{"type":"Feature","properties":{"id":1218,"t":"ultra"},"geometry":{"type":"Point","coordinates":[10.9435,59.9452]}},{"type":"Feature","properties":{"id":1219,"t":"kort"},"geometry":{"type":"Point","coordinates":[10.0488,60.2917]}},{"type":"Feature","properties":{"id":1220,"t":"ultra"},"geometry":{"type":"Point","coordinates":[10.7461,59.9127]}},{"type":"Feature","properties":{"id":1221,"t":"ultra"},"geometry":{"type":"Point","coordinates":[10.6738,63.4338]}},{"type":"Feature","properties":{"id":1222,"t":"ultra"},"geometry":{"type":"Point","coordinates":[10.8394,59.1002]}},{"type":"Feature","properties":{"id":1223,"t":"ultra"},"geometry":{"type":"Point","coordinates":[6.1549,62.4723]}},{"type":"Feature","properties":{"id":1224,"t":"ultra"},"geometry":{"type":"Point","coordinates":[5.9371,59.6653]}},{"type":"Feature","properties":{"id":1225,"t":"kort"},"geometry":{"type":"Point","coordinates":[6.3542,59.6506]}},{"type":"Feature","properties":{"id":1226,"t":"ultra"},"geometry":{"type":"Point","coordinates":[10.5839,60.3067]}},{"type":"Feature","properties":{"id":1227,"t":"kort"},"geometry":{"type":"Point","coordinates":[14.3751,67.2827]}},{"type":"Feature","properties":{"id":1228,"t":"kort"},"geometry":{"type":"Point","coordinates":[5.6529,58.7364]}},{"type":"Feature","properties":{"id":1229,"t":"ultra"},"geometry":{"type":"Point","coordinates":[7.9957,58.1461]}},{"type":"Feature","properties":{"id":1230,"t":"ultra"},"geometry":{"type":"Point","coordinates":[5.5303,60.5309]}},{"type":"Feature","properties":{"id":1231,"t":"kort"},"geometry":{"type":"Point","coordinates":[5.4997,59.7808]}},{"type":"Feature","properties":{"id":1232,"t":"ultra"},"geometry":{"type":"Point","coordinates":[10.2754,63.287]}},{"type":"Feature","properties":{"id":1233,"t":"ultra"},"geometry":{"type":"Point","coordinates":[6.029,62.3704]}},{"type":"Feature","properties":{"id":1234,"t":"kort"},"geometry":{"type":"Point","coordinates":[5.3245,60.3932]}},{"type":"Feature","properties":{"id":1235,"t":"ultra"},"geometry":{"type":"Point","coordinates":[14.9963,68.5409]}},{"type":"Feature","properties":{"id":1236,"t":"ultra"},"geometry":{"type":"Point","coordinates":[10.2045,59.7439]}},{"type":"Feature","properties":{"id":1237,"t":"kort"},"geometry":{"type":"Point","coordinates":[6.6603,58.2971]}},{"type":"Feature","properties":{"id":1238,"t":"kort"},"geometry":{"type":"Point","coordinates":[5.088,61.758]}},{"type":"Feature","properties":{"id":1239,"t":"ultra"},"geometry":{"type":"Point","coordinates":[6.1611,59.1528]}},{"type":"Feature","properties":{"id":1240,"t":"ultra"},"geometry":{"type":"Point","coordinates":[11.1097,59.2839]}},{"type":"Feature","properties":{"id":1241,"t":"kort"},"geometry":{"type":"Point","coordinates":[5.9553,58.7704]}},{"type":"Feature","properties":{"id":1242,"t":"ultra"},"geometry":{"type":"Point","coordinates":[8.9311,58.6227]}},{"type":"Feature","properties":{"id":1243,"t":"ultra"},"geometry":{"type":"Point","coordinates":[10.4663,61.1151]}},{"type":"Feature","properties":{"id":1244,"t":"kort"},"geometry":{"type":"Point","coordinates":[10.7461,59.9127]}},{"type":"Feature","properties":{"id":1245,"t":"ultra"},"geometry":{"type":"Point","coordinates":[10.9413,60.7621]}},{"type":"Feature","properties":{"id":1246,"t":"kort"},"geometry":{"type":"Point","coordinates":[9.2116,63.0555]}},{"type":"Feature","properties":{"id":1247,"t":"ultra"},"geometry":{"type":"Point","coordinates":[11.3874,59.1246]}},{"type":"Feature","properties":{"id":1248,"t":"kort"},"geometry":{"type":"Point","coordinates":[6.4183,60.6278]}},{"type":"Feature","properties":{"id":1249,"t":"kort"},"geometry":{"type":"Point","coordinates":[9.6474,59.6635]}},{"type":"Feature","properties":{"id":1250,"t":"kort"},"geometry":{"type":"Point","coordinates":[5.7642,58.8516]}},{"type":"Feature","properties":{"id":1251,"t":"ultra"},"geometry":{"type":"Point","coordinates":[11.7955,60.6833]}},{"type":"Feature","properties":{"id":1252,"t":"ultra"},"geometry":{"type":"Point","coordinates":[10.6994,60.6696]}},{"type":"Feature","properties":{"id":1253,"t":"kort"},"geometry":{"type":"Point","coordinates":[11.9977,60.1905]}},{"type":"Feature","properties":{"id":1254,"t":"kort"},"geometry":{"type":"Point","coordinates":[11.0679,60.7945]}},{"type":"Feature","properties":{"id":1255,"t":"ultra"},"geometry":{"type":"Point","coordinates":[8.7669,58.4612]}},{"type":"Feature","properties":{"id":1256,"t":"kort"},"geometry":{"type":"Point","coordinates":[11.4978,64.4656]}},{"type":"Feature","properties":{"id":1257,"t":"kort"},"geometry":{"type":"Point","coordinates":[18.9637,69.6546]}},{"type":"Feature","properties":{"id":1258,"t":"kort"},"geometry":{"type":"Point","coordinates":[16.5441,68.8011]}},{"type":"Feature","properties":{"id":1259,"t":"ultra"},"geometry":{"type":"Point","coordinates":[7.9957,58.1461]}},{"type":"Feature","properties":{"id":1260,"t":"kort"},"geometry":{"type":"Point","coordinates":[7.9957,58.1461]}},{"type":"Feature","properties":{"id":1261,"t":"ultra"},"geometry":{"type":"Point","coordinates":[10.3951,63.4305]}},{"type":"Feature","properties":{"id":1262,"t":"ultra"},"geometry":{"type":"Point","coordinates":[10.7461,59.9127]}},{"type":"Feature","properties":{"id":1263,"t":"kort"},"geometry":{"type":"Point","coordinates":[5.7294,58.969]}},{"type":"Feature","properties":{"id":1264,"t":"ultra"},"geometry":{"type":"Point","coordinates":[5.3245,60.3932]}},{"type":"Feature","properties":{"id":1265,"t":"ultra"},"geometry":{"type":"Point","coordinates":[5.3245,60.3932]}},{"type":"Feature","properties":{"id":1266,"t":"ultra"},"geometry":{"type":"Point","coordinates":[8.1167,62.2983]}},{"type":"Feature","properties":{"id":1267,"t":"ultra"},"geometry":{"type":"Point","coordinates":[10.6577,59.434]}},{"type":"Feature","properties":{"id":1268,"t":"ultra"},"geometry":{"type":"Point","coordinates":[10.9413,60.7621]}},{"type":"Feature","properties":{"id":1269,"t":"ultra"},"geometry":{"type":"Point","coordinates":[5.3245,60.3932]}},{"type":"Feature","properties":{"id":1270,"t":"kort"},"geometry":{"type":"Point","coordinates":[6.5823,62.3964]}},{"type":"Feature","properties":{"id":1271,"t":"ultra"},"geometry":{"type":"Point","coordinates":[10.4164,61.2631]}},{"type":"Feature","properties":{"id":1272,"t":"kort"},"geometry":{"type":"Point","coordinates":[10.3951,63.4305]}},{"type":"Feature","properties":{"id":1273,"t":"kort"},"geometry":{"type":"Point","coordinates":[13.0184,66.1982]}},{"type":"Feature","properties":{"id":1274,"t":"kort"},"geometry":{"type":"Point","coordinates":[7.6771,62.8938]}},{"type":"Feature","properties":{"id":1275,"t":"kort"},"geometry":{"type":"Point","coordinates":[11.4594,60.1071]}},{"type":"Feature","properties":{"id":1276,"t":"ultra"},"geometry":{"type":"Point","coordinates":[10.7461,59.9127]}},{"type":"Feature","properties":{"id":1277,"t":"kort"},"geometry":{"type":"Point","coordinates":[5.6187,58.9995]}},{"type":"Feature","properties":{"id":1278,"t":"ultra"},"geometry":{"type":"Point","coordinates":[10.3176,59.4876]}},{"type":"Feature","properties":{"id":1279,"t":"kort"},"geometry":{"type":"Point","coordinates":[5.8079,59.6054]}},{"type":"Feature","properties":{"id":1280,"t":"kort"},"geometry":{"type":"Point","coordinates":[10.4663,61.1151]}},{"type":"Feature","properties":{"id":1281,"t":"ultra"},"geometry":{"type":"Point","coordinates":[5.7294,58.969]}},{"type":"Feature","properties":{"id":1282,"t":"ultra"},"geometry":{"type":"Point","coordinates":[6.0502,62.5038]}},{"type":"Feature","properties":{"id":1283,"t":"kort"},"geometry":{"type":"Point","coordinates":[6.9039,63.0469]}},{"type":"Feature","properties":{"id":1284,"t":"kort"},"geometry":{"type":"Point","coordinates":[5.3245,60.3932]}},{"type":"Feature","properties":{"id":1285,"t":"kort"},"geometry":{"type":"Point","coordinates":[10.9298,59.2182]}},{"type":"Feature","properties":{"id":1286,"t":"ultra"},"geometry":{"type":"Point","coordinates":[10.4834,59.4172]}},{"type":"Feature","properties":{"id":1287,"t":"kort"},"geometry":{"type":"Point","coordinates":[10.9126,63.4669]}},{"type":"Feature","properties":{"id":1288,"t":"ultra"},"geometry":{"type":"Point","coordinates":[11.4954,64.0148]}},{"type":"Feature","properties":{"id":1289,"t":"kort"},"geometry":{"type":"Point","coordinates":[10.4076,59.2675]}},{"type":"Feature","properties":{"id":1290,"t":"kort"},"geometry":{"type":"Point","coordinates":[10.2459,59.7866]}},{"type":"Feature","properties":{"id":1291,"t":"kort"},"geometry":{"type":"Point","coordinates":[6.3087,59.4721]}},{"type":"Feature","properties":{"id":1292,"t":"ultra"},"geometry":{"type":"Point","coordinates":[11.3874,59.1246]}},{"type":"Feature","properties":{"id":1293,"t":"ultra"},"geometry":{"type":"Point","coordinates":[16.5441,68.8011]}},{"type":"Feature","properties":{"id":1294,"t":"ultra"},"geometry":{"type":"Point","coordinates":[14.9963,68.5409]}},{"type":"Feature","properties":{"id":1295,"t":"kort"},"geometry":{"type":"Point","coordinates":[5.3245,60.3932]}},{"type":"Feature","properties":{"id":1296,"t":"kort"},"geometry":{"type":"Point","coordinates":[11.4978,64.4656]}},{"type":"Feature","properties":{"id":1297,"t":"ultra"},"geometry":{"type":"Point","coordinates":[10.3951,63.4305]}},{"type":"Feature","properties":{"id":1298,"t":"kort"},"geometry":{"type":"Point","coordinates":[6.9083,58.2917]}},{"type":"Feature","properties":{"id":1299,"t":"ultra"},"geometry":{"type":"Point","coordinates":[10.7461,59.9127]}},{"type":"Feature","properties":{"id":1300,"t":"kort"},"geometry":{"type":"Point","coordinates":[5.5404,61.493]}},{"type":"Feature","properties":{"id":1301,"t":"kort"},"geometry":{"type":"Point","coordinates":[5.268,59.4138]}},{"type":"Feature","properties":{"id":1302,"t":"kort"},"geometry":{"type":"Point","coordinates":[5.3245,60.3932]}},{"type":"Feature","properties":{"id":1303,"t":"kort"},"geometry":{"type":"Point","coordinates":[5.7294,58.969]}},{"type":"Feature","properties":{"id":1304,"t":"kort"},"geometry":{"type":"Point","coordinates":[5.7408,58.8509]}},{"type":"Feature","properties":{"id":1305,"t":"kort"},"geometry":{"type":"Point","coordinates":[6.1116,61.8027]}},{"type":"Feature","properties":{"id":1306,"t":"kort"},"geometry":{"type":"Point","coordinates":[11.2996,63.7464]}},{"type":"Feature","properties":{"id":1307,"t":"ultra"},"geometry":{"type":"Point","coordinates":[10.3951,63.4305]}},{"type":"Feature","properties":{"id":1308,"t":"kort"},"geometry":{"type":"Point","coordinates":[5.3245,60.3932]}},{"type":"Feature","properties":{"id":1309,"t":"ultra"},"geometry":{"type":"Point","coordinates":[5.2025,61.3362]}},{"type":"Feature","properties":{"id":1310,"t":"ultra"},"geometry":{"type":"Point","coordinates":[10.2378,61.2169]}},{"type":"Feature","properties":{"id":1311,"t":"kort"},"geometry":{"type":"Point","coordinates":[10.4834,59.4172]}},{"type":"Feature","properties":{"id":1312,"t":"kort"},"geometry":{"type":"Point","coordinates":[10.3951,63.4305]}},{"type":"Feature","properties":{"id":1313,"t":"ultra"},"geometry":{"type":"Point","coordinates":[10.2045,59.7439]}},{"type":"Feature","properties":{"id":1314,"t":"ultra"},"geometry":{"type":"Point","coordinates":[9.1028,60.5681]}},{"type":"Feature","properties":{"id":1315,"t":"kort"},"geometry":{"type":"Point","coordinates":[10.0168,60.965]}},{"type":"Feature","properties":{"id":1316,"t":"kort"},"geometry":{"type":"Point","coordinates":[10.4076,59.2675]}},{"type":"Feature","properties":{"id":1317,"t":"kort"},"geometry":{"type":"Point","coordinates":[7.9957,58.1461]}},{"type":"Feature","properties":{"id":1318,"t":"kort"},"geometry":{"type":"Point","coordinates":[11.0679,60.7945]}},{"type":"Feature","properties":{"id":1319,"t":"ultra"},"geometry":{"type":"Point","coordinates":[17.5766,68.897]}},{"type":"Feature","properties":{"id":1320,"t":"kort"},"geometry":{"type":"Point","coordinates":[10.7461,59.9127]}},{"type":"Feature","properties":{"id":1321,"t":"ultra"},"geometry":{"type":"Point","coordinates":[7.9957,58.1461]}},{"type":"Feature","properties":{"id":1322,"t":"ultra"},"geometry":{"type":"Point","coordinates":[8.1167,62.2983]}},{"type":"Feature","properties":{"id":1323,"t":"ultra"},"geometry":{"type":"Point","coordinates":[10.7461,59.9127]}},{"type":"Feature","properties":{"id":1324,"t":"kort"},"geometry":{"type":"Point","coordinates":[11.4978,64.4656]}},{"type":"Feature","properties":{"id":1325,"t":"kort"},"geometry":{"type":"Point","coordinates":[6.0032,58.4524]}},{"type":"Feature","properties":{"id":1326,"t":"ultra"},"geometry":{"type":"Point","coordinates":[23.2716,69.9689]}},{"type":"Feature","properties":{"id":1327,"t":"kort"},"geometry":{"type":"Point","coordinates":[5.3245,60.3932]}},{"type":"Feature","properties":{"id":1328,"t":"kort"},"geometry":{"type":"Point","coordinates":[10.4164,61.2631]}},{"type":"Feature","properties":{"id":1329,"t":"kort"},"geometry":{"type":"Point","coordinates":[10.7461,59.9127]}},{"type":"Feature","properties":{"id":1330,"t":"ultra"},"geometry":{"type":"Point","coordinates":[11.0679,60.7945]}},{"type":"Feature","properties":{"id":1331,"t":"ultra"},"geometry":{"type":"Point","coordinates":[10.4076,59.2675]}},{"type":"Feature","properties":{"id":1332,"t":"kort"},"geometry":{"type":"Point","coordinates":[10.7461,59.9127]}},{"type":"Feature","properties":{"id":1333,"t":"ultra"},"geometry":{"type":"Point","coordinates":[10.6738,63.4338]}},{"type":"Feature","properties":{"id":1334,"t":"ultra"},"geometry":{"type":"Point","coordinates":[11.2616,60.3304]}},{"type":"Feature","properties":{"id":1335,"t":"kort"},"geometry":{"type":"Point","coordinates":[12.2163,65.4619]}},{"type":"Feature","properties":{"id":1336,"t":"kort"},"geometry":{"type":"Point","coordinates":[8.5934,58.3405]}},{"type":"Feature","properties":{"id":1337,"t":"ultra"},"geometry":{"type":"Point","coordinates":[10.6494,59.8422]}},{"type":"Feature","properties":{"id":1338,"t":"ultra"},"geometry":{"type":"Point","coordinates":[10.9298,59.2182]}},{"type":"Feature","properties":{"id":1339,"t":"kort"},"geometry":{"type":"Point","coordinates":[5.7642,58.8516]}},{"type":"Feature","properties":{"id":1340,"t":"kort"},"geometry":{"type":"Point","coordinates":[5.3245,60.3932]}},{"type":"Feature","properties":{"id":1341,"t":"kort"},"geometry":{"type":"Point","coordinates":[7.9957,58.1461]}},{"type":"Feature","properties":{"id":1342,"t":"kort"},"geometry":{"type":"Point","coordinates":[5.2216,60.0949]}},{"type":"Feature","properties":{"id":1343,"t":"kort"},"geometry":{"type":"Point","coordinates":[10.7461,59.9127]}},{"type":"Feature","properties":{"id":1344,"t":"ultra"},"geometry":{"type":"Point","coordinates":[10.2223,59.1313]}},{"type":"Feature","properties":{"id":1345,"t":"kort"},"geometry":{"type":"Point","coordinates":[6.1549,62.4723]}},{"type":"Feature","properties":{"id":1346,"t":"kort"},"geometry":{"type":"Point","coordinates":[10.4644,60.396]}},{"type":"Feature","properties":{"id":1347,"t":"ultra"},"geometry":{"type":"Point","coordinates":[6.0711,62.146]}},{"type":"Feature","properties":{"id":1348,"t":"kort"},"geometry":{"type":"Point","coordinates":[5.268,59.4138]}},{"type":"Feature","properties":{"id":1349,"t":"kort"},"geometry":{"type":"Point","coordinates":[5.3167,59.918]}},{"type":"Feature","properties":{"id":1350,"t":"kort"},"geometry":{"type":"Point","coordinates":[10.7461,59.9127]}},{"type":"Feature","properties":{"id":1351,"t":"kort"},"geometry":{"type":"Point","coordinates":[10.9298,59.2182]}},{"type":"Feature","properties":{"id":1352,"t":"kort"},"geometry":{"type":"Point","coordinates":[10.2459,59.7866]}},{"type":"Feature","properties":{"id":1353,"t":"ultra"},"geometry":{"type":"Point","coordinates":[10.7461,59.9127]}},{"type":"Feature","properties":{"id":1354,"t":"ultra"},"geometry":{"type":"Point","coordinates":[10.3951,63.4305]}},{"type":"Feature","properties":{"id":1355,"t":"ultra"},"geometry":{"type":"Point","coordinates":[10.9413,60.7621]}},{"type":"Feature","properties":{"id":1356,"t":"ultra"},"geometry":{"type":"Point","coordinates":[5.9553,58.7704]}},{"type":"Feature","properties":{"id":1357,"t":"kort"},"geometry":{"type":"Point","coordinates":[5.3245,60.3932]}},{"type":"Feature","properties":{"id":1358,"t":"ultra"},"geometry":{"type":"Point","coordinates":[7.9957,58.1461]}},{"type":"Feature","properties":{"id":1359,"t":"ultra"},"geometry":{"type":"Point","coordinates":[10.5267,59.8901]}},{"type":"Feature","properties":{"id":1360,"t":"kort"},"geometry":{"type":"Point","coordinates":[10.7461,59.9127]}},{"type":"Feature","properties":{"id":1361,"t":"kort"},"geometry":{"type":"Point","coordinates":[10.9298,59.2182]}},{"type":"Feature","properties":{"id":1362,"t":"ultra"},"geometry":{"type":"Point","coordinates":[10.2223,59.1313]}},{"type":"Feature","properties":{"id":1363,"t":"ultra"},"geometry":{"type":"Point","coordinates":[5.7408,58.8509]}},{"type":"Feature","properties":{"id":1364,"t":"ultra"},"geometry":{"type":"Point","coordinates":[10.5267,59.8901]}},{"type":"Feature","properties":{"id":1365,"t":"ultra"},"geometry":{"type":"Point","coordinates":[23.2716,69.9689]}},{"type":"Feature","properties":{"id":1366,"t":"kort"},"geometry":{"type":"Point","coordinates":[5.3245,60.3932]}},{"type":"Feature","properties":{"id":1367,"t":"ultra"},"geometry":{"type":"Point","coordinates":[11.0679,60.7945]}},{"type":"Feature","properties":{"id":1368,"t":"ultra"},"geometry":{"type":"Point","coordinates":[5.7642,58.8516]}},{"type":"Feature","properties":{"id":1369,"t":"ultra"},"geometry":{"type":"Point","coordinates":[5.448,59.4217]}},{"type":"Feature","properties":{"id":1370,"t":"kort"},"geometry":{"type":"Point","coordinates":[10.0168,60.965]}},{"type":"Feature","properties":{"id":1371,"t":"ultra"},"geometry":{"type":"Point","coordinates":[8.233,58.3349]}},{"type":"Feature","properties":{"id":1372,"t":"kort"},"geometry":{"type":"Point","coordinates":[5.7408,58.8509]}},{"type":"Feature","properties":{"id":1373,"t":"kort"},"geometry":{"type":"Point","coordinates":[10.3951,63.4305]}},{"type":"Feature","properties":{"id":1374,"t":"ultra"},"geometry":{"type":"Point","coordinates":[10.9298,59.2182]}},{"type":"Feature","properties":{"id":1375,"t":"ultra"},"geometry":{"type":"Point","coordinates":[5.3245,60.3932]}},{"type":"Feature","properties":{"id":1376,"t":"kort"},"geometry":{"type":"Point","coordinates":[5.3245,60.3932]}},{"type":"Feature","properties":{"id":1377,"t":"kort"},"geometry":{"type":"Point","coordinates":[11.3518,59.4218]}},{"type":"Feature","properties":{"id":1378,"t":"kort"},"geometry":{"type":"Point","coordinates":[7.4501,58.0264]}},{"type":"Feature","properties":{"id":1379,"t":"kort"},"geometry":{"type":"Point","coordinates":[12.2163,65.4619]}},{"type":"Feature","properties":{"id":1380,"t":"kort"},"geometry":{"type":"Point","coordinates":[5.7294,58.969]}},{"type":"Feature","properties":{"id":1381,"t":"kort"},"geometry":{"type":"Point","coordinates":[11.5623,60.8819]}},{"type":"Feature","properties":{"id":1382,"t":"ultra"},"geometry":{"type":"Point","coordinates":[5.7408,58.8509]}},{"type":"Feature","properties":{"id":1383,"t":"kort"},"geometry":{"type":"Point","coordinates":[7.9957,58.1461]}},{"type":"Feature","properties":{"id":1384,"t":"ultra"},"geometry":{"type":"Point","coordinates":[10.7461,59.9127]}},{"type":"Feature","properties":{"id":1385,"t":"kort"},"geometry":{"type":"Point","coordinates":[5.3245,60.3932]}},{"type":"Feature","properties":{"id":1386,"t":"ultra"},"geometry":{"type":"Point","coordinates":[10.7461,59.9127]}},{"type":"Feature","properties":{"id":1387,"t":"kort"},"geometry":{"type":"Point","coordinates":[5.7294,58.969]}},{"type":"Feature","properties":{"id":1388,"t":"ultra"},"geometry":{"type":"Point","coordinates":[5.2216,60.0949]}},{"type":"Feature","properties":{"id":1389,"t":"kort"},"geometry":{"type":"Point","coordinates":[28.1916,70.1986]}},{"type":"Feature","properties":{"id":1390,"t":"ultra"},"geometry":{"type":"Point","coordinates":[7.9957,58.1461]}},{"type":"Feature","properties":{"id":1391,"t":"kort"},"geometry":{"type":"Point","coordinates":[10.0168,60.965]}},{"type":"Feature","properties":{"id":1392,"t":"kort"},"geometry":{"type":"Point","coordinates":[10.2459,59.7866]}},{"type":"Feature","properties":{"id":1393,"t":"ultra"},"geometry":{"type":"Point","coordinates":[8.7669,58.4612]}},{"type":"Feature","properties":{"id":1394,"t":"kort"},"geometry":{"type":"Point","coordinates":[7.9957,58.1461]}},{"type":"Feature","properties":{"id":1395,"t":"kort"},"geometry":{"type":"Point","coordinates":[12.2878,65.405]}},{"type":"Feature","properties":{"id":1396,"t":"kort"},"geometry":{"type":"Point","coordinates":[10.3951,63.4305]}},{"type":"Feature","properties":{"id":1397,"t":"kort"},"geometry":{"type":"Point","coordinates":[6.1549,62.4723]}},{"type":"Feature","properties":{"id":1398,"t":"ultra"},"geometry":{"type":"Point","coordinates":[10.7461,59.9127]}},{"type":"Feature","properties":{"id":1399,"t":"kort"},"geometry":{"type":"Point","coordinates":[10.4076,59.2675]}},{"type":"Feature","properties":{"id":1400,"t":"kort"},"geometry":{"type":"Point","coordinates":[10.7461,59.9127]}},{"type":"Feature","properties":{"id":1401,"t":"kort"},"geometry":{"type":"Point","coordinates":[5.3245,60.3932]}},{"type":"Feature","properties":{"id":1402,"t":"ultra"},"geometry":{"type":"Point","coordinates":[5.3245,60.3932]}},{"type":"Feature","properties":{"id":1403,"t":"kort"},"geometry":{"type":"Point","coordinates":[5.2532,59.3939]}},{"type":"Feature","properties":{"id":1404,"t":"ultra"},"geometry":{"type":"Point","coordinates":[9.609,59.2096]}},{"type":"Feature","properties":{"id":1405,"t":"kort"},"geometry":{"type":"Point","coordinates":[5.3245,60.3932]}},{"type":"Feature","properties":{"id":1406,"t":"kort"},"geometry":{"type":"Point","coordinates":[5.3245,60.3932]}},{"type":"Feature","properties":{"id":1407,"t":"ultra"},"geometry":{"type":"Point","coordinates":[10.9298,59.2182]}},{"type":"Feature","properties":{"id":1408,"t":"ultra"},"geometry":{"type":"Point","coordinates":[6.3087,59.4721]}},{"type":"Feature","properties":{"id":1409,"t":"kort"},"geometry":{"type":"Point","coordinates":[5.3245,60.3932]}},{"type":"Feature","properties":{"id":1410,"t":"kort"},"geometry":{"type":"Point","coordinates":[10.3951,63.4305]}},{"type":"Feature","properties":{"id":1411,"t":"kort"},"geometry":{"type":"Point","coordinates":[10.7461,59.9127]}},{"type":"Feature","properties":{"id":1412,"t":"kort"},"geometry":{"type":"Point","coordinates":[6.1549,62.4723]}},{"type":"Feature","properties":{"id":1413,"t":"ultra"},"geometry":{"type":"Point","coordinates":[11.1097,59.2839]}},{"type":"Feature","properties":{"id":1414,"t":"kort"},"geometry":{"type":"Point","coordinates":[10.5267,59.8901]}},{"type":"Feature","properties":{"id":1415,"t":"ultra"},"geometry":{"type":"Point","coordinates":[11.1097,59.2839]}},{"type":"Feature","properties":{"id":1416,"t":"kort"},"geometry":{"type":"Point","coordinates":[5.5303,60.5309]}},{"type":"Feature","properties":{"id":1417,"t":"kort"},"geometry":{"type":"Point","coordinates":[5.3245,60.3932]}},{"type":"Feature","properties":{"id":1418,"t":"kort"},"geometry":{"type":"Point","coordinates":[6.1549,62.4723]}},{"type":"Feature","properties":{"id":1419,"t":"kort"},"geometry":{"type":"Point","coordinates":[10.6915,60.7957]}},{"type":"Feature","properties":{"id":1420,"t":"kort"},"geometry":{"type":"Point","coordinates":[10.5267,59.8901]}},{"type":"Feature","properties":{"id":1421,"t":"kort"},"geometry":{"type":"Point","coordinates":[7.4501,58.0264]}},{"type":"Feature","properties":{"id":1422,"t":"kort"},"geometry":{"type":"Point","coordinates":[10.4076,59.2675]}},{"type":"Feature","properties":{"id":1423,"t":"kort"},"geometry":{"type":"Point","coordinates":[10.0488,60.2917]}},{"type":"Feature","properties":{"id":1424,"t":"kort"},"geometry":{"type":"Point","coordinates":[10.3951,63.4305]}},{"type":"Feature","properties":{"id":1425,"t":"kort"},"geometry":{"type":"Point","coordinates":[5.5303,60.5309]}},{"type":"Feature","properties":{"id":1426,"t":"kort"},"geometry":{"type":"Point","coordinates":[6.0032,58.4524]}},{"type":"Feature","properties":{"id":1427,"t":"kort"},"geometry":{"type":"Point","coordinates":[9.609,59.2096]}},{"type":"Feature","properties":{"id":1428,"t":"ultra"},"geometry":{"type":"Point","coordinates":[5.3245,60.3932]}},{"type":"Feature","properties":{"id":1429,"t":"kort"},"geometry":{"type":"Point","coordinates":[10.9298,59.2182]}},{"type":"Feature","properties":{"id":1430,"t":"kort"},"geometry":{"type":"Point","coordinates":[18.9637,69.6546]}},{"type":"Feature","properties":{"id":1431,"t":"kort"},"geometry":{"type":"Point","coordinates":[6.1549,62.4723]}},{"type":"Feature","properties":{"id":1432,"t":"kort"},"geometry":{"type":"Point","coordinates":[5.6529,58.8886]}},{"type":"Feature","properties":{"id":1433,"t":"ultra"},"geometry":{"type":"Point","coordinates":[10.2045,59.7439]}},{"type":"Feature","properties":{"id":1434,"t":"kort"},"geometry":{"type":"Point","coordinates":[10.7461,59.9127]}},{"type":"Feature","properties":{"id":1435,"t":"kort"},"geometry":{"type":"Point","coordinates":[5.3245,60.3932]}},{"type":"Feature","properties":{"id":1436,"t":"kort"},"geometry":{"type":"Point","coordinates":[10.3951,63.4305]}},{"type":"Feature","properties":{"id":1437,"t":"kort"},"geometry":{"type":"Point","coordinates":[6.1549,62.4723]}},{"type":"Feature","properties":{"id":1438,"t":"ultra"},"geometry":{"type":"Point","coordinates":[11.743,63.4141]}},{"type":"Feature","properties":{"id":1439,"t":"ultra"},"geometry":{"type":"Point","coordinates":[5.7408,58.8509]}},{"type":"Feature","properties":{"id":1440,"t":"kort"},"geometry":{"type":"Point","coordinates":[6.1549,62.4723]}},{"type":"Feature","properties":{"id":1441,"t":"ultra"},"geometry":{"type":"Point","coordinates":[8.9455,60.7014]}},{"type":"Feature","properties":{"id":1442,"t":"ultra"},"geometry":{"type":"Point","coordinates":[10.9298,59.2182]}},{"type":"Feature","properties":{"id":1443,"t":"ultra"},"geometry":{"type":"Point","coordinates":[10.7461,59.9127]}},{"type":"Feature","properties":{"id":1444,"t":"kort"},"geometry":{"type":"Point","coordinates":[10.9298,59.2182]}},{"type":"Feature","properties":{"id":1445,"t":"kort"},"geometry":{"type":"Point","coordinates":[10.4644,60.396]}},{"type":"Feature","properties":{"id":1446,"t":"kort"},"geometry":{"type":"Point","coordinates":[8.233,58.3349]}},{"type":"Feature","properties":{"id":1447,"t":"ultra"},"geometry":{"type":"Point","coordinates":[6.3087,59.4721]}},{"type":"Feature","properties":{"id":1448,"t":"ultra"},"geometry":{"type":"Point","coordinates":[9.4325,59.863]}},{"type":"Feature","properties":{"id":1449,"t":"kort"},"geometry":{"type":"Point","coordinates":[11.4594,60.1071]}},{"type":"Feature","properties":{"id":1450,"t":"kort"},"geometry":{"type":"Point","coordinates":[10.3951,63.4305]}},{"type":"Feature","properties":{"id":1451,"t":"ultra"},"geometry":{"type":"Point","coordinates":[9.6466,59.1317]}},{"type":"Feature","properties":{"id":1452,"t":"kort"},"geometry":{"type":"Point","coordinates":[5.3245,60.3932]}},{"type":"Feature","properties":{"id":1453,"t":"ultra"},"geometry":{"type":"Point","coordinates":[10.3951,63.4305]}},{"type":"Feature","properties":{"id":1454,"t":"ultra"},"geometry":{"type":"Point","coordinates":[10.0488,60.2917]}},{"type":"Feature","properties":{"id":1455,"t":"kort"},"geometry":{"type":"Point","coordinates":[6.3542,59.6506]}},{"type":"Feature","properties":{"id":1456,"t":"kort"},"geometry":{"type":"Point","coordinates":[10.7461,59.9127]}},{"type":"Feature","properties":{"id":1457,"t":"kort"},"geometry":{"type":"Point","coordinates":[7.4599,61.4432]}},{"type":"Feature","properties":{"id":1458,"t":"ultra"},"geometry":{"type":"Point","coordinates":[10.4076,59.2675]}},{"type":"Feature","properties":{"id":1459,"t":"kort"},"geometry":{"type":"Point","coordinates":[5.7294,58.969]}},{"type":"Feature","properties":{"id":1460,"t":"ultra"},"geometry":{"type":"Point","coordinates":[11.3518,59.4218]}},{"type":"Feature","properties":{"id":1461,"t":"kort"},"geometry":{"type":"Point","coordinates":[5.7294,58.969]}},{"type":"Feature","properties":{"id":1462,"t":"ultra"},"geometry":{"type":"Point","coordinates":[10.7461,59.9127]}},{"type":"Feature","properties":{"id":1463,"t":"kort"},"geometry":{"type":"Point","coordinates":[9.2585,59.5594]}},{"type":"Feature","properties":{"id":1464,"t":"ultra"},"geometry":{"type":"Point","coordinates":[6.129,62.1998]}},{"type":"Feature","properties":{"id":1465,"t":"kort"},"geometry":{"type":"Point","coordinates":[10.3951,63.4305]}},{"type":"Feature","properties":{"id":1466,"t":"ultra"},"geometry":{"type":"Point","coordinates":[10.7461,59.9127]}},{"type":"Feature","properties":{"id":1467,"t":"kort"},"geometry":{"type":"Point","coordinates":[6.1549,62.4723]}},{"type":"Feature","properties":{"id":1468,"t":"ultra"},"geometry":{"type":"Point","coordinates":[10.0352,59.0533]}},{"type":"Feature","properties":{"id":1469,"t":"kort"},"geometry":{"type":"Point","coordinates":[5.3245,60.3932]}},{"type":"Feature","properties":{"id":1470,"t":"kort"},"geometry":{"type":"Point","coordinates":[10.7461,59.9127]}},{"type":"Feature","properties":{"id":1471,"t":"kort"},"geometry":{"type":"Point","coordinates":[5.6529,58.8886]}},{"type":"Feature","properties":{"id":1472,"t":"ultra"},"geometry":{"type":"Point","coordinates":[5.3245,60.3932]}},{"type":"Feature","properties":{"id":1473,"t":"ultra"},"geometry":{"type":"Point","coordinates":[10.7461,59.9127]}},{"type":"Feature","properties":{"id":1474,"t":"kort"},"geometry":{"type":"Point","coordinates":[14.9963,68.5409]}},{"type":"Feature","properties":{"id":1475,"t":"ultra"},"geometry":{"type":"Point","coordinates":[9.4325,59.863]}},{"type":"Feature","properties":{"id":1476,"t":"ultra"},"geometry":{"type":"Point","coordinates":[10.3951,63.4305]}},{"type":"Feature","properties":{"id":1477,"t":"ultra"},"geometry":{"type":"Point","coordinates":[6.9475,62.3077]}},{"type":"Feature","properties":{"id":1478,"t":"ultra"},"geometry":{"type":"Point","coordinates":[10.4834,59.4172]}},{"type":"Feature","properties":{"id":1479,"t":"ultra"},"geometry":{"type":"Point","coordinates":[10.6307,62.1077]}},{"type":"Feature","properties":{"id":1480,"t":"ultra"},"geometry":{"type":"Point","coordinates":[8.9455,60.7014]}},{"type":"Feature","properties":{"id":1481,"t":"kort"},"geometry":{"type":"Point","coordinates":[9.2585,59.5594]}},{"type":"Feature","properties":{"id":1482,"t":"ultra"},"geometry":{"type":"Point","coordinates":[11.0032,60.2134]}},{"type":"Feature","properties":{"id":1483,"t":"ultra"},"geometry":{"type":"Point","coordinates":[10.3951,63.4305]}},{"type":"Feature","properties":{"id":1484,"t":"kort"},"geometry":{"type":"Point","coordinates":[5.7294,58.969]}},{"type":"Feature","properties":{"id":1485,"t":"ultra"},"geometry":{"type":"Point","coordinates":[10.6307,62.1077]}},{"type":"Feature","properties":{"id":1486,"t":"ultra"},"geometry":{"type":"Point","coordinates":[-88.8128,42.9918]}},{"type":"Feature","properties":{"id":1487,"t":"kort"},"geometry":{"type":"Point","coordinates":[-74.9591,39.9723]}},{"type":"Feature","properties":{"id":1488,"t":"ultra"},"geometry":{"type":"Point","coordinates":[-88.8048,43.004]}},{"type":"Feature","properties":{"id":1489,"t":"kort"},"geometry":{"type":"Point","coordinates":[-88.8023,42.9952]}},{"type":"Feature","properties":{"id":1490,"t":"kort"},"geometry":{"type":"Point","coordinates":[-96.0503,41.2672]}},{"type":"Feature","properties":{"id":1491,"t":"kort"},"geometry":{"type":"Point","coordinates":[-75.2691,40.0982]}},{"type":"Feature","properties":{"id":1492,"t":"kort"},"geometry":{"type":"Point","coordinates":[-88.809,43.0078]}},{"type":"Feature","properties":{"id":1493,"t":"kort"},"geometry":{"type":"Point","coordinates":[-74.007,40.7528]}},{"type":"Feature","properties":{"id":1494,"t":"kort"},"geometry":{"type":"Point","coordinates":[-88.7983,42.9964]}},{"type":"Feature","properties":{"id":1495,"t":"kort"},"geometry":{"type":"Point","coordinates":[-81.652,41.5127]}},{"type":"Feature","properties":{"id":1496,"t":"kort"},"geometry":{"type":"Point","coordinates":[-88.9636,42.7741]}},{"type":"Feature","properties":{"id":1497,"t":"kort"},"geometry":{"type":"Point","coordinates":[-72.6076,41.3156]}},{"type":"Feature","properties":{"id":1498,"t":"kort"},"geometry":{"type":"Point","coordinates":[-84.4337,38.015]}},{"type":"Feature","properties":{"id":1499,"t":"kort"},"geometry":{"type":"Point","coordinates":[-106.0926,37.7263]}},{"type":"Feature","properties":{"id":1500,"t":"kort"},"geometry":{"type":"Point","coordinates":[-85.719,33.6769]}},{"type":"Feature","properties":{"id":1501,"t":"half"},"geometry":{"type":"Point","coordinates":[-80.4116,25.5956]}},{"type":"Feature","properties":{"id":1502,"t":"kort"},"geometry":{"type":"Point","coordinates":[-114.0329,46.8599]}},{"type":"Feature","properties":{"id":1503,"t":"kort"},"geometry":{"type":"Point","coordinates":[-77.1688,39.0882]}},{"type":"Feature","properties":{"id":1504,"t":"kort"},"geometry":{"type":"Point","coordinates":[-93.1398,35.2808]}},{"type":"Feature","properties":{"id":1505,"t":"ultra"},"geometry":{"type":"Point","coordinates":[-88.3218,41.8816]}},{"type":"Feature","properties":{"id":1506,"t":"kort"},"geometry":{"type":"Point","coordinates":[-81.9272,28.0395]}},{"type":"Feature","properties":{"id":1507,"t":"kort"},"geometry":{"type":"Point","coordinates":[-81.9392,28.0397]}},{"type":"Feature","properties":{"id":1508,"t":"kort"},"geometry":{"type":"Point","coordinates":[-81.9307,28.0465]}},{"type":"Feature","properties":{"id":1509,"t":"kort"},"geometry":{"type":"Point","coordinates":[-81.9493,28.0044]}},{"type":"Feature","properties":{"id":1510,"t":"kort"},"geometry":{"type":"Point","coordinates":[-81.9997,28.0416]}},{"type":"Feature","properties":{"id":1511,"t":"kort"},"geometry":{"type":"Point","coordinates":[-81.949,28.0048]}},{"type":"Feature","properties":{"id":1512,"t":"kort"},"geometry":{"type":"Point","coordinates":[-71.101,42.3549]}},{"type":"Feature","properties":{"id":1513,"t":"kort"},"geometry":{"type":"Point","coordinates":[-75.6239,40.2553]}},{"type":"Feature","properties":{"id":1514,"t":"kort"},"geometry":{"type":"Point","coordinates":[-78.5721,38.0976]}},{"type":"Feature","properties":{"id":1515,"t":"ultra"},"geometry":{"type":"Point","coordinates":[-79.9446,40.2152]}},{"type":"Feature","properties":{"id":1516,"t":"kort"},"geometry":{"type":"Point","coordinates":[-80.1959,35.3573]}},{"type":"Feature","properties":{"id":1517,"t":"kort"},"geometry":{"type":"Point","coordinates":[-96.8762,32.9707]}},{"type":"Feature","properties":{"id":1518,"t":"kort"},"geometry":{"type":"Point","coordinates":[-86.1467,39.7754]}},{"type":"Feature","properties":{"id":1519,"t":"kort"},"geometry":{"type":"Point","coordinates":[-89.9609,38.8132]}},{"type":"Feature","properties":{"id":1520,"t":"kort"},"geometry":{"type":"Point","coordinates":[-81.7943,41.4873]}},{"type":"Feature","properties":{"id":1521,"t":"kort"},"geometry":{"type":"Point","coordinates":[-124.397,43.1054]}},{"type":"Feature","properties":{"id":1522,"t":"kort"},"geometry":{"type":"Point","coordinates":[-89.7199,40.7458]}},{"type":"Feature","properties":{"id":1523,"t":"kort"},"geometry":{"type":"Point","coordinates":[-71.4266,41.818]}},{"type":"Feature","properties":{"id":1524,"t":"kort"},"geometry":{"type":"Point","coordinates":[-76.0683,36.773]}},{"type":"Feature","properties":{"id":1525,"t":"kort"},"geometry":{"type":"Point","coordinates":[-76.1654,36.8]}},{"type":"Feature","properties":{"id":1526,"t":"ultra"},"geometry":{"type":"Point","coordinates":[-84.1446,33.4588]}},{"type":"Feature","properties":{"id":1527,"t":"kort"},"geometry":{"type":"Point","coordinates":[-83.3749,33.9351]}},{"type":"Feature","properties":{"id":1528,"t":"kort"},"geometry":{"type":"Point","coordinates":[-95.2645,30.0238]}},{"type":"Feature","properties":{"id":1529,"t":"kort"},"geometry":{"type":"Point","coordinates":[-82.0756,29.1889]}},{"type":"Feature","properties":{"id":1530,"t":"kort"},"geometry":{"type":"Point","coordinates":[-98.4888,45.4661]}},{"type":"Feature","properties":{"id":1531,"t":"kort"},"geometry":{"type":"Point","coordinates":[-77.0983,38.7146]}},{"type":"Feature","properties":{"id":1532,"t":"kort"},"geometry":{"type":"Point","coordinates":[-84.1634,33.4426]}},{"type":"Feature","properties":{"id":1533,"t":"kort"},"geometry":{"type":"Point","coordinates":[-87.8379,42.4366]}},{"type":"Feature","properties":{"id":1534,"t":"kort"},"geometry":{"type":"Point","coordinates":[-95.8056,36.0355]}},{"type":"Feature","properties":{"id":1535,"t":"kort"},"geometry":{"type":"Point","coordinates":[-84.4483,38.0576]}},{"type":"Feature","properties":{"id":1536,"t":"kort"},"geometry":{"type":"Point","coordinates":[-86.9172,33.5474]}},{"type":"Feature","properties":{"id":1537,"t":"kort"},"geometry":{"type":"Point","coordinates":[-86.926,33.545]}},{"type":"Feature","properties":{"id":1538,"t":"kort"},"geometry":{"type":"Point","coordinates":[-78.4889,38.0381]}},{"type":"Feature","properties":{"id":1539,"t":"kort"},"geometry":{"type":"Point","coordinates":[-113.5696,37.0867]}},{"type":"Feature","properties":{"id":1540,"t":"kort"},"geometry":{"type":"Point","coordinates":[-92.3446,39.0487]}},{"type":"Feature","properties":{"id":1541,"t":"kort"},"geometry":{"type":"Point","coordinates":[-74.8308,40.2136]}},{"type":"Feature","properties":{"id":1542,"t":"kort"},"geometry":{"type":"Point","coordinates":[-74.8208,40.2689]}},{"type":"Feature","properties":{"id":1543,"t":"kort"},"geometry":{"type":"Point","coordinates":[-87.0679,41.4537]}},{"type":"Feature","properties":{"id":1544,"t":"kort"},"geometry":{"type":"Point","coordinates":[-87.0754,41.4529]}},{"type":"Feature","properties":{"id":1545,"t":"kort"},"geometry":{"type":"Point","coordinates":[-117.2105,32.7619]}},{"type":"Feature","properties":{"id":1546,"t":"kort"},"geometry":{"type":"Point","coordinates":[-81.7589,28.5499]}},{"type":"Feature","properties":{"id":1547,"t":"kort"},"geometry":{"type":"Point","coordinates":[-77.4043,39.4057]}},{"type":"Feature","properties":{"id":1548,"t":"kort"},"geometry":{"type":"Point","coordinates":[-71.3201,42.6832]}},{"type":"Feature","properties":{"id":1549,"t":"kort"},"geometry":{"type":"Point","coordinates":[-77.6793,43.2886]}},{"type":"Feature","properties":{"id":1550,"t":"half"},"geometry":{"type":"Point","coordinates":[-73.9114,40.8558]}},{"type":"Feature","properties":{"id":1551,"t":"kort"},"geometry":{"type":"Point","coordinates":[-86.5601,34.7269]}},{"type":"Feature","properties":{"id":1552,"t":"kort"},"geometry":{"type":"Point","coordinates":[-74.0556,40.3376]}},{"type":"Feature","properties":{"id":1553,"t":"kort"},"geometry":{"type":"Point","coordinates":[-81.0002,33.9911]}},{"type":"Feature","properties":{"id":1554,"t":"kort"},"geometry":{"type":"Point","coordinates":[-87.6338,41.8957]}},{"type":"Feature","properties":{"id":1555,"t":"kort"},"geometry":{"type":"Point","coordinates":[-73.2023,41.2624]}},{"type":"Feature","properties":{"id":1556,"t":"kort"},"geometry":{"type":"Point","coordinates":[-81.942,28.0313]}},{"type":"Feature","properties":{"id":1557,"t":"kort"},"geometry":{"type":"Point","coordinates":[-86.4995,39.1497]}},{"type":"Feature","properties":{"id":1558,"t":"kort"},"geometry":{"type":"Point","coordinates":[-80.2099,35.3501]}},{"type":"Feature","properties":{"id":1559,"t":"kort"},"geometry":{"type":"Point","coordinates":[-81.4716,28.3975]}},{"type":"Feature","properties":{"id":1560,"t":"kort"},"geometry":{"type":"Point","coordinates":[-73.9192,41.2952]}},{"type":"Feature","properties":{"id":1561,"t":"kort"},"geometry":{"type":"Point","coordinates":[-84.1358,30.5454]}},{"type":"Feature","properties":{"id":1562,"t":"kort"},"geometry":{"type":"Point","coordinates":[-83.707,41.716]}},{"type":"Feature","properties":{"id":1563,"t":"kort"},"geometry":{"type":"Point","coordinates":[-75.8263,44.0721]}},{"type":"Feature","properties":{"id":1564,"t":"kort"},"geometry":{"type":"Point","coordinates":[-75.4716,44.6878]}},{"type":"Feature","properties":{"id":1565,"t":"marathon"},"geometry":{"type":"Point","coordinates":[-84.1616,33.4418]}},{"type":"Feature","properties":{"id":1566,"t":"kort"},"geometry":{"type":"Point","coordinates":[-98.6111,29.3451]}},{"type":"Feature","properties":{"id":1567,"t":"kort"},"geometry":{"type":"Point","coordinates":[-119.7675,36.8487]}},{"type":"Feature","properties":{"id":1568,"t":"kort"},"geometry":{"type":"Point","coordinates":[-96.8445,32.9648]}},{"type":"Feature","properties":{"id":1569,"t":"kort"},"geometry":{"type":"Point","coordinates":[-77.6972,43.2208]}},{"type":"Feature","properties":{"id":1570,"t":"kort"},"geometry":{"type":"Point","coordinates":[-75.9109,43.9841]}},{"type":"Feature","properties":{"id":1571,"t":"kort"},"geometry":{"type":"Point","coordinates":[-75.9159,43.9649]}},{"type":"Feature","properties":{"id":1572,"t":"kort"},"geometry":{"type":"Point","coordinates":[-114.0047,46.9066]}},{"type":"Feature","properties":{"id":1573,"t":"kort"},"geometry":{"type":"Point","coordinates":[-79.0138,35.9234]}},{"type":"Feature","properties":{"id":1574,"t":"marathon"},"geometry":{"type":"Point","coordinates":[-81.3824,28.5363]}},{"type":"Feature","properties":{"id":1575,"t":"kort"},"geometry":{"type":"Point","coordinates":[-71.0537,42.3521]}},{"type":"Feature","properties":{"id":1576,"t":"kort"},"geometry":{"type":"Point","coordinates":[-78.9955,35.9116]}},{"type":"Feature","properties":{"id":1577,"t":"kort"},"geometry":{"type":"Point","coordinates":[-122.326,47.603]}},{"type":"Feature","properties":{"id":1578,"t":"kort"},"geometry":{"type":"Point","coordinates":[-71.0726,42.3465]}},{"type":"Feature","properties":{"id":1579,"t":"kort"},"geometry":{"type":"Point","coordinates":[-118.4075,34.0821]}},{"type":"Feature","properties":{"id":1580,"t":"kort"},"geometry":{"type":"Point","coordinates":[-74.0183,40.6956]}},{"type":"Feature","properties":{"id":1581,"t":"kort"},"geometry":{"type":"Point","coordinates":[-118.416,34.0889]}},{"type":"Feature","properties":{"id":1582,"t":"kort"},"geometry":{"type":"Point","coordinates":[-122.331,47.611]}},{"type":"Feature","properties":{"id":1583,"t":"marathon"},"geometry":{"type":"Point","coordinates":[-112.1711,33.4969]}},{"type":"Feature","properties":{"id":1584,"t":"marathon"},"geometry":{"type":"Point","coordinates":[-84.1559,33.4422]}},{"type":"Feature","properties":{"id":1585,"t":"kort"},"geometry":{"type":"Point","coordinates":[-82.6269,34.5195]}},{"type":"Feature","properties":{"id":1586,"t":"kort"},"geometry":{"type":"Point","coordinates":[-81.9743,33.6068]}},{"type":"Feature","properties":{"id":1587,"t":"kort"},"geometry":{"type":"Point","coordinates":[-74.2455,40.7785]}},{"type":"Feature","properties":{"id":1588,"t":"kort"},"geometry":{"type":"Point","coordinates":[-94.6546,39.0228]}},{"type":"Feature","properties":{"id":1589,"t":"ultra"},"geometry":{"type":"Point","coordinates":[-88.3239,42.2386]}},{"type":"Feature","properties":{"id":1590,"t":"half"},"geometry":{"type":"Point","coordinates":[-80.3974,25.5894]}},{"type":"Feature","properties":{"id":1591,"t":"kort"},"geometry":{"type":"Point","coordinates":[-83.699,41.7176]}},{"type":"Feature","properties":{"id":1592,"t":"kort"},"geometry":{"type":"Point","coordinates":[-116.1669,43.6061]}},{"type":"Feature","properties":{"id":1593,"t":"kort"},"geometry":{"type":"Point","coordinates":[-123.9088,48.0499]}},{"type":"Feature","properties":{"id":1594,"t":"marathon"},"geometry":{"type":"Point","coordinates":[-84.1659,33.4454]}},{"type":"Feature","properties":{"id":1595,"t":"kort"},"geometry":{"type":"Point","coordinates":[-77.0936,38.8186]}},{"type":"Feature","properties":{"id":1596,"t":"kort"},"geometry":{"type":"Point","coordinates":[-84.1461,33.4462]}},{"type":"Feature","properties":{"id":1597,"t":"kort"},"geometry":{"type":"Point","coordinates":[-77.8718,34.1705]}},{"type":"Feature","properties":{"id":1598,"t":"kort"},"geometry":{"type":"Point","coordinates":[-83.6065,42.9779]}},{"type":"Feature","properties":{"id":1599,"t":"kort"},"geometry":{"type":"Point","coordinates":[-76.4967,38.9714]}},{"type":"Feature","properties":{"id":1600,"t":"kort"},"geometry":{"type":"Point","coordinates":[-111.9579,40.6007]}},{"type":"Feature","properties":{"id":1601,"t":"kort"},"geometry":{"type":"Point","coordinates":[-111.9697,40.5935]}},{"type":"Feature","properties":{"id":1602,"t":"kort"},"geometry":{"type":"Point","coordinates":[-111.9654,40.6045]}},{"type":"Feature","properties":{"id":1603,"t":"kort"},"geometry":{"type":"Point","coordinates":[-111.9614,40.5969]}},{"type":"Feature","properties":{"id":1604,"t":"marathon"},"geometry":{"type":"Point","coordinates":[-111.9571,40.5895]}},{"type":"Feature","properties":{"id":1605,"t":"kort"},"geometry":{"type":"Point","coordinates":[-111.9609,40.5911]}},{"type":"Feature","properties":{"id":1606,"t":"kort"},"geometry":{"type":"Point","coordinates":[-111.9536,40.5941]}},{"type":"Feature","properties":{"id":1607,"t":"kort"},"geometry":{"type":"Point","coordinates":[-111.9594,40.5923]}},{"type":"Feature","properties":{"id":1608,"t":"marathon"},"geometry":{"type":"Point","coordinates":[-84.1466,33.4562]}},{"type":"Feature","properties":{"id":1609,"t":"kort"},"geometry":{"type":"Point","coordinates":[-106.8241,39.1861]}},{"type":"Feature","properties":{"id":1610,"t":"kort"},"geometry":{"type":"Point","coordinates":[-73.9672,40.7555]}},{"type":"Feature","properties":{"id":1611,"t":"half"},"geometry":{"type":"Point","coordinates":[-80.4104,25.5932]}},{"type":"Feature","properties":{"id":1612,"t":"marathon"},"geometry":{"type":"Point","coordinates":[-84.1529,33.4608]}},{"type":"Feature","properties":{"id":1613,"t":"marathon"},"geometry":{"type":"Point","coordinates":[-84.1494,33.4538]}},{"type":"Feature","properties":{"id":1614,"t":"ultra"},"geometry":{"type":"Point","coordinates":[-84.3545,39.2383]}},{"type":"Feature","properties":{"id":1615,"t":"half"},"geometry":{"type":"Point","coordinates":[-86.0816,39.9648]}},{"type":"Feature","properties":{"id":1616,"t":"ultra"},"geometry":{"type":"Point","coordinates":[-124.4042,43.1016]}},{"type":"Feature","properties":{"id":1617,"t":"kort"},"geometry":{"type":"Point","coordinates":[-83.0394,42.6363]}},{"type":"Feature","properties":{"id":1618,"t":"kort"},"geometry":{"type":"Point","coordinates":[-93.3346,45.0112]}},{"type":"Feature","properties":{"id":1619,"t":"kort"},"geometry":{"type":"Point","coordinates":[-83.4515,42.4522]}},{"type":"Feature","properties":{"id":1620,"t":"ultra"},"geometry":{"type":"Point","coordinates":[-105.561,43.93]}},{"type":"Feature","properties":{"id":1621,"t":"kort"},"geometry":{"type":"Point","coordinates":[-74.7231,40.7014]}},{"type":"Feature","properties":{"id":1622,"t":"kort"},"geometry":{"type":"Point","coordinates":[-77.1653,39.0894]}},{"type":"Feature","properties":{"id":1623,"t":"half"},"geometry":{"type":"Point","coordinates":[-84.3524,33.8218]}},{"type":"Feature","properties":{"id":1624,"t":"kort"},"geometry":{"type":"Point","coordinates":[-93.0596,44.9604]}},{"type":"Feature","properties":{"id":1625,"t":"ultra"},"geometry":{"type":"Point","coordinates":[-71.3441,42.0537]}},{"type":"Feature","properties":{"id":1626,"t":"kort"},"geometry":{"type":"Point","coordinates":[-149.8017,61.0647]}},{"type":"Feature","properties":{"id":1627,"t":"kort"},"geometry":{"type":"Point","coordinates":[-76.8648,38.9952]}},{"type":"Feature","properties":{"id":1628,"t":"kort"},"geometry":{"type":"Point","coordinates":[-71.1164,42.38]}},{"type":"Feature","properties":{"id":1629,"t":"kort"},"geometry":{"type":"Point","coordinates":[-117.1597,32.6802]}},{"type":"Feature","properties":{"id":1630,"t":"kort"},"geometry":{"type":"Point","coordinates":[-73.9304,42.8054]}},{"type":"Feature","properties":{"id":1631,"t":"kort"},"geometry":{"type":"Point","coordinates":[-92.3604,38.943]}},{"type":"Feature","properties":{"id":1632,"t":"kort"},"geometry":{"type":"Point","coordinates":[-83.6035,42.9803]}},{"type":"Feature","properties":{"id":1633,"t":"kort"},"geometry":{"type":"Point","coordinates":[-77.4752,38.3053]}},{"type":"Feature","properties":{"id":1634,"t":"kort"},"geometry":{"type":"Point","coordinates":[-93.0508,44.9592]}},{"type":"Feature","properties":{"id":1635,"t":"ultra"},"geometry":{"type":"Point","coordinates":[-70.5516,44.2053]}},{"type":"Feature","properties":{"id":1636,"t":"ultra"},"geometry":{"type":"Point","coordinates":[-75.3649,37.9277]}},{"type":"Feature","properties":{"id":1637,"t":"kort"},"geometry":{"type":"Point","coordinates":[-86.2494,42.4117]}},{"type":"Feature","properties":{"id":1638,"t":"kort"},"geometry":{"type":"Point","coordinates":[-89.6949,39.7723]}},{"type":"Feature","properties":{"id":1639,"t":"kort"},"geometry":{"type":"Point","coordinates":[-84.3972,39.1449]}},{"type":"Feature","properties":{"id":1640,"t":"kort"},"geometry":{"type":"Point","coordinates":[-87.1656,30.3517]}},{"type":"Feature","properties":{"id":1641,"t":"kort"},"geometry":{"type":"Point","coordinates":[-77.1032,37.3605]}},{"type":"Feature","properties":{"id":1642,"t":"ultra"},"geometry":{"type":"Point","coordinates":[-92.3789,34.7821]}},{"type":"Feature","properties":{"id":1643,"t":"kort"},"geometry":{"type":"Point","coordinates":[-86.1617,39.7909]}},{"type":"Feature","properties":{"id":1644,"t":"kort"},"geometry":{"type":"Point","coordinates":[-84.1599,33.4588]}},{"type":"Feature","properties":{"id":1645,"t":"kort"},"geometry":{"type":"Point","coordinates":[-87.5956,34.2272]}},{"type":"Feature","properties":{"id":1646,"t":"kort"},"geometry":{"type":"Point","coordinates":[-106.4352,31.7748]}},{"type":"Feature","properties":{"id":1647,"t":"kort"},"geometry":{"type":"Point","coordinates":[-96.7799,32.8216]}},{"type":"Feature","properties":{"id":1648,"t":"kort"},"geometry":{"type":"Point","coordinates":[-73.9262,41.2944]}},{"type":"Feature","properties":{"id":1649,"t":"kort"},"geometry":{"type":"Point","coordinates":[-89.3842,31.3174]}},{"type":"Feature","properties":{"id":1650,"t":"half"},"geometry":{"type":"Point","coordinates":[-78.484,38.0348]}},{"type":"Feature","properties":{"id":1651,"t":"kort"},"geometry":{"type":"Point","coordinates":[-79.0916,35.8971]}},{"type":"Feature","properties":{"id":1652,"t":"kort"},"geometry":{"type":"Point","coordinates":[-122.0379,37.9206]}},{"type":"Feature","properties":{"id":1653,"t":"kort"},"geometry":{"type":"Point","coordinates":[-71.2529,42.2768]}},{"type":"Feature","properties":{"id":1654,"t":"kort"},"geometry":{"type":"Point","coordinates":[-82.6365,27.8467]}},{"type":"Feature","properties":{"id":1655,"t":"kort"},"geometry":{"type":"Point","coordinates":[-81.3614,28.6062]}},{"type":"Feature","properties":{"id":1656,"t":"kort"},"geometry":{"type":"Point","coordinates":[-122.3358,48.481]}},{"type":"Feature","properties":{"id":1657,"t":"kort"},"geometry":{"type":"Point","coordinates":[-73.9968,40.7647]}},{"type":"Feature","properties":{"id":1658,"t":"marathon"},"geometry":{"type":"Point","coordinates":[-111.8579,33.4275]}},{"type":"Feature","properties":{"id":1659,"t":"kort"},"geometry":{"type":"Point","coordinates":[-82.6493,27.8331]}},{"type":"Feature","properties":{"id":1660,"t":"half"},"geometry":{"type":"Point","coordinates":[-84.1514,33.4578]}},{"type":"Feature","properties":{"id":1661,"t":"kort"},"geometry":{"type":"Point","coordinates":[-80.0551,40.5542]}},{"type":"Feature","properties":{"id":1662,"t":"kort"},"geometry":{"type":"Point","coordinates":[-79.0138,35.9222]}},{"type":"Feature","properties":{"id":1663,"t":"kort"},"geometry":{"type":"Point","coordinates":[-87.6863,42.0236]}},{"type":"Feature","properties":{"id":1664,"t":"kort"},"geometry":{"type":"Point","coordinates":[-82.6341,27.8355]}},{"type":"Feature","properties":{"id":1665,"t":"kort"},"geometry":{"type":"Point","coordinates":[-82.6343,27.8331]}},{"type":"Feature","properties":{"id":1666,"t":"kort"},"geometry":{"type":"Point","coordinates":[-77.4329,38.453]}},{"type":"Feature","properties":{"id":1667,"t":"marathon"},"geometry":{"type":"Point","coordinates":[-76.5485,39.0803]}},{"type":"Feature","properties":{"id":1668,"t":"half"},"geometry":{"type":"Point","coordinates":[-85.6243,42.17]}},{"type":"Feature","properties":{"id":1669,"t":"half"},"geometry":{"type":"Point","coordinates":[-93.7081,32.3938]}},{"type":"Feature","properties":{"id":1670,"t":"kort"},"geometry":{"type":"Point","coordinates":[-82.654,27.8343]}},{"type":"Feature","properties":{"id":1671,"t":"marathon"},"geometry":{"type":"Point","coordinates":[-111.8499,33.4373]}},{"type":"Feature","properties":{"id":1672,"t":"kort"},"geometry":{"type":"Point","coordinates":[-82.6473,27.8401]}},{"type":"Feature","properties":{"id":1673,"t":"kort"},"geometry":{"type":"Point","coordinates":[-84.5237,33.719]}},{"type":"Feature","properties":{"id":1674,"t":"kort"},"geometry":{"type":"Point","coordinates":[-105.0863,39.7035]}},{"type":"Feature","properties":{"id":1675,"t":"kort"},"geometry":{"type":"Point","coordinates":[-82.6508,27.8437]}},{"type":"Feature","properties":{"id":1676,"t":"kort"},"geometry":{"type":"Point","coordinates":[-78.5003,40.2915]}},{"type":"Feature","properties":{"id":1677,"t":"kort"},"geometry":{"type":"Point","coordinates":[-106.4841,31.7652]}},{"type":"Feature","properties":{"id":1678,"t":"kort"},"geometry":{"type":"Point","coordinates":[-86.1125,39.9143]}},{"type":"Feature","properties":{"id":1679,"t":"kort"},"geometry":{"type":"Point","coordinates":[-117.3383,33.6594]}},{"type":"Feature","properties":{"id":1680,"t":"half"},"geometry":{"type":"Point","coordinates":[-76.9209,38.9895]}},{"type":"Feature","properties":{"id":1681,"t":"kort"},"geometry":{"type":"Point","coordinates":[-75.2966,39.9982]}},{"type":"Feature","properties":{"id":1682,"t":"kort"},"geometry":{"type":"Point","coordinates":[-78.915,33.7064]}},{"type":"Feature","properties":{"id":1683,"t":"kort"},"geometry":{"type":"Point","coordinates":[-84.4253,39.1516]}},{"type":"Feature","properties":{"id":1684,"t":"kort"},"geometry":{"type":"Point","coordinates":[-81.0405,41.4355]}},{"type":"Feature","properties":{"id":1685,"t":"half"},"geometry":{"type":"Point","coordinates":[-83.4275,33.9371]}},{"type":"Feature","properties":{"id":1686,"t":"kort"},"geometry":{"type":"Point","coordinates":[-71.0726,42.3494]}},{"type":"Feature","properties":{"id":1687,"t":"kort"},"geometry":{"type":"Point","coordinates":[-77.048,38.8106]}},{"type":"Feature","properties":{"id":1688,"t":"half"},"geometry":{"type":"Point","coordinates":[-111.8384,33.4393]}},{"type":"Feature","properties":{"id":1689,"t":"kort"},"geometry":{"type":"Point","coordinates":[-114.9808,36.0379]}},{"type":"Feature","properties":{"id":1690,"t":"kort"},"geometry":{"type":"Point","coordinates":[-90.5578,38.6061]}},{"type":"Feature","properties":{"id":1691,"t":"kort"},"geometry":{"type":"Point","coordinates":[-90.1002,32.4633]}},{"type":"Feature","properties":{"id":1692,"t":"kort"},"geometry":{"type":"Point","coordinates":[-81.4997,41.1524]}},{"type":"Feature","properties":{"id":1693,"t":"marathon"},"geometry":{"type":"Point","coordinates":[-111.8384,33.4379]}},{"type":"Feature","properties":{"id":1694,"t":"marathon"},"geometry":{"type":"Point","coordinates":[-111.8557,33.4295]}},{"type":"Feature","properties":{"id":1695,"t":"kort"},"geometry":{"type":"Point","coordinates":[-89.4544,30.298]}},{"type":"Feature","properties":{"id":1696,"t":"kort"},"geometry":{"type":"Point","coordinates":[-89.474,30.2916]}},{"type":"Feature","properties":{"id":1697,"t":"kort"},"geometry":{"type":"Point","coordinates":[-85.1746,41.0891]}},{"type":"Feature","properties":{"id":1698,"t":"kort"},"geometry":{"type":"Point","coordinates":[-76.6051,39.4041]}},{"type":"Feature","properties":{"id":1699,"t":"kort"},"geometry":{"type":"Point","coordinates":[-91.8597,47.3174]}},{"type":"Feature","properties":{"id":1700,"t":"kort"},"geometry":{"type":"Point","coordinates":[-96.7593,32.8234]}},{"type":"Feature","properties":{"id":1701,"t":"marathon"},"geometry":{"type":"Point","coordinates":[-111.8529,33.4341]}},{"type":"Feature","properties":{"id":1702,"t":"kort"},"geometry":{"type":"Point","coordinates":[-111.4436,39.6266]}},{"type":"Feature","properties":{"id":1703,"t":"kort"},"geometry":{"type":"Point","coordinates":[-71.1205,42.3198]}},{"type":"Feature","properties":{"id":1704,"t":"half"},"geometry":{"type":"Point","coordinates":[-78.8274,42.7428]}},{"type":"Feature","properties":{"id":1705,"t":"marathon"},"geometry":{"type":"Point","coordinates":[-84.1662,33.4536]}},{"type":"Feature","properties":{"id":1706,"t":"kort"},"geometry":{"type":"Point","coordinates":[-95.3937,29.782]}},{"type":"Feature","properties":{"id":1707,"t":"marathon"},"geometry":{"type":"Point","coordinates":[-157.8531,21.2956]}},{"type":"Feature","properties":{"id":1708,"t":"kort"},"geometry":{"type":"Point","coordinates":[-85.2565,41.058]}},{"type":"Feature","properties":{"id":1709,"t":"kort"},"geometry":{"type":"Point","coordinates":[-87.2812,36.5129]}},{"type":"Feature","properties":{"id":1710,"t":"kort"},"geometry":{"type":"Point","coordinates":[-88.4685,44.1721]}},{"type":"Feature","properties":{"id":1711,"t":"kort"},"geometry":{"type":"Point","coordinates":[-106.5772,45.5932]}},{"type":"Feature","properties":{"id":1712,"t":"kort"},"geometry":{"type":"Point","coordinates":[-75.1491,40.3104]}},{"type":"Feature","properties":{"id":1713,"t":"half"},"geometry":{"type":"Point","coordinates":[-84.1632,33.4498]}},{"type":"Feature","properties":{"id":1714,"t":"kort"},"geometry":{"type":"Point","coordinates":[-95.4775,30.1349]}},{"type":"Feature","properties":{"id":1715,"t":"kort"},"geometry":{"type":"Point","coordinates":[-73.8029,41.2989]}},{"type":"Feature","properties":{"id":1716,"t":"ultra"},"geometry":{"type":"Point","coordinates":[-79.4322,35.2791]}},{"type":"Feature","properties":{"id":1717,"t":"kort"},"geometry":{"type":"Point","coordinates":[-93.3332,45.018]}},{"type":"Feature","properties":{"id":1718,"t":"marathon"},"geometry":{"type":"Point","coordinates":[-76.7643,41.2163]}},{"type":"Feature","properties":{"id":1719,"t":"kort"},"geometry":{"type":"Point","coordinates":[-73.9905,40.7542]}},{"type":"Feature","properties":{"id":1720,"t":"kort"},"geometry":{"type":"Point","coordinates":[-77.1288,34.7023]}},{"type":"Feature","properties":{"id":1721,"t":"kort"},"geometry":{"type":"Point","coordinates":[-73.2263,40.8528]}},{"type":"Feature","properties":{"id":1722,"t":"marathon"},"geometry":{"type":"Point","coordinates":[-76.7545,41.2129]}},{"type":"Feature","properties":{"id":1723,"t":"marathon"},"geometry":{"type":"Point","coordinates":[-76.7585,41.2067]}},{"type":"Feature","properties":{"id":1724,"t":"marathon"},"geometry":{"type":"Point","coordinates":[-76.7651,41.2047]}},{"type":"Feature","properties":{"id":1725,"t":"kort"},"geometry":{"type":"Point","coordinates":[-88.5441,46.9948]}},{"type":"Feature","properties":{"id":1726,"t":"kort"},"geometry":{"type":"Point","coordinates":[-75.1581,40.3128]}},{"type":"Feature","properties":{"id":1727,"t":"kort"},"geometry":{"type":"Point","coordinates":[-73.6905,41.7857]}},{"type":"Feature","properties":{"id":1728,"t":"kort"},"geometry":{"type":"Point","coordinates":[-149.8886,61.212]}},{"type":"Feature","properties":{"id":1729,"t":"kort"},"geometry":{"type":"Point","coordinates":[-76.6155,39.292]}},{"type":"Feature","properties":{"id":1730,"t":"kort"},"geometry":{"type":"Point","coordinates":[-93.0375,44.9664]}},{"type":"Feature","properties":{"id":1731,"t":"marathon"},"geometry":{"type":"Point","coordinates":[-155.1044,19.6957]}},{"type":"Feature","properties":{"id":1732,"t":"kort"},"geometry":{"type":"Point","coordinates":[-84.017,34.0383]}},{"type":"Feature","properties":{"id":1733,"t":"kort"},"geometry":{"type":"Point","coordinates":[-86.0713,35.4966]}},{"type":"Feature","properties":{"id":1734,"t":"kort"},"geometry":{"type":"Point","coordinates":[-76.8531,39.2722]}},{"type":"Feature","properties":{"id":1735,"t":"kort"},"geometry":{"type":"Point","coordinates":[-74.076,40.1698]}},{"type":"Feature","properties":{"id":1736,"t":"kort"},"geometry":{"type":"Point","coordinates":[-87.5058,41.4928]}},{"type":"Feature","properties":{"id":1737,"t":"kort"},"geometry":{"type":"Point","coordinates":[-79.7163,36.6592]}},{"type":"Feature","properties":{"id":1738,"t":"kort"},"geometry":{"type":"Point","coordinates":[-122.7375,45.5907]}},{"type":"Feature","properties":{"id":1739,"t":"kort"},"geometry":{"type":"Point","coordinates":[-75.6574,41.4113]}},{"type":"Feature","properties":{"id":1740,"t":"kort"},"geometry":{"type":"Point","coordinates":[-97.3895,27.7663]}},{"type":"Feature","properties":{"id":1741,"t":"kort"},"geometry":{"type":"Point","coordinates":[-94.9394,39.2917]}},{"type":"Feature","properties":{"id":1742,"t":"kort"},"geometry":{"type":"Point","coordinates":[-77.1028,38.7128]}},{"type":"Feature","properties":{"id":1743,"t":"kort"},"geometry":{"type":"Point","coordinates":[-81.7536,26.2486]}},{"type":"Feature","properties":{"id":1744,"t":"kort"},"geometry":{"type":"Point","coordinates":[-74.7242,39.0913]}},{"type":"Feature","properties":{"id":1745,"t":"kort"},"geometry":{"type":"Point","coordinates":[-80.3568,25.7024]}},{"type":"Feature","properties":{"id":1746,"t":"kort"},"geometry":{"type":"Point","coordinates":[-73.8621,41.1751]}},{"type":"Feature","properties":{"id":1747,"t":"kort"},"geometry":{"type":"Point","coordinates":[-86.273,43.1964]}},{"type":"Feature","properties":{"id":1748,"t":"kort"},"geometry":{"type":"Point","coordinates":[-118.9941,34.2256]}},{"type":"Feature","properties":{"id":1749,"t":"kort"},"geometry":{"type":"Point","coordinates":[-81.8029,26.4323]}},{"type":"Feature","properties":{"id":1750,"t":"kort"},"geometry":{"type":"Point","coordinates":[-95.3233,29.7328]}},{"type":"Feature","properties":{"id":1751,"t":"kort"},"geometry":{"type":"Point","coordinates":[-70.8166,43.4747]}},{"type":"Feature","properties":{"id":1752,"t":"kort"},"geometry":{"type":"Point","coordinates":[-91.254,29.6898]}},{"type":"Feature","properties":{"id":1753,"t":"kort"},"geometry":{"type":"Point","coordinates":[-112.4786,34.7665]}},{"type":"Feature","properties":{"id":1754,"t":"kort"},"geometry":{"type":"Point","coordinates":[-75.0802,38.7209]}},{"type":"Feature","properties":{"id":1755,"t":"kort"},"geometry":{"type":"Point","coordinates":[-92.3227,34.8373]}},{"type":"Feature","properties":{"id":1756,"t":"kort"},"geometry":{"type":"Point","coordinates":[-75.8367,37.9785]}},{"type":"Feature","properties":{"id":1757,"t":"kort"},"geometry":{"type":"Point","coordinates":[-72.7074,43.3837]}},{"type":"Feature","properties":{"id":1758,"t":"kort"},"geometry":{"type":"Point","coordinates":[-85.1209,41.1053]}},{"type":"Feature","properties":{"id":1759,"t":"kort"},"geometry":{"type":"Point","coordinates":[-76.7366,37.277]}},{"type":"Feature","properties":{"id":1760,"t":"kort"},"geometry":{"type":"Point","coordinates":[-84.6633,35.6836]}},{"type":"Feature","properties":{"id":1761,"t":"kort"},"geometry":{"type":"Point","coordinates":[-88.8496,41.346]}},{"type":"Feature","properties":{"id":1762,"t":"kort"},"geometry":{"type":"Point","coordinates":[-82.5688,36.6203]}},{"type":"Feature","properties":{"id":1763,"t":"kort"},"geometry":{"type":"Point","coordinates":[-71.5567,42.3892]}},{"type":"Feature","properties":{"id":1764,"t":"kort"},"geometry":{"type":"Point","coordinates":[-84.4834,34.2511]}},{"type":"Feature","properties":{"id":1765,"t":"kort"},"geometry":{"type":"Point","coordinates":[-82.4137,28.1851]}},{"type":"Feature","properties":{"id":1766,"t":"kort"},"geometry":{"type":"Point","coordinates":[-98.1767,26.2826]}},{"type":"Feature","properties":{"id":1767,"t":"kort"},"geometry":{"type":"Point","coordinates":[-82.3309,28.2491]}},{"type":"Feature","properties":{"id":1768,"t":"kort"},"geometry":{"type":"Point","coordinates":[-117.9297,33.8706]}},{"type":"Feature","properties":{"id":1769,"t":"kort"},"geometry":{"type":"Point","coordinates":[-76.1847,39.5081]}},{"type":"Feature","properties":{"id":1770,"t":"kort"},"geometry":{"type":"Point","coordinates":[-82.027,36.6832]}},{"type":"Feature","properties":{"id":1771,"t":"kort"},"geometry":{"type":"Point","coordinates":[-75.1128,40.115]}},{"type":"Feature","properties":{"id":1772,"t":"kort"},"geometry":{"type":"Point","coordinates":[-86.8577,36.1626]}},{"type":"Feature","properties":{"id":1773,"t":"kort"},"geometry":{"type":"Point","coordinates":[-83.1228,40.1079]}},{"type":"Feature","properties":{"id":1774,"t":"kort"},"geometry":{"type":"Point","coordinates":[-83.4697,45.0794]}},{"type":"Feature","properties":{"id":1775,"t":"ultra"},"geometry":{"type":"Point","coordinates":[-89.6838,39.9083]}},{"type":"Feature","properties":{"id":1776,"t":"kort"},"geometry":{"type":"Point","coordinates":[-87.5105,38.676]}},{"type":"Feature","properties":{"id":1777,"t":"kort"},"geometry":{"type":"Point","coordinates":[-84.1743,39.6805]}},{"type":"Feature","properties":{"id":1778,"t":"kort"},"geometry":{"type":"Point","coordinates":[-76.5993,39.4012]}},{"type":"Feature","properties":{"id":1779,"t":"kort"},"geometry":{"type":"Point","coordinates":[-87.6228,41.815]}},{"type":"Feature","properties":{"id":1780,"t":"kort"},"geometry":{"type":"Point","coordinates":[-81.9557,26.966]}},{"type":"Feature","properties":{"id":1781,"t":"kort"},"geometry":{"type":"Point","coordinates":[-90.2576,41.972]}},{"type":"Feature","properties":{"id":1782,"t":"kort"},"geometry":{"type":"Point","coordinates":[-76.3362,43.1554]}},{"type":"Feature","properties":{"id":1783,"t":"kort"},"geometry":{"type":"Point","coordinates":[-109.2741,45.1969]}},{"type":"Feature","properties":{"id":1784,"t":"kort"},"geometry":{"type":"Point","coordinates":[-89.3299,37.7577]}},{"type":"Feature","properties":{"id":1785,"t":"kort"},"geometry":{"type":"Point","coordinates":[-111.5914,40.1667]}},{"type":"Feature","properties":{"id":1786,"t":"kort"},"geometry":{"type":"Point","coordinates":[-83.5778,31.4675]}},{"type":"Feature","properties":{"id":1787,"t":"kort"},"geometry":{"type":"Point","coordinates":[-77.1194,42.1614]}},{"type":"Feature","properties":{"id":1788,"t":"ultra"},"geometry":{"type":"Point","coordinates":[-74.4359,40.6832]}},{"type":"Feature","properties":{"id":1789,"t":"kort"},"geometry":{"type":"Point","coordinates":[-75.6674,40.3419]}},{"type":"Feature","properties":{"id":1790,"t":"kort"},"geometry":{"type":"Point","coordinates":[-82.2675,34.7448]}},{"type":"Feature","properties":{"id":1791,"t":"kort"},"geometry":{"type":"Point","coordinates":[-117.1772,32.6672]}},{"type":"Feature","properties":{"id":1792,"t":"kort"},"geometry":{"type":"Point","coordinates":[-96.2653,29.9646]}},{"type":"Feature","properties":{"id":1793,"t":"kort"},"geometry":{"type":"Point","coordinates":[-94.533,38.8207]}},{"type":"Feature","properties":{"id":1794,"t":"kort"},"geometry":{"type":"Point","coordinates":[-94.6986,32.4638]}},{"type":"Feature","properties":{"id":1795,"t":"kort"},"geometry":{"type":"Point","coordinates":[-82.1088,41.3688]}},{"type":"Feature","properties":{"id":1796,"t":"kort"},"geometry":{"type":"Point","coordinates":[-155.0829,19.6985]}},{"type":"Feature","properties":{"id":1797,"t":"kort"},"geometry":{"type":"Point","coordinates":[-84.2388,39.316]}},{"type":"Feature","properties":{"id":1798,"t":"kort"},"geometry":{"type":"Point","coordinates":[-73.1351,41.4274]}},{"type":"Feature","properties":{"id":1799,"t":"kort"},"geometry":{"type":"Point","coordinates":[-87.7642,30.2621]}},{"type":"Feature","properties":{"id":1800,"t":"kort"},"geometry":{"type":"Point","coordinates":[-76.9289,38.9903]}},{"type":"Feature","properties":{"id":1801,"t":"kort"},"geometry":{"type":"Point","coordinates":[-84.0589,32.9035]}},{"type":"Feature","properties":{"id":1802,"t":"kort"},"geometry":{"type":"Point","coordinates":[-74.2646,41.8752]}},{"type":"Feature","properties":{"id":1803,"t":"kort"},"geometry":{"type":"Point","coordinates":[-87.0494,38.6553]}},{"type":"Feature","properties":{"id":1804,"t":"kort"},"geometry":{"type":"Point","coordinates":[-93.3763,47.2838]}},{"type":"Feature","properties":{"id":1805,"t":"kort"},"geometry":{"type":"Point","coordinates":[-104.6367,38.3067]}},{"type":"Feature","properties":{"id":1806,"t":"kort"},"geometry":{"type":"Point","coordinates":[-79.0833,41.1585]}},{"type":"Feature","properties":{"id":1807,"t":"kort"},"geometry":{"type":"Point","coordinates":[-97.4841,35.1928]}},{"type":"Feature","properties":{"id":1808,"t":"kort"},"geometry":{"type":"Point","coordinates":[-86.3804,39.8476]}},{"type":"Feature","properties":{"id":1809,"t":"kort"},"geometry":{"type":"Point","coordinates":[-106.923,40.6287]}},{"type":"Feature","properties":{"id":1810,"t":"kort"},"geometry":{"type":"Point","coordinates":[-81.7601,26.2438]}},{"type":"Feature","properties":{"id":1811,"t":"kort"},"geometry":{"type":"Point","coordinates":[-84.4252,33.7338]}},{"type":"Feature","properties":{"id":1812,"t":"kort"},"geometry":{"type":"Point","coordinates":[-80.3351,26.0713]}},{"type":"Feature","properties":{"id":1813,"t":"tri"},"geometry":{"type":"Point","coordinates":[-95.8421,29.8692]}},{"type":"Feature","properties":{"id":1814,"t":"kort"},"geometry":{"type":"Point","coordinates":[-72.0647,41.4221]}},{"type":"Feature","properties":{"id":1815,"t":"ultra"},"geometry":{"type":"Point","coordinates":[-88.0005,42.9449]}},{"type":"Feature","properties":{"id":1816,"t":"kort"},"geometry":{"type":"Point","coordinates":[-74.1608,40.7185]}},{"type":"Feature","properties":{"id":1817,"t":"kort"},"geometry":{"type":"Point","coordinates":[-77.3242,38.8526]}},{"type":"Feature","properties":{"id":1818,"t":"marathon"},"geometry":{"type":"Point","coordinates":[-109.856,46.4389]}},{"type":"Feature","properties":{"id":1819,"t":"kort"},"geometry":{"type":"Point","coordinates":[-82.5819,42.6403]}},{"type":"Feature","properties":{"id":1820,"t":"kort"},"geometry":{"type":"Point","coordinates":[-74.6287,40.5968]}},{"type":"Feature","properties":{"id":1821,"t":"kort"},"geometry":{"type":"Point","coordinates":[-94.9269,39.2995]}},{"type":"Feature","properties":{"id":1822,"t":"half"},"geometry":{"type":"Point","coordinates":[-71.727,42.2898]}},{"type":"Feature","properties":{"id":1823,"t":"ultra"},"geometry":{"type":"Point","coordinates":[-75.6852,39.608]}},{"type":"Feature","properties":{"id":1824,"t":"kort"},"geometry":{"type":"Point","coordinates":[-72.5986,42.8516]}},{"type":"Feature","properties":{"id":1825,"t":"kort"},"geometry":{"type":"Point","coordinates":[-72.7467,42.1271]}},{"type":"Feature","properties":{"id":1826,"t":"tri"},"geometry":{"type":"Point","coordinates":[-81.2966,28.251]}},{"type":"Feature","properties":{"id":1827,"t":"marathon"},"geometry":{"type":"Point","coordinates":[-84.2071,36.1092]}},{"type":"Feature","properties":{"id":1828,"t":"half"},"geometry":{"type":"Point","coordinates":[-84.0185,34.0375]}},{"type":"Feature","properties":{"id":1829,"t":"kort"},"geometry":{"type":"Point","coordinates":[-85.55,36.2186]}},{"type":"Feature","properties":{"id":1830,"t":"kort"},"geometry":{"type":"Point","coordinates":[-117.5455,47.6205]}},{"type":"Feature","properties":{"id":1831,"t":"kort"},"geometry":{"type":"Point","coordinates":[-83.2801,37.4962]}},{"type":"Feature","properties":{"id":1832,"t":"kort"},"geometry":{"type":"Point","coordinates":[-78.5976,35.7625]}},{"type":"Feature","properties":{"id":1833,"t":"kort"},"geometry":{"type":"Point","coordinates":[-80.9703,41.1996]}},{"type":"Feature","properties":{"id":1834,"t":"kort"},"geometry":{"type":"Point","coordinates":[-76.298,39.4668]}},{"type":"Feature","properties":{"id":1835,"t":"kort"},"geometry":{"type":"Point","coordinates":[-122.4832,48.7514]}},{"type":"Feature","properties":{"id":1836,"t":"kort"},"geometry":{"type":"Point","coordinates":[-76.3615,42.5827]}},{"type":"Feature","properties":{"id":1837,"t":"kort"},"geometry":{"type":"Point","coordinates":[-81.4434,41.133]}},{"type":"Feature","properties":{"id":1838,"t":"kort"},"geometry":{"type":"Point","coordinates":[-82.6024,41.3055]}},{"type":"Feature","properties":{"id":1839,"t":"kort"},"geometry":{"type":"Point","coordinates":[-71.2527,42.1412]}},{"type":"Feature","properties":{"id":1840,"t":"kort"},"geometry":{"type":"Point","coordinates":[-82.6059,39.7253]}},{"type":"Feature","properties":{"id":1841,"t":"kort"},"geometry":{"type":"Point","coordinates":[-78.8941,39.4585]}},{"type":"Feature","properties":{"id":1842,"t":"kort"},"geometry":{"type":"Point","coordinates":[-81.9612,26.9656]}},{"type":"Feature","properties":{"id":1843,"t":"tri"},"geometry":{"type":"Point","coordinates":[-96.683,33.0213]}},{"type":"Feature","properties":{"id":1844,"t":"kort"},"geometry":{"type":"Point","coordinates":[-86.3093,41.3512]}},{"type":"Feature","properties":{"id":1845,"t":"kort"},"geometry":{"type":"Point","coordinates":[-80.3059,36.1464]}},{"type":"Feature","properties":{"id":1846,"t":"kort"},"geometry":{"type":"Point","coordinates":[-81.0114,34.9135]}},{"type":"Feature","properties":{"id":1847,"t":"kort"},"geometry":{"type":"Point","coordinates":[-84.5606,41.4742]}},{"type":"Feature","properties":{"id":1848,"t":"kort"},"geometry":{"type":"Point","coordinates":[-79.939,40.8851]}},{"type":"Feature","properties":{"id":1849,"t":"kort"},"geometry":{"type":"Point","coordinates":[-89.1347,42.685]}},{"type":"Feature","properties":{"id":1850,"t":"kort"},"geometry":{"type":"Point","coordinates":[-78.8928,35.0753]}},{"type":"Feature","properties":{"id":1851,"t":"tri"},"geometry":{"type":"Point","coordinates":[-78.8467,35.9797]}},{"type":"Feature","properties":{"id":1852,"t":"kort"},"geometry":{"type":"Point","coordinates":[-114.0085,46.9044]}},{"type":"Feature","properties":{"id":1853,"t":"kort"},"geometry":{"type":"Point","coordinates":[-104.7593,40.4143]}},{"type":"Feature","properties":{"id":1854,"t":"kort"},"geometry":{"type":"Point","coordinates":[-87.447,46.5828]}},{"type":"Feature","properties":{"id":1855,"t":"kort"},"geometry":{"type":"Point","coordinates":[-79.975,40.5652]}},{"type":"Feature","properties":{"id":1856,"t":"kort"},"geometry":{"type":"Point","coordinates":[-75.1478,39.95]}},{"type":"Feature","properties":{"id":1857,"t":"kort"},"geometry":{"type":"Point","coordinates":[-83.8037,41.5234]}},{"type":"Feature","properties":{"id":1858,"t":"kort"},"geometry":{"type":"Point","coordinates":[-104.2669,46.3546]}},{"type":"Feature","properties":{"id":1859,"t":"kort"},"geometry":{"type":"Point","coordinates":[-82.5118,35.5329]}},{"type":"Feature","properties":{"id":1860,"t":"kort"},"geometry":{"type":"Point","coordinates":[-118.3749,33.8297]}},{"type":"Feature","properties":{"id":1861,"t":"kort"},"geometry":{"type":"Point","coordinates":[-110.5579,45.6468]}},{"type":"Feature","properties":{"id":1862,"t":"kort"},"geometry":{"type":"Point","coordinates":[-80.2348,26.0669]}},{"type":"Feature","properties":{"id":1863,"t":"kort"},"geometry":{"type":"Point","coordinates":[-98.5002,29.4392]}},{"type":"Feature","properties":{"id":1864,"t":"kort"},"geometry":{"type":"Point","coordinates":[-82.8327,34.6866]}},{"type":"Feature","properties":{"id":1865,"t":"kort"},"geometry":{"type":"Point","coordinates":[-111.0453,45.6665]}},{"type":"Feature","properties":{"id":1866,"t":"kort"},"geometry":{"type":"Point","coordinates":[-78.8929,35.1274]}},{"type":"Feature","properties":{"id":1867,"t":"kort"},"geometry":{"type":"Point","coordinates":[-80.4565,41.0882]}},{"type":"Feature","properties":{"id":1868,"t":"kort"},"geometry":{"type":"Point","coordinates":[-84.5214,42.633]}},{"type":"Feature","properties":{"id":1869,"t":"kort"},"geometry":{"type":"Point","coordinates":[-71.1489,41.6917]}},{"type":"Feature","properties":{"id":1870,"t":"kort"},"geometry":{"type":"Point","coordinates":[-81.524,41.0888]}},{"type":"Feature","properties":{"id":1871,"t":"kort"},"geometry":{"type":"Point","coordinates":[-117.1217,32.6912]}},{"type":"Feature","properties":{"id":1872,"t":"kort"},"geometry":{"type":"Point","coordinates":[-81.7351,41.4665]}},{"type":"Feature","properties":{"id":1873,"t":"kort"},"geometry":{"type":"Point","coordinates":[-81.42,30.2757]}},{"type":"Feature","properties":{"id":1874,"t":"kort"},"geometry":{"type":"Point","coordinates":[-79.8475,32.9744]}},{"type":"Feature","properties":{"id":1875,"t":"kort"},"geometry":{"type":"Point","coordinates":[14.9229,37.4055]}},{"type":"Feature","properties":{"id":1876,"t":"kort"},"geometry":{"type":"Point","coordinates":[-76.3659,39.5434]}},{"type":"Feature","properties":{"id":1877,"t":"kort"},"geometry":{"type":"Point","coordinates":[-87.3543,41.43]}},{"type":"Feature","properties":{"id":1878,"t":"kort"},"geometry":{"type":"Point","coordinates":[-83.8972,35.8005]}},{"type":"Feature","properties":{"id":1879,"t":"kort"},"geometry":{"type":"Point","coordinates":[-86.6031,33.6343]}},{"type":"Feature","properties":{"id":1880,"t":"kort"},"geometry":{"type":"Point","coordinates":[-86.5691,34.6589]}},{"type":"Feature","properties":{"id":1881,"t":"kort"},"geometry":{"type":"Point","coordinates":[-82.5919,42.6323]}},{"type":"Feature","properties":{"id":1882,"t":"kort"},"geometry":{"type":"Point","coordinates":[-74.55,40.6853]}},{"type":"Feature","properties":{"id":1883,"t":"kort"},"geometry":{"type":"Point","coordinates":[-83.6508,41.5911]}},{"type":"Feature","properties":{"id":1884,"t":"kort"},"geometry":{"type":"Point","coordinates":[-80.453,41.2372]}},{"type":"Feature","properties":{"id":1885,"t":"half"},"geometry":{"type":"Point","coordinates":[-76.1763,40.0595]}},{"type":"Feature","properties":{"id":1886,"t":"kort"},"geometry":{"type":"Point","coordinates":[-82.7533,37.6614]}},{"type":"Feature","properties":{"id":1887,"t":"kort"},"geometry":{"type":"Point","coordinates":[-77.7598,35.9371]}},{"type":"Feature","properties":{"id":1888,"t":"kort"},"geometry":{"type":"Point","coordinates":[-85.0702,33.5818]}},{"type":"Feature","properties":{"id":1889,"t":"kort"},"geometry":{"type":"Point","coordinates":[-97.3085,26.0457]}},{"type":"Feature","properties":{"id":1890,"t":"kort"},"geometry":{"type":"Point","coordinates":[-84.4324,33.7222]}},{"type":"Feature","properties":{"id":1891,"t":"half"},"geometry":{"type":"Point","coordinates":[-81.8294,40.5613]}},{"type":"Feature","properties":{"id":1892,"t":"kort"},"geometry":{"type":"Point","coordinates":[-92.2863,34.7281]}},{"type":"Feature","properties":{"id":1893,"t":"kort"},"geometry":{"type":"Point","coordinates":[-122.6757,45.2602]}},{"type":"Feature","properties":{"id":1894,"t":"kort"},"geometry":{"type":"Point","coordinates":[-86.7819,36.1566]}},{"type":"Feature","properties":{"id":1895,"t":"kort"},"geometry":{"type":"Point","coordinates":[-112.0215,46.6133]}},{"type":"Feature","properties":{"id":1896,"t":"kort"},"geometry":{"type":"Point","coordinates":[-74.2543,40.7955]}},{"type":"Feature","properties":{"id":1897,"t":"kort"},"geometry":{"type":"Point","coordinates":[-89.5586,44.5278]}},{"type":"Feature","properties":{"id":1898,"t":"kort"},"geometry":{"type":"Point","coordinates":[-76.2215,43.1526]}},{"type":"Feature","properties":{"id":1899,"t":"kort"},"geometry":{"type":"Point","coordinates":[-121.291,44.0223]}},{"type":"Feature","properties":{"id":1900,"t":"half"},"geometry":{"type":"Point","coordinates":[-68.2495,44.3822]}},{"type":"Feature","properties":{"id":1901,"t":"kort"},"geometry":{"type":"Point","coordinates":[-97.8256,30.5018]}},{"type":"Feature","properties":{"id":1902,"t":"tri"},"geometry":{"type":"Point","coordinates":[-72.6063,41.3006]}},{"type":"Feature","properties":{"id":1903,"t":"kort"},"geometry":{"type":"Point","coordinates":[-90.2669,38.6169]}},{"type":"Feature","properties":{"id":1904,"t":"kort"},"geometry":{"type":"Point","coordinates":[-84.0941,38.9368]}},{"type":"Feature","properties":{"id":1905,"t":"kort"},"geometry":{"type":"Point","coordinates":[-111.8598,40.7064]}},{"type":"Feature","properties":{"id":1906,"t":"kort"},"geometry":{"type":"Point","coordinates":[-90.2784,38.6666]}},{"type":"Feature","properties":{"id":1907,"t":"kort"},"geometry":{"type":"Point","coordinates":[-81.5271,41.0929]}},{"type":"Feature","properties":{"id":1908,"t":"kort"},"geometry":{"type":"Point","coordinates":[-94.581,29.6624]}},{"type":"Feature","properties":{"id":1909,"t":"kort"},"geometry":{"type":"Point","coordinates":[-75.7412,40.6485]}},{"type":"Feature","properties":{"id":1910,"t":"tri"},"geometry":{"type":"Point","coordinates":[-107.8665,37.291]}},{"type":"Feature","properties":{"id":1911,"t":"ultra"},"geometry":{"type":"Point","coordinates":[-149.8921,61.1816]}},{"type":"Feature","properties":{"id":1912,"t":"kort"},"geometry":{"type":"Point","coordinates":[-82.2005,33.4556]}},{"type":"Feature","properties":{"id":1913,"t":"kort"},"geometry":{"type":"Point","coordinates":[-89.5613,44.5264]}},{"type":"Feature","properties":{"id":1914,"t":"kort"},"geometry":{"type":"Point","coordinates":[-84.2335,39.1743]}},{"type":"Feature","properties":{"id":1915,"t":"kort"},"geometry":{"type":"Point","coordinates":[-95.879,35.2676]}},{"type":"Feature","properties":{"id":1916,"t":"kort"},"geometry":{"type":"Point","coordinates":[-117.215,32.7198]}},{"type":"Feature","properties":{"id":1917,"t":"kort"},"geometry":{"type":"Point","coordinates":[-85.8263,38.1849]}},{"type":"Feature","properties":{"id":1918,"t":"kort"},"geometry":{"type":"Point","coordinates":[-87.7097,44.2082]}},{"type":"Feature","properties":{"id":1919,"t":"kort"},"geometry":{"type":"Point","coordinates":[-76.5418,37.1532]}},{"type":"Feature","properties":{"id":1920,"t":"kort"},"geometry":{"type":"Point","coordinates":[-84.3429,33.7227]}},{"type":"Feature","properties":{"id":1921,"t":"kort"},"geometry":{"type":"Point","coordinates":[-100.4316,31.4733]}},{"type":"Feature","properties":{"id":1922,"t":"kort"},"geometry":{"type":"Point","coordinates":[-89.3817,30.2856]}},{"type":"Feature","properties":{"id":1923,"t":"kort"},"geometry":{"type":"Point","coordinates":[-122.3046,47.2017]}},{"type":"Feature","properties":{"id":1924,"t":"kort"},"geometry":{"type":"Point","coordinates":[-86.1909,39.8211]}},{"type":"Feature","properties":{"id":1925,"t":"kort"},"geometry":{"type":"Point","coordinates":[-87.0355,35.6124]}},{"type":"Feature","properties":{"id":1926,"t":"kort"},"geometry":{"type":"Point","coordinates":[-75.3825,40.1018]}},{"type":"Feature","properties":{"id":1927,"t":"kort"},"geometry":{"type":"Point","coordinates":[-84.5812,30.9427]}},{"type":"Feature","properties":{"id":1928,"t":"kort"},"geometry":{"type":"Point","coordinates":[-118.3021,33.7337]}},{"type":"Feature","properties":{"id":1929,"t":"kort"},"geometry":{"type":"Point","coordinates":[-88.0499,43.0483]}},{"type":"Feature","properties":{"id":1930,"t":"kort"},"geometry":{"type":"Point","coordinates":[-85.9125,42.2305]}},{"type":"Feature","properties":{"id":1931,"t":"kort"},"geometry":{"type":"Point","coordinates":[-80.2845,26.7377]}},{"type":"Feature","properties":{"id":1932,"t":"kort"},"geometry":{"type":"Point","coordinates":[-108.6078,35.5429]}},{"type":"Feature","properties":{"id":1933,"t":"kort"},"geometry":{"type":"Point","coordinates":[-80.0713,26.8335]}},{"type":"Feature","properties":{"id":1934,"t":"kort"},"geometry":{"type":"Point","coordinates":[-75.1627,38.7341]}},{"type":"Feature","properties":{"id":1935,"t":"kort"},"geometry":{"type":"Point","coordinates":[-85.9718,38.2528]}},{"type":"Feature","properties":{"id":1936,"t":"kort"},"geometry":{"type":"Point","coordinates":[-79.5698,42.3312]}},{"type":"Feature","properties":{"id":1937,"t":"kort"},"geometry":{"type":"Point","coordinates":[-80.623,35.4167]}},{"type":"Feature","properties":{"id":1938,"t":"kort"},"geometry":{"type":"Point","coordinates":[-84.8451,35.1933]}},{"type":"Feature","properties":{"id":1939,"t":"kort"},"geometry":{"type":"Point","coordinates":[-98.3645,29.5138]}},{"type":"Feature","properties":{"id":1940,"t":"kort"},"geometry":{"type":"Point","coordinates":[-104.7441,40.5984]}},{"type":"Feature","properties":{"id":1941,"t":"kort"},"geometry":{"type":"Point","coordinates":[-107.8209,37.9438]}},{"type":"Feature","properties":{"id":1942,"t":"kort"},"geometry":{"type":"Point","coordinates":[-74.8414,40.1249]}},{"type":"Feature","properties":{"id":1943,"t":"kort"},"geometry":{"type":"Point","coordinates":[-95.9436,36.149]}},{"type":"Feature","properties":{"id":1944,"t":"kort"},"geometry":{"type":"Point","coordinates":[-84.7653,43.5937]}},{"type":"Feature","properties":{"id":1945,"t":"kort"},"geometry":{"type":"Point","coordinates":[-86.8609,41.6924]}},{"type":"Feature","properties":{"id":1946,"t":"kort"},"geometry":{"type":"Point","coordinates":[-94.3601,37.8421]}},{"type":"Feature","properties":{"id":1947,"t":"kort"},"geometry":{"type":"Point","coordinates":[-122.8039,45.412]}},{"type":"Feature","properties":{"id":1948,"t":"kort"},"geometry":{"type":"Point","coordinates":[-98.2882,26.4405]}},{"type":"Feature","properties":{"id":1949,"t":"kort"},"geometry":{"type":"Point","coordinates":[-105.0046,39.6068]}},{"type":"Feature","properties":{"id":1950,"t":"kort"},"geometry":{"type":"Point","coordinates":[-73.9545,41.1111]}},{"type":"Feature","properties":{"id":1951,"t":"kort"},"geometry":{"type":"Point","coordinates":[-108.3405,36.7404]}},{"type":"Feature","properties":{"id":1952,"t":"kort"},"geometry":{"type":"Point","coordinates":[-98.4916,28.9852]}},{"type":"Feature","properties":{"id":1953,"t":"kort"},"geometry":{"type":"Point","coordinates":[-79.9699,40.4236]}},{"type":"Feature","properties":{"id":1954,"t":"kort"},"geometry":{"type":"Point","coordinates":[-74.0488,40.2563]}},{"type":"Feature","properties":{"id":1955,"t":"kort"},"geometry":{"type":"Point","coordinates":[-97.5727,35.5385]}},{"type":"Feature","properties":{"id":1956,"t":"kort"},"geometry":{"type":"Point","coordinates":[-80.8834,32.2489]}},{"type":"Feature","properties":{"id":1957,"t":"kort"},"geometry":{"type":"Point","coordinates":[-79.3726,36.0224]}},{"type":"Feature","properties":{"id":1958,"t":"kort"},"geometry":{"type":"Point","coordinates":[-84.3822,33.7652]}},{"type":"Feature","properties":{"id":1959,"t":"kort"},"geometry":{"type":"Point","coordinates":[-92.9724,43.6695]}},{"type":"Feature","properties":{"id":1960,"t":"kort"},"geometry":{"type":"Point","coordinates":[-90.9253,30.2381]}},{"type":"Feature","properties":{"id":1961,"t":"kort"},"geometry":{"type":"Point","coordinates":[-69.9691,43.8949]}},{"type":"Feature","properties":{"id":1962,"t":"kort"},"geometry":{"type":"Point","coordinates":[-89.5444,37.3175]}},{"type":"Feature","properties":{"id":1963,"t":"kort"},"geometry":{"type":"Point","coordinates":[-79.847,32.9694]}},{"type":"Feature","properties":{"id":1964,"t":"kort"},"geometry":{"type":"Point","coordinates":[-88.1403,42.1632]}},{"type":"Feature","properties":{"id":1965,"t":"kort"},"geometry":{"type":"Point","coordinates":[-97.1103,32.7578]}},{"type":"Feature","properties":{"id":1966,"t":"kort"},"geometry":{"type":"Point","coordinates":[-86.4622,30.3905]}},{"type":"Feature","properties":{"id":1967,"t":"kort"},"geometry":{"type":"Point","coordinates":[-106.4156,31.9059]}},{"type":"Feature","properties":{"id":1968,"t":"kort"},"geometry":{"type":"Point","coordinates":[-74.9981,40.1547]}},{"type":"Feature","properties":{"id":1969,"t":"kort"},"geometry":{"type":"Point","coordinates":[-85.9331,42.9661]}},{"type":"Feature","properties":{"id":1970,"t":"kort"},"geometry":{"type":"Point","coordinates":[-95.3604,29.7688]}},{"type":"Feature","properties":{"id":1971,"t":"kort"},"geometry":{"type":"Point","coordinates":[-73.3984,40.8658]}},{"type":"Feature","properties":{"id":1972,"t":"kort"},"geometry":{"type":"Point","coordinates":[-86.7493,34.7122]}},{"type":"Feature","properties":{"id":1973,"t":"kort"},"geometry":{"type":"Point","coordinates":[-115.2821,36.0047]}},{"type":"Feature","properties":{"id":1974,"t":"kort"},"geometry":{"type":"Point","coordinates":[-82.1357,27.8277]}},{"type":"Feature","properties":{"id":1975,"t":"kort"},"geometry":{"type":"Point","coordinates":[-85.7356,38.223]}},{"type":"Feature","properties":{"id":1976,"t":"kort"},"geometry":{"type":"Point","coordinates":[-87.4983,37.3338]}},{"type":"Feature","properties":{"id":1977,"t":"kort"},"geometry":{"type":"Point","coordinates":[-86.4191,35.8656]}},{"type":"Feature","properties":{"id":1978,"t":"kort"},"geometry":{"type":"Point","coordinates":[-90.1346,29.9466]}},{"type":"Feature","properties":{"id":1979,"t":"kort"},"geometry":{"type":"Point","coordinates":[-73.9394,40.8011]}},{"type":"Feature","properties":{"id":1980,"t":"kort"},"geometry":{"type":"Point","coordinates":[-75.1795,39.8923]}},{"type":"Feature","properties":{"id":1981,"t":"kort"},"geometry":{"type":"Point","coordinates":[-78.834,35.6199]}},{"type":"Feature","properties":{"id":1982,"t":"kort"},"geometry":{"type":"Point","coordinates":[-74.6269,40.5725]}},{"type":"Feature","properties":{"id":1983,"t":"kort"},"geometry":{"type":"Point","coordinates":[-97.6456,38.8185]}},{"type":"Feature","properties":{"id":1984,"t":"kort"},"geometry":{"type":"Point","coordinates":[-111.9557,40.5517]}},{"type":"Feature","properties":{"id":1985,"t":"kort"},"geometry":{"type":"Point","coordinates":[-98.3963,29.5857]}},{"type":"Feature","properties":{"id":1986,"t":"kort"},"geometry":{"type":"Point","coordinates":[-122.0696,47.8882]}},{"type":"Feature","properties":{"id":1987,"t":"kort"},"geometry":{"type":"Point","coordinates":[-90.1812,38.6374]}},{"type":"Feature","properties":{"id":1988,"t":"kort"},"geometry":{"type":"Point","coordinates":[-122.4562,47.2155]}},{"type":"Feature","properties":{"id":1989,"t":"kort"},"geometry":{"type":"Point","coordinates":[-114.6531,32.7073]}},{"type":"Feature","properties":{"id":1990,"t":"kort"},"geometry":{"type":"Point","coordinates":[-74.1102,40.4028]}},{"type":"Feature","properties":{"id":1991,"t":"kort"},"geometry":{"type":"Point","coordinates":[-86.1461,40.496]}},{"type":"Feature","properties":{"id":1992,"t":"kort"},"geometry":{"type":"Point","coordinates":[-94.7536,32.1166]}},{"type":"Feature","properties":{"id":1993,"t":"ultra"},"geometry":{"type":"Point","coordinates":[-83.7374,42.5716]}},{"type":"Feature","properties":{"id":1994,"t":"kort"},"geometry":{"type":"Point","coordinates":[-84.8322,34.1936]}},{"type":"Feature","properties":{"id":1995,"t":"kort"},"geometry":{"type":"Point","coordinates":[-75.5538,39.7593]}},{"type":"Feature","properties":{"id":1996,"t":"kort"},"geometry":{"type":"Point","coordinates":[-117.2301,33.1598]}},{"type":"Feature","properties":{"id":1997,"t":"kort"},"geometry":{"type":"Point","coordinates":[-82.3309,28.2461]}},{"type":"Feature","properties":{"id":1998,"t":"kort"},"geometry":{"type":"Point","coordinates":[-88.0724,38.379]}},{"type":"Feature","properties":{"id":1999,"t":"kort"},"geometry":{"type":"Point","coordinates":[-73.1666,43.9921]}},{"type":"Feature","properties":{"id":2000,"t":"kort"},"geometry":{"type":"Point","coordinates":[-100.0164,37.7555]}},{"type":"Feature","properties":{"id":2001,"t":"kort"},"geometry":{"type":"Point","coordinates":[-85.2195,42.3521]}},{"type":"Feature","properties":{"id":2002,"t":"kort"},"geometry":{"type":"Point","coordinates":[-90.8193,44.2874]}},{"type":"Feature","properties":{"id":2003,"t":"ultra"},"geometry":{"type":"Point","coordinates":[-84.5389,39.8506]}},{"type":"Feature","properties":{"id":2004,"t":"kort"},"geometry":{"type":"Point","coordinates":[-82.6032,36.9758]}},{"type":"Feature","properties":{"id":2005,"t":"kort"},"geometry":{"type":"Point","coordinates":[-93.4252,38.6262]}},{"type":"Feature","properties":{"id":2006,"t":"kort"},"geometry":{"type":"Point","coordinates":[-87.7797,42.0333]}},{"type":"Feature","properties":{"id":2007,"t":"kort"},"geometry":{"type":"Point","coordinates":[-96.8742,32.8595]}},{"type":"Feature","properties":{"id":2008,"t":"kort"},"geometry":{"type":"Point","coordinates":[-89.3914,38.3414]}},{"type":"Feature","properties":{"id":2009,"t":"kort"},"geometry":{"type":"Point","coordinates":[-122.3076,47.6945]}},{"type":"Feature","properties":{"id":2010,"t":"kort"},"geometry":{"type":"Point","coordinates":[-90.2794,43.7572]}},{"type":"Feature","properties":{"id":2011,"t":"kort"},"geometry":{"type":"Point","coordinates":[-86.4448,43.6743]}},{"type":"Feature","properties":{"id":2012,"t":"kort"},"geometry":{"type":"Point","coordinates":[-86.1656,39.7488]}},{"type":"Feature","properties":{"id":2013,"t":"kort"},"geometry":{"type":"Point","coordinates":[-88.3132,39.6844]}},{"type":"Feature","properties":{"id":2014,"t":"kort"},"geometry":{"type":"Point","coordinates":[-84.6759,33.9169]}},{"type":"Feature","properties":{"id":2015,"t":"kort"},"geometry":{"type":"Point","coordinates":[-80.8616,41.7544]}},{"type":"Feature","properties":{"id":2016,"t":"half"},"geometry":{"type":"Point","coordinates":[-70.3424,43.5915]}},{"type":"Feature","properties":{"id":2017,"t":"kort"},"geometry":{"type":"Point","coordinates":[-83.6493,42.6106]}},{"type":"Feature","properties":{"id":2018,"t":"kort"},"geometry":{"type":"Point","coordinates":[-79.6623,33.0111]}},{"type":"Feature","properties":{"id":2019,"t":"kort"},"geometry":{"type":"Point","coordinates":[-96.9369,32.8661]}},{"type":"Feature","properties":{"id":2020,"t":"kort"},"geometry":{"type":"Point","coordinates":[-85.7417,38.3034]}},{"type":"Feature","properties":{"id":2021,"t":"kort"},"geometry":{"type":"Point","coordinates":[-80.34,40.6938]}},{"type":"Feature","properties":{"id":2022,"t":"kort"},"geometry":{"type":"Point","coordinates":[-114.1693,46.8441]}},{"type":"Feature","properties":{"id":2023,"t":"half"},"geometry":{"type":"Point","coordinates":[-98.4149,29.5359]}},{"type":"Feature","properties":{"id":2024,"t":"kort"},"geometry":{"type":"Point","coordinates":[-82.4061,28.0962]}},{"type":"Feature","properties":{"id":2025,"t":"kort"},"geometry":{"type":"Point","coordinates":[-86.1252,42.773]}},{"type":"Feature","properties":{"id":2026,"t":"kort"},"geometry":{"type":"Point","coordinates":[-94.0832,33.4743]}},{"type":"Feature","properties":{"id":2027,"t":"kort"},"geometry":{"type":"Point","coordinates":[-83.8196,34.3101]}},{"type":"Feature","properties":{"id":2028,"t":"kort"},"geometry":{"type":"Point","coordinates":[-88.7324,44.528]}},{"type":"Feature","properties":{"id":2029,"t":"kort"},"geometry":{"type":"Point","coordinates":[-111.656,35.1931]}},{"type":"Feature","properties":{"id":2030,"t":"kort"},"geometry":{"type":"Point","coordinates":[-97.1444,31.5433]}},{"type":"Feature","properties":{"id":2031,"t":"kort"},"geometry":{"type":"Point","coordinates":[-121.9036,47.633]}},{"type":"Feature","properties":{"id":2032,"t":"kort"},"geometry":{"type":"Point","coordinates":[-85.3691,42.9626]}},{"type":"Feature","properties":{"id":2033,"t":"tri"},"geometry":{"type":"Point","coordinates":[-79.9617,36.2646]}},{"type":"Feature","properties":{"id":2034,"t":"kort"},"geometry":{"type":"Point","coordinates":[-75.7362,39.7021]}},{"type":"Feature","properties":{"id":2035,"t":"ultra"},"geometry":{"type":"Point","coordinates":[-122.2636,37.8916]}},{"type":"Feature","properties":{"id":2036,"t":"kort"},"geometry":{"type":"Point","coordinates":[-119.0924,46.2514]}},{"type":"Feature","properties":{"id":2037,"t":"kort"},"geometry":{"type":"Point","coordinates":[-110.5787,45.0819]}},{"type":"Feature","properties":{"id":2038,"t":"kort"},"geometry":{"type":"Point","coordinates":[-83.9014,34.1889]}},{"type":"Feature","properties":{"id":2039,"t":"kort"},"geometry":{"type":"Point","coordinates":[-74.9177,38.9701]}},{"type":"Feature","properties":{"id":2040,"t":"kort"},"geometry":{"type":"Point","coordinates":[-96.9679,34.5104]}},{"type":"Feature","properties":{"id":2041,"t":"kort"},"geometry":{"type":"Point","coordinates":[-122.776,47.0178]}},{"type":"Feature","properties":{"id":2042,"t":"half"},"geometry":{"type":"Point","coordinates":[-105.2542,40.6263]}},{"type":"Feature","properties":{"id":2043,"t":"kort"},"geometry":{"type":"Point","coordinates":[-81.4862,35.1187]}},{"type":"Feature","properties":{"id":2044,"t":"half"},"geometry":{"type":"Point","coordinates":[-79.67,39.0922]}},{"type":"Feature","properties":{"id":2045,"t":"kort"},"geometry":{"type":"Point","coordinates":[-83.6623,42.4613]}},{"type":"Feature","properties":{"id":2046,"t":"kort"},"geometry":{"type":"Point","coordinates":[-112.0253,46.6169]}},{"type":"Feature","properties":{"id":2047,"t":"kort"},"geometry":{"type":"Point","coordinates":[-88.8487,34.4185]}},{"type":"Feature","properties":{"id":2048,"t":"kort"},"geometry":{"type":"Point","coordinates":[-86.4046,30.9516]}},{"type":"Feature","properties":{"id":2049,"t":"kort"},"geometry":{"type":"Point","coordinates":[-78.6725,42.5286]}},{"type":"Feature","properties":{"id":2050,"t":"kort"},"geometry":{"type":"Point","coordinates":[-92.4893,44.009]}},{"type":"Feature","properties":{"id":2051,"t":"kort"},"geometry":{"type":"Point","coordinates":[-97.9368,34.6335]}},{"type":"Feature","properties":{"id":2052,"t":"kort"},"geometry":{"type":"Point","coordinates":[-85.7917,39.5055]}},{"type":"Feature","properties":{"id":2053,"t":"kort"},"geometry":{"type":"Point","coordinates":[-76.2502,36.7358]}},{"type":"Feature","properties":{"id":2054,"t":"kort"},"geometry":{"type":"Point","coordinates":[-73.2206,44.4774]}},{"type":"Feature","properties":{"id":2055,"t":"kort"},"geometry":{"type":"Point","coordinates":[-72.6011,42.848]}},{"type":"Feature","properties":{"id":2056,"t":"kort"},"geometry":{"type":"Point","coordinates":[-96.8259,32.371]}},{"type":"Feature","properties":{"id":2057,"t":"kort"},"geometry":{"type":"Point","coordinates":[-78.0947,35.3631]}},{"type":"Feature","properties":{"id":2058,"t":"kort"},"geometry":{"type":"Point","coordinates":[-73.8473,40.5838]}},{"type":"Feature","properties":{"id":2059,"t":"tri"},"geometry":{"type":"Point","coordinates":[-87.7474,30.2717]}},{"type":"Feature","properties":{"id":2060,"t":"kort"},"geometry":{"type":"Point","coordinates":[-79.2317,40.2351]}},{"type":"Feature","properties":{"id":2061,"t":"kort"},"geometry":{"type":"Point","coordinates":[-74.07,40.1087]}},{"type":"Feature","properties":{"id":2062,"t":"kort"},"geometry":{"type":"Point","coordinates":[-86.9241,34.3511]}},{"type":"Feature","properties":{"id":2063,"t":"kort"},"geometry":{"type":"Point","coordinates":[-81.2921,28.2452]}},{"type":"Feature","properties":{"id":2064,"t":"kort"},"geometry":{"type":"Point","coordinates":[-84.727,38.0439]}},{"type":"Feature","properties":{"id":2065,"t":"kort"},"geometry":{"type":"Point","coordinates":[-81.4847,31.1867]}},{"type":"Feature","properties":{"id":2066,"t":"kort"},"geometry":{"type":"Point","coordinates":[-104.7659,38.7272]}},{"type":"Feature","properties":{"id":2067,"t":"kort"},"geometry":{"type":"Point","coordinates":[-72.663,40.935]}},{"type":"Feature","properties":{"id":2068,"t":"kort"},"geometry":{"type":"Point","coordinates":[-77.6172,43.0549]}},{"type":"Feature","properties":{"id":2069,"t":"kort"},"geometry":{"type":"Point","coordinates":[-82.3567,28.8671]}},{"type":"Feature","properties":{"id":2070,"t":"kort"},"geometry":{"type":"Point","coordinates":[-81.4018,41.6326]}},{"type":"Feature","properties":{"id":2071,"t":"half"},"geometry":{"type":"Point","coordinates":[-122.6051,47.3589]}},{"type":"Feature","properties":{"id":2072,"t":"kort"},"geometry":{"type":"Point","coordinates":[-95.8349,29.7458]}},{"type":"Feature","properties":{"id":2073,"t":"kort"},"geometry":{"type":"Point","coordinates":[-72.849,41.7224]}},{"type":"Feature","properties":{"id":2074,"t":"half"},"geometry":{"type":"Point","coordinates":[-74.6697,40.3587]}},{"type":"Feature","properties":{"id":2075,"t":"kort"},"geometry":{"type":"Point","coordinates":[-76.4149,43.3137]}},{"type":"Feature","properties":{"id":2076,"t":"marathon"},"geometry":{"type":"Point","coordinates":[-86.1234,42.7684]}},{"type":"Feature","properties":{"id":2077,"t":"kort"},"geometry":{"type":"Point","coordinates":[-72.3031,41.3315]}},{"type":"Feature","properties":{"id":2078,"t":"kort"},"geometry":{"type":"Point","coordinates":[-73.6975,40.7534]}},{"type":"Feature","properties":{"id":2079,"t":"kort"},"geometry":{"type":"Point","coordinates":[-93.2578,41.6736]}},{"type":"Feature","properties":{"id":2080,"t":"kort"},"geometry":{"type":"Point","coordinates":[-89.471,30.2992]}},{"type":"Feature","properties":{"id":2081,"t":"kort"},"geometry":{"type":"Point","coordinates":[-82.8705,40.1568]}},{"type":"Feature","properties":{"id":2082,"t":"kort"},"geometry":{"type":"Point","coordinates":[-84.1867,39.7276]}},{"type":"Feature","properties":{"id":2083,"t":"kort"},"geometry":{"type":"Point","coordinates":[-75.182,38.7463]}},{"type":"Feature","properties":{"id":2084,"t":"kort"},"geometry":{"type":"Point","coordinates":[-83.1409,42.4854]}},{"type":"Feature","properties":{"id":2085,"t":"kort"},"geometry":{"type":"Point","coordinates":[-105.0244,39.7324]}},{"type":"Feature","properties":{"id":2086,"t":"kort"},"geometry":{"type":"Point","coordinates":[-74.9134,39.8849]}},{"type":"Feature","properties":{"id":2087,"t":"kort"},"geometry":{"type":"Point","coordinates":[-84.3075,37.7568]}},{"type":"Feature","properties":{"id":2088,"t":"kort"},"geometry":{"type":"Point","coordinates":[-122.4897,37.7812]}},{"type":"Feature","properties":{"id":2089,"t":"kort"},"geometry":{"type":"Point","coordinates":[-87.6266,41.8406]}},{"type":"Feature","properties":{"id":2090,"t":"kort"},"geometry":{"type":"Point","coordinates":[-92.8584,45.0524]}},{"type":"Feature","properties":{"id":2091,"t":"kort"},"geometry":{"type":"Point","coordinates":[-88.0646,41.8579]}},{"type":"Feature","properties":{"id":2092,"t":"kort"},"geometry":{"type":"Point","coordinates":[-76.1582,36.842]}},{"type":"Feature","properties":{"id":2093,"t":"kort"},"geometry":{"type":"Point","coordinates":[-72.581,44.2677]}},{"type":"Feature","properties":{"id":2094,"t":"tri"},"geometry":{"type":"Point","coordinates":[-74.1151,40.5746]}},{"type":"Feature","properties":{"id":2095,"t":"kort"},"geometry":{"type":"Point","coordinates":[-105.4999,44.2774]}},{"type":"Feature","properties":{"id":2096,"t":"kort"},"geometry":{"type":"Point","coordinates":[-76.5603,38.9896]}},{"type":"Feature","properties":{"id":2097,"t":"kort"},"geometry":{"type":"Point","coordinates":[-97.8273,30.5026]}},{"type":"Feature","properties":{"id":2098,"t":"kort"},"geometry":{"type":"Point","coordinates":[-104.8886,39.7184]}},{"type":"Feature","properties":{"id":2099,"t":"kort"},"geometry":{"type":"Point","coordinates":[-70.9548,42.9777]}},{"type":"Feature","properties":{"id":2100,"t":"kort"},"geometry":{"type":"Point","coordinates":[-77.3261,38.8766]}},{"type":"Feature","properties":{"id":2101,"t":"kort"},"geometry":{"type":"Point","coordinates":[-75.0502,39.9555]}},{"type":"Feature","properties":{"id":2102,"t":"kort"},"geometry":{"type":"Point","coordinates":[-79.5885,40.2489]}},{"type":"Feature","properties":{"id":2103,"t":"kort"},"geometry":{"type":"Point","coordinates":[-83.9881,43.5526]}},{"type":"Feature","properties":{"id":2104,"t":"kort"},"geometry":{"type":"Point","coordinates":[-117.233,32.7232]}},{"type":"Feature","properties":{"id":2105,"t":"kort"},"geometry":{"type":"Point","coordinates":[-82.2852,28.3299]}},{"type":"Feature","properties":{"id":2106,"t":"kort"},"geometry":{"type":"Point","coordinates":[-75.7275,40.0223]}},{"type":"Feature","properties":{"id":2107,"t":"kort"},"geometry":{"type":"Point","coordinates":[-70.4618,43.6783]}},{"type":"Feature","properties":{"id":2108,"t":"tri"},"geometry":{"type":"Point","coordinates":[-81.7682,28.5555]}},{"type":"Feature","properties":{"id":2109,"t":"kort"},"geometry":{"type":"Point","coordinates":[-90.1089,30.0067]}},{"type":"Feature","properties":{"id":2110,"t":"kort"},"geometry":{"type":"Point","coordinates":[-117.1833,32.7904]}},{"type":"Feature","properties":{"id":2111,"t":"tri"},"geometry":{"type":"Point","coordinates":[-112.4123,33.506]}},{"type":"Feature","properties":{"id":2112,"t":"kort"},"geometry":{"type":"Point","coordinates":[-76.4262,39.041]}},{"type":"Feature","properties":{"id":2113,"t":"kort"},"geometry":{"type":"Point","coordinates":[-80.7588,41.0885]}},{"type":"Feature","properties":{"id":2114,"t":"kort"},"geometry":{"type":"Point","coordinates":[-82.508,27.4624]}},{"type":"Feature","properties":{"id":2115,"t":"kort"},"geometry":{"type":"Point","coordinates":[-70.4641,43.4003]}},{"type":"Feature","properties":{"id":2116,"t":"kort"},"geometry":{"type":"Point","coordinates":[-84.4862,42.7235]}},{"type":"Feature","properties":{"id":2117,"t":"kort"},"geometry":{"type":"Point","coordinates":[-71.0835,41.6185]}},{"type":"Feature","properties":{"id":2118,"t":"tri"},"geometry":{"type":"Point","coordinates":[-92.3161,42.5195]}},{"type":"Feature","properties":{"id":2119,"t":"kort"},"geometry":{"type":"Point","coordinates":[-75.369,40.8907]}},{"type":"Feature","properties":{"id":2120,"t":"kort"},"geometry":{"type":"Point","coordinates":[-119.7181,39.6321]}},{"type":"Feature","properties":{"id":2121,"t":"half"},"geometry":{"type":"Point","coordinates":[-122.3907,45.4371]}},{"type":"Feature","properties":{"id":2122,"t":"marathon"},"geometry":{"type":"Point","coordinates":[-86.5558,34.6289]}},{"type":"Feature","properties":{"id":2123,"t":"half"},"geometry":{"type":"Point","coordinates":[-111.0531,45.6791]}},{"type":"Feature","properties":{"id":2124,"t":"kort"},"geometry":{"type":"Point","coordinates":[-83.9985,35.93]}},{"type":"Feature","properties":{"id":2125,"t":"kort"},"geometry":{"type":"Point","coordinates":[-71.4173,41.812]}},{"type":"Feature","properties":{"id":2126,"t":"kort"},"geometry":{"type":"Point","coordinates":[-117.4524,47.6916]}},{"type":"Feature","properties":{"id":2127,"t":"kort"},"geometry":{"type":"Point","coordinates":[-77.1347,38.8834]}},{"type":"Feature","properties":{"id":2128,"t":"kort"},"geometry":{"type":"Point","coordinates":[-81.4202,28.6531]}},{"type":"Feature","properties":{"id":2129,"t":"kort"},"geometry":{"type":"Point","coordinates":[-73.5712,41.1344]}},{"type":"Feature","properties":{"id":2130,"t":"kort"},"geometry":{"type":"Point","coordinates":[-84.7828,43.6079]}},{"type":"Feature","properties":{"id":2131,"t":"kort"},"geometry":{"type":"Point","coordinates":[-85.8485,39.9269]}},{"type":"Feature","properties":{"id":2132,"t":"kort"},"geometry":{"type":"Point","coordinates":[-72.8631,41.7971]}},{"type":"Feature","properties":{"id":2133,"t":"half"},"geometry":{"type":"Point","coordinates":[-80.2993,36.0703]}},{"type":"Feature","properties":{"id":2134,"t":"kort"},"geometry":{"type":"Point","coordinates":[-116.3927,43.6176]}},{"type":"Feature","properties":{"id":2135,"t":"kort"},"geometry":{"type":"Point","coordinates":[-83.8095,41.5172]}},{"type":"Feature","properties":{"id":2136,"t":"marathon"},"geometry":{"type":"Point","coordinates":[-103.7249,44.3845]}},{"type":"Feature","properties":{"id":2137,"t":"kort"},"geometry":{"type":"Point","coordinates":[-104.8623,38.8611]}},{"type":"Feature","properties":{"id":2138,"t":"kort"},"geometry":{"type":"Point","coordinates":[-78.6581,42.8947]}},{"type":"Feature","properties":{"id":2139,"t":"kort"},"geometry":{"type":"Point","coordinates":[-84.307,34.0828]}},{"type":"Feature","properties":{"id":2140,"t":"ultra"},"geometry":{"type":"Point","coordinates":[-82.9845,40.1831]}},{"type":"Feature","properties":{"id":2141,"t":"kort"},"geometry":{"type":"Point","coordinates":[-114.0095,46.896]}},{"type":"Feature","properties":{"id":2142,"t":"kort"},"geometry":{"type":"Point","coordinates":[-86.5533,34.6767]}},{"type":"Feature","properties":{"id":2143,"t":"kort"},"geometry":{"type":"Point","coordinates":[-83.7428,41.4972]}},{"type":"Feature","properties":{"id":2144,"t":"marathon"},"geometry":{"type":"Point","coordinates":[-92.0897,46.7629]}},{"type":"Feature","properties":{"id":2145,"t":"kort"},"geometry":{"type":"Point","coordinates":[-81.4714,28.4033]}},{"type":"Feature","properties":{"id":2146,"t":"kort"},"geometry":{"type":"Point","coordinates":[-94.4156,39.2405]}},{"type":"Feature","properties":{"id":2147,"t":"kort"},"geometry":{"type":"Point","coordinates":[-76.4818,38.946]}},{"type":"Feature","properties":{"id":2148,"t":"kort"},"geometry":{"type":"Point","coordinates":[-84.5092,38.0892]}},{"type":"Feature","properties":{"id":2149,"t":"kort"},"geometry":{"type":"Point","coordinates":[-82.8844,42.8497]}},{"type":"Feature","properties":{"id":2150,"t":"kort"},"geometry":{"type":"Point","coordinates":[-82.2234,34.9393]}},{"type":"Feature","properties":{"id":2151,"t":"kort"},"geometry":{"type":"Point","coordinates":[-71.515,42.426]}},{"type":"Feature","properties":{"id":2152,"t":"kort"},"geometry":{"type":"Point","coordinates":[-84.528,38.0018]}},{"type":"Feature","properties":{"id":2153,"t":"kort"},"geometry":{"type":"Point","coordinates":[-82.7613,39.9071]}},{"type":"Feature","properties":{"id":2154,"t":"kort"},"geometry":{"type":"Point","coordinates":[-82.8454,43.4033]}},{"type":"Feature","properties":{"id":2155,"t":"kort"},"geometry":{"type":"Point","coordinates":[-97.4483,37.7007]}},{"type":"Feature","properties":{"id":2156,"t":"kort"},"geometry":{"type":"Point","coordinates":[-76.4739,36.85]}},{"type":"Feature","properties":{"id":2157,"t":"kort"},"geometry":{"type":"Point","coordinates":[-87.7109,41.7176]}},{"type":"Feature","properties":{"id":2158,"t":"kort"},"geometry":{"type":"Point","coordinates":[-83.9046,33.8717]}},{"type":"Feature","properties":{"id":2159,"t":"kort"},"geometry":{"type":"Point","coordinates":[-84.7809,39.0096]}},{"type":"Feature","properties":{"id":2160,"t":"kort"},"geometry":{"type":"Point","coordinates":[-100.4838,31.4156]}},{"type":"Feature","properties":{"id":2161,"t":"kort"},"geometry":{"type":"Point","coordinates":[-74.3088,40.6127]}},{"type":"Feature","properties":{"id":2162,"t":"kort"},"geometry":{"type":"Point","coordinates":[-95.4489,30.3079]}},{"type":"Feature","properties":{"id":2163,"t":"kort"},"geometry":{"type":"Point","coordinates":[-83.8055,32.8675]}},{"type":"Feature","properties":{"id":2164,"t":"kort"},"geometry":{"type":"Point","coordinates":[-79.9351,40.628]}},{"type":"Feature","properties":{"id":2165,"t":"kort"},"geometry":{"type":"Point","coordinates":[-79.7182,39.8979]}},{"type":"Feature","properties":{"id":2166,"t":"kort"},"geometry":{"type":"Point","coordinates":[-72.8701,42.8868]}},{"type":"Feature","properties":{"id":2167,"t":"kort"},"geometry":{"type":"Point","coordinates":[-94.2239,36.3583]}},{"type":"Feature","properties":{"id":2168,"t":"kort"},"geometry":{"type":"Point","coordinates":[-75.2208,40.0438]}},{"type":"Feature","properties":{"id":2169,"t":"kort"},"geometry":{"type":"Point","coordinates":[-77.2938,42.3515]}},{"type":"Feature","properties":{"id":2170,"t":"kort"},"geometry":{"type":"Point","coordinates":[-78.1716,43.0993]}},{"type":"Feature","properties":{"id":2171,"t":"ultra"},"geometry":{"type":"Point","coordinates":[-75.1743,39.9903]}},{"type":"Feature","properties":{"id":2172,"t":"ultra"},"geometry":{"type":"Point","coordinates":[-83.7751,31.179]}},{"type":"Feature","properties":{"id":2173,"t":"kort"},"geometry":{"type":"Point","coordinates":[-107.0293,37.2529]}},{"type":"Feature","properties":{"id":2174,"t":"kort"},"geometry":{"type":"Point","coordinates":[-75.689,35.2211]}},{"type":"Feature","properties":{"id":2175,"t":"kort"},"geometry":{"type":"Point","coordinates":[-117.0845,46.9094]}},{"type":"Feature","properties":{"id":2176,"t":"kort"},"geometry":{"type":"Point","coordinates":[-76.4994,42.4378]}},{"type":"Feature","properties":{"id":2177,"t":"kort"},"geometry":{"type":"Point","coordinates":[-94.546,38.9933]}},{"type":"Feature","properties":{"id":2178,"t":"half"},"geometry":{"type":"Point","coordinates":[-77.3616,34.6851]}},{"type":"Feature","properties":{"id":2179,"t":"kort"},"geometry":{"type":"Point","coordinates":[-73.9147,41.7081]}},{"type":"Feature","properties":{"id":2180,"t":"kort"},"geometry":{"type":"Point","coordinates":[-97.1518,33.6549]}},{"type":"Feature","properties":{"id":2181,"t":"kort"},"geometry":{"type":"Point","coordinates":[-122.6862,45.5642]}},{"type":"Feature","properties":{"id":2182,"t":"kort"},"geometry":{"type":"Point","coordinates":[-104.8256,39.785]}},{"type":"Feature","properties":{"id":2183,"t":"kort"},"geometry":{"type":"Point","coordinates":[-108.5792,45.7775]}},{"type":"Feature","properties":{"id":2184,"t":"kort"},"geometry":{"type":"Point","coordinates":[-121.7912,36.6841]}},{"type":"Feature","properties":{"id":2185,"t":"kort"},"geometry":{"type":"Point","coordinates":[-85.7608,43.0187]}},{"type":"Feature","properties":{"id":2186,"t":"kort"},"geometry":{"type":"Point","coordinates":[-72.4534,41.3815]}},{"type":"Feature","properties":{"id":2187,"t":"kort"},"geometry":{"type":"Point","coordinates":[-122.2309,47.5575]}},{"type":"Feature","properties":{"id":2188,"t":"kort"},"geometry":{"type":"Point","coordinates":[-92.0268,30.2745]}},{"type":"Feature","properties":{"id":2189,"t":"kort"},"geometry":{"type":"Point","coordinates":[-116.7882,47.6862]}},{"type":"Feature","properties":{"id":2190,"t":"kort"},"geometry":{"type":"Point","coordinates":[-83.131,42.6537]}},{"type":"Feature","properties":{"id":2191,"t":"kort"},"geometry":{"type":"Point","coordinates":[-93.3715,41.6617]}},{"type":"Feature","properties":{"id":2192,"t":"half"},"geometry":{"type":"Point","coordinates":[-112.3803,34.5028]}},{"type":"Feature","properties":{"id":2193,"t":"kort"},"geometry":{"type":"Point","coordinates":[-70.5687,41.4491]}},{"type":"Feature","properties":{"id":2194,"t":"kort"},"geometry":{"type":"Point","coordinates":[-70.9554,42.5352]}},{"type":"Feature","properties":{"id":2195,"t":"kort"},"geometry":{"type":"Point","coordinates":[-90.3478,40.2335]}},{"type":"Feature","properties":{"id":2196,"t":"kort"},"geometry":{"type":"Point","coordinates":[-84.2019,30.8724]}},{"type":"Feature","properties":{"id":2197,"t":"kort"},"geometry":{"type":"Point","coordinates":[-77.5788,42.5567]}},{"type":"Feature","properties":{"id":2198,"t":"kort"},"geometry":{"type":"Point","coordinates":[-71.9698,41.8675]}},{"type":"Feature","properties":{"id":2199,"t":"kort"},"geometry":{"type":"Point","coordinates":[-85.7073,42.8923]}},{"type":"Feature","properties":{"id":2200,"t":"kort"},"geometry":{"type":"Point","coordinates":[-82.9423,39.5978]}},{"type":"Feature","properties":{"id":2201,"t":"kort"},"geometry":{"type":"Point","coordinates":[-90.3002,38.5923]}},{"type":"Feature","properties":{"id":2202,"t":"kort"},"geometry":{"type":"Point","coordinates":[-74.3257,41.3924]}},{"type":"Feature","properties":{"id":2203,"t":"kort"},"geometry":{"type":"Point","coordinates":[-83.7987,43.0027]}},{"type":"Feature","properties":{"id":2204,"t":"kort"},"geometry":{"type":"Point","coordinates":[-86.4791,41.9508]}},{"type":"Feature","properties":{"id":2205,"t":"kort"},"geometry":{"type":"Point","coordinates":[-75.1634,38.7449]}},{"type":"Feature","properties":{"id":2206,"t":"kort"},"geometry":{"type":"Point","coordinates":[-72.4473,41.999]}},{"type":"Feature","properties":{"id":2207,"t":"kort"},"geometry":{"type":"Point","coordinates":[-96.8714,32.8775]}},{"type":"Feature","properties":{"id":2208,"t":"kort"},"geometry":{"type":"Point","coordinates":[-77.2123,39.8266]}},{"type":"Feature","properties":{"id":2209,"t":"kort"},"geometry":{"type":"Point","coordinates":[-77.9861,37.3476]}},{"type":"Feature","properties":{"id":2210,"t":"kort"},"geometry":{"type":"Point","coordinates":[-72.3045,40.9267]}},{"type":"Feature","properties":{"id":2211,"t":"kort"},"geometry":{"type":"Point","coordinates":[-108.1336,32.7647]}},{"type":"Feature","properties":{"id":2212,"t":"kort"},"geometry":{"type":"Point","coordinates":[-83.7284,42.7813]}},{"type":"Feature","properties":{"id":2213,"t":"kort"},"geometry":{"type":"Point","coordinates":[-74.0241,40.7407]}},{"type":"Feature","properties":{"id":2214,"t":"kort"},"geometry":{"type":"Point","coordinates":[-72.2563,42.2534]}},{"type":"Feature","properties":{"id":2215,"t":"kort"},"geometry":{"type":"Point","coordinates":[-76.4665,41.762]}},{"type":"Feature","properties":{"id":2216,"t":"kort"},"geometry":{"type":"Point","coordinates":[-72.0363,42.8158]}},{"type":"Feature","properties":{"id":2217,"t":"kort"},"geometry":{"type":"Point","coordinates":[-95.3817,29.6314]}},{"type":"Feature","properties":{"id":2218,"t":"kort"},"geometry":{"type":"Point","coordinates":[-81.2378,31.9891]}},{"type":"Feature","properties":{"id":2219,"t":"kort"},"geometry":{"type":"Point","coordinates":[-84.932,36.4189]}},{"type":"Feature","properties":{"id":2220,"t":"kort"},"geometry":{"type":"Point","coordinates":[-77.1275,38.8766]}},{"type":"Feature","properties":{"id":2221,"t":"kort"},"geometry":{"type":"Point","coordinates":[-90.1676,35.1508]}},{"type":"Feature","properties":{"id":2222,"t":"kort"},"geometry":{"type":"Point","coordinates":[-80.1882,26.3027]}},{"type":"Feature","properties":{"id":2223,"t":"kort"},"geometry":{"type":"Point","coordinates":[-81.7285,41.4727]}},{"type":"Feature","properties":{"id":2224,"t":"kort"},"geometry":{"type":"Point","coordinates":[-80.6462,40.3668]}},{"type":"Feature","properties":{"id":2225,"t":"kort"},"geometry":{"type":"Point","coordinates":[-81.9497,28.0419]}},{"type":"Feature","properties":{"id":2226,"t":"kort"},"geometry":{"type":"Point","coordinates":[-71.4816,43.5775]}},{"type":"Feature","properties":{"id":2227,"t":"kort"},"geometry":{"type":"Point","coordinates":[-76.8837,40.3102]}},{"type":"Feature","properties":{"id":2228,"t":"kort"},"geometry":{"type":"Point","coordinates":[-81.604,31.8587]}},{"type":"Feature","properties":{"id":2229,"t":"kort"},"geometry":{"type":"Point","coordinates":[-111.9462,33.4367]}},{"type":"Feature","properties":{"id":2230,"t":"kort"},"geometry":{"type":"Point","coordinates":[-77.4428,38.4608]}},{"type":"Feature","properties":{"id":2231,"t":"kort"},"geometry":{"type":"Point","coordinates":[-70.5247,41.3893]}},{"type":"Feature","properties":{"id":2232,"t":"kort"},"geometry":{"type":"Point","coordinates":[-71.4183,41.7933]}},{"type":"Feature","properties":{"id":2233,"t":"kort"},"geometry":{"type":"Point","coordinates":[-72.6597,41.5615]}},{"type":"Feature","properties":{"id":2234,"t":"kort"},"geometry":{"type":"Point","coordinates":[-73.1598,43.9905]}},{"type":"Feature","properties":{"id":2235,"t":"kort"},"geometry":{"type":"Point","coordinates":[-73.6925,43.4207]}},{"type":"Feature","properties":{"id":2236,"t":"kort"},"geometry":{"type":"Point","coordinates":[-117.1537,32.6798]}},{"type":"Feature","properties":{"id":2237,"t":"ultra"},"geometry":{"type":"Point","coordinates":[-85.9587,38.3035]}},{"type":"Feature","properties":{"id":2238,"t":"kort"},"geometry":{"type":"Point","coordinates":[-80.3051,41.9003]}},{"type":"Feature","properties":{"id":2239,"t":"kort"},"geometry":{"type":"Point","coordinates":[-83.0025,41.2974]}},{"type":"Feature","properties":{"id":2240,"t":"kort"},"geometry":{"type":"Point","coordinates":[-82.9943,42.3934]}},{"type":"Feature","properties":{"id":2241,"t":"kort"},"geometry":{"type":"Point","coordinates":[-105.1079,39.8776]}},{"type":"Feature","properties":{"id":2242,"t":"kort"},"geometry":{"type":"Point","coordinates":[-74.8288,41.6934]}},{"type":"Feature","properties":{"id":2243,"t":"kort"},"geometry":{"type":"Point","coordinates":[-92.4042,45.3484]}},{"type":"Feature","properties":{"id":2244,"t":"half"},"geometry":{"type":"Point","coordinates":[-122.6427,48.4994]}},{"type":"Feature","properties":{"id":2245,"t":"kort"},"geometry":{"type":"Point","coordinates":[-121.5833,37.0123]}},{"type":"Feature","properties":{"id":2246,"t":"kort"},"geometry":{"type":"Point","coordinates":[-82.33,36.9415]}},{"type":"Feature","properties":{"id":2247,"t":"kort"},"geometry":{"type":"Point","coordinates":[-80.1323,26.9355]}},{"type":"Feature","properties":{"id":2248,"t":"kort"},"geometry":{"type":"Point","coordinates":[-74.3023,40.9913]}},{"type":"Feature","properties":{"id":2249,"t":"kort"},"geometry":{"type":"Point","coordinates":[-81.8776,26.5737]}},{"type":"Feature","properties":{"id":2250,"t":"kort"},"geometry":{"type":"Point","coordinates":[-95.8529,40.6727]}},{"type":"Feature","properties":{"id":2251,"t":"kort"},"geometry":{"type":"Point","coordinates":[-78.1589,43.0917]}},{"type":"Feature","properties":{"id":2252,"t":"kort"},"geometry":{"type":"Point","coordinates":[-72.8047,41.5364]}},{"type":"Feature","properties":{"id":2253,"t":"kort"},"geometry":{"type":"Point","coordinates":[-78.6412,40.0473]}},{"type":"Feature","properties":{"id":2254,"t":"kort"},"geometry":{"type":"Point","coordinates":[-79.4222,36.8404]}},{"type":"Feature","properties":{"id":2255,"t":"kort"},"geometry":{"type":"Point","coordinates":[-68.0306,46.8686]}},{"type":"Feature","properties":{"id":2256,"t":"ultra"},"geometry":{"type":"Point","coordinates":[-95.6834,41.4478]}},{"type":"Feature","properties":{"id":2257,"t":"kort"},"geometry":{"type":"Point","coordinates":[-86.1191,39.782]}},{"type":"Feature","properties":{"id":2258,"t":"kort"},"geometry":{"type":"Point","coordinates":[-76.1048,39.5591]}},{"type":"Feature","properties":{"id":2259,"t":"kort"},"geometry":{"type":"Point","coordinates":[-80.3844,36.0385]}},{"type":"Feature","properties":{"id":2260,"t":"kort"},"geometry":{"type":"Point","coordinates":[-74.9655,40.2674]}},{"type":"Feature","properties":{"id":2261,"t":"kort"},"geometry":{"type":"Point","coordinates":[-106.1379,38.8354]}},{"type":"Feature","properties":{"id":2262,"t":"kort"},"geometry":{"type":"Point","coordinates":[-81.4468,28.5165]}},{"type":"Feature","properties":{"id":2263,"t":"marathon"},"geometry":{"type":"Point","coordinates":[-86.3917,39.6863]}},{"type":"Feature","properties":{"id":2264,"t":"kort"},"geometry":{"type":"Point","coordinates":[-86.1239,42.3274]}},{"type":"Feature","properties":{"id":2265,"t":"kort"},"geometry":{"type":"Point","coordinates":[-88.428,46.7678]}},{"type":"Feature","properties":{"id":2266,"t":"kort"},"geometry":{"type":"Point","coordinates":[-81.6135,41.0119]}},{"type":"Feature","properties":{"id":2267,"t":"kort"},"geometry":{"type":"Point","coordinates":[-71.1266,44.0308]}},{"type":"Feature","properties":{"id":2268,"t":"kort"},"geometry":{"type":"Point","coordinates":[-84.1478,33.0409]}},{"type":"Feature","properties":{"id":2269,"t":"kort"},"geometry":{"type":"Point","coordinates":[-96.6114,32.7656]}},{"type":"Feature","properties":{"id":2270,"t":"kort"},"geometry":{"type":"Point","coordinates":[-108.1735,36.7432]}},{"type":"Feature","properties":{"id":2271,"t":"kort"},"geometry":{"type":"Point","coordinates":[-105.0676,39.3027]}},{"type":"Feature","properties":{"id":2272,"t":"half"},"geometry":{"type":"Point","coordinates":[-118.5938,34.1961]}},{"type":"Feature","properties":{"id":2273,"t":"kort"},"geometry":{"type":"Point","coordinates":[-97.3125,32.54]}},{"type":"Feature","properties":{"id":2274,"t":"kort"},"geometry":{"type":"Point","coordinates":[-86.1346,39.8292]}},{"type":"Feature","properties":{"id":2275,"t":"tri"},"geometry":{"type":"Point","coordinates":[-111.3807,42.1112]}},{"type":"Feature","properties":{"id":2276,"t":"kort"},"geometry":{"type":"Point","coordinates":[-80.3629,40.7741]}},{"type":"Feature","properties":{"id":2277,"t":"kort"},"geometry":{"type":"Point","coordinates":[-83.3325,43.0565]}},{"type":"Feature","properties":{"id":2278,"t":"kort"},"geometry":{"type":"Point","coordinates":[-94.411,35.3599]}},{"type":"Feature","properties":{"id":2279,"t":"kort"},"geometry":{"type":"Point","coordinates":[-71.2845,42.4795]}},{"type":"Feature","properties":{"id":2280,"t":"kort"},"geometry":{"type":"Point","coordinates":[-85.7562,38.3154]}},{"type":"Feature","properties":{"id":2281,"t":"kort"},"geometry":{"type":"Point","coordinates":[-81.5903,39.2926]}},{"type":"Feature","properties":{"id":2282,"t":"kort"},"geometry":{"type":"Point","coordinates":[-111.4438,36.9073]}},{"type":"Feature","properties":{"id":2283,"t":"kort"},"geometry":{"type":"Point","coordinates":[-81.2262,41.1715]}},{"type":"Feature","properties":{"id":2284,"t":"kort"},"geometry":{"type":"Point","coordinates":[-76.3122,40.0688]}},{"type":"Feature","properties":{"id":2285,"t":"kort"},"geometry":{"type":"Point","coordinates":[-85.2092,35.1585]}},{"type":"Feature","properties":{"id":2286,"t":"kort"},"geometry":{"type":"Point","coordinates":[-104.9601,38.0783]}},{"type":"Feature","properties":{"id":2287,"t":"kort"},"geometry":{"type":"Point","coordinates":[-119.2172,34.2878]}},{"type":"Feature","properties":{"id":2288,"t":"kort"},"geometry":{"type":"Point","coordinates":[-94.7771,39.0861]}},{"type":"Feature","properties":{"id":2289,"t":"kort"},"geometry":{"type":"Point","coordinates":[-120.2377,37.9584]}},{"type":"Feature","properties":{"id":2290,"t":"kort"},"geometry":{"type":"Point","coordinates":[-103.0961,31.8574]}},{"type":"Feature","properties":{"id":2291,"t":"kort"},"geometry":{"type":"Point","coordinates":[-87.677,41.6678]}},{"type":"Feature","properties":{"id":2292,"t":"kort"},"geometry":{"type":"Point","coordinates":[-72.6333,42.6035]}},{"type":"Feature","properties":{"id":2293,"t":"kort"},"geometry":{"type":"Point","coordinates":[-81.7026,36.1291]}},{"type":"Feature","properties":{"id":2294,"t":"kort"},"geometry":{"type":"Point","coordinates":[-117.1483,32.7059]}},{"type":"Feature","properties":{"id":2295,"t":"kort"},"geometry":{"type":"Point","coordinates":[-72.3208,41.3381]}},{"type":"Feature","properties":{"id":2296,"t":"kort"},"geometry":{"type":"Point","coordinates":[-86.7837,35.4546]}},{"type":"Feature","properties":{"id":2297,"t":"kort"},"geometry":{"type":"Point","coordinates":[-96.434,33.9416]}},{"type":"Feature","properties":{"id":2298,"t":"kort"},"geometry":{"type":"Point","coordinates":[-74.163,40.7668]}},{"type":"Feature","properties":{"id":2299,"t":"kort"},"geometry":{"type":"Point","coordinates":[-72.1643,41.5529]}},{"type":"Feature","properties":{"id":2300,"t":"kort"},"geometry":{"type":"Point","coordinates":[-81.4278,41.1722]}},{"type":"Feature","properties":{"id":2301,"t":"kort"},"geometry":{"type":"Point","coordinates":[-85.7688,38.1625]}},{"type":"Feature","properties":{"id":2302,"t":"kort"},"geometry":{"type":"Point","coordinates":[-85.1279,43.2294]}},{"type":"Feature","properties":{"id":2303,"t":"kort"},"geometry":{"type":"Point","coordinates":[-74.8336,40.0774]}},{"type":"Feature","properties":{"id":2304,"t":"kort"},"geometry":{"type":"Point","coordinates":[-92.6489,32.5264]}},{"type":"Feature","properties":{"id":2305,"t":"kort"},"geometry":{"type":"Point","coordinates":[-96.8671,32.7801]}},{"type":"Feature","properties":{"id":2306,"t":"kort"},"geometry":{"type":"Point","coordinates":[-88.5431,46.9926]}},{"type":"Feature","properties":{"id":2307,"t":"kort"},"geometry":{"type":"Point","coordinates":[-113.999,46.8986]}},{"type":"Feature","properties":{"id":2308,"t":"kort"},"geometry":{"type":"Point","coordinates":[-87.2246,30.4065]}},{"type":"Feature","properties":{"id":2309,"t":"kort"},"geometry":{"type":"Point","coordinates":[-88.291,30.6815]}},{"type":"Feature","properties":{"id":2310,"t":"marathon"},"geometry":{"type":"Point","coordinates":[-111.8591,33.4279]}},{"type":"Feature","properties":{"id":2311,"t":"half"},"geometry":{"type":"Point","coordinates":[-84.1539,33.46]}},{"type":"Feature","properties":{"id":2312,"t":"marathon"},"geometry":{"type":"Point","coordinates":[-111.8522,33.4361]}},{"type":"Feature","properties":{"id":2313,"t":"kort"},"geometry":{"type":"Point","coordinates":[-72.7622,41.7604]}},{"type":"Feature","properties":{"id":2314,"t":"kort"},"geometry":{"type":"Point","coordinates":[-80.685,28.2039]}},{"type":"Feature","properties":{"id":2315,"t":"kort"},"geometry":{"type":"Point","coordinates":[-121.8416,37.2488]}},{"type":"Feature","properties":{"id":2316,"t":"kort"},"geometry":{"type":"Point","coordinates":[-73.4572,44.6841]}},{"type":"Feature","properties":{"id":2317,"t":"kort"},"geometry":{"type":"Point","coordinates":[-75.2349,38.6655]}},{"type":"Feature","properties":{"id":2318,"t":"kort"},"geometry":{"type":"Point","coordinates":[-77.0211,38.9468]}},{"type":"Feature","properties":{"id":2319,"t":"kort"},"geometry":{"type":"Point","coordinates":[-71.8613,41.8614]}},{"type":"Feature","properties":{"id":2320,"t":"ultra"},"geometry":{"type":"Point","coordinates":[-72.8422,41.7244]}},{"type":"Feature","properties":{"id":2321,"t":"kort"},"geometry":{"type":"Point","coordinates":[-122.323,37.5751]}},{"type":"Feature","properties":{"id":2322,"t":"kort"},"geometry":{"type":"Point","coordinates":[-75.0477,39.9599]}},{"type":"Feature","properties":{"id":2323,"t":"kort"},"geometry":{"type":"Point","coordinates":[-121.9939,37.3927]}},{"type":"Feature","properties":{"id":2324,"t":"kort"},"geometry":{"type":"Point","coordinates":[-83.4206,34.0084]}},{"type":"Feature","properties":{"id":2325,"t":"kort"},"geometry":{"type":"Point","coordinates":[-97.6379,30.2874]}},{"type":"Feature","properties":{"id":2326,"t":"kort"},"geometry":{"type":"Point","coordinates":[-94.8108,47.5624]}},{"type":"Feature","properties":{"id":2327,"t":"kort"},"geometry":{"type":"Point","coordinates":[-88.099,42.0164]}},{"type":"Feature","properties":{"id":2328,"t":"kort"},"geometry":{"type":"Point","coordinates":[-73.4858,41.076]}},{"type":"Feature","properties":{"id":2329,"t":"kort"},"geometry":{"type":"Point","coordinates":[-76.5076,39.3297]}},{"type":"Feature","properties":{"id":2330,"t":"kort"},"geometry":{"type":"Point","coordinates":[-105.1963,39.7395]}},{"type":"Feature","properties":{"id":2331,"t":"kort"},"geometry":{"type":"Point","coordinates":[-106.7986,32.3296]}},{"type":"Feature","properties":{"id":2332,"t":"kort"},"geometry":{"type":"Point","coordinates":[-78.6195,42.9854]}},{"type":"Feature","properties":{"id":2333,"t":"kort"},"geometry":{"type":"Point","coordinates":[-89.4687,30.3032]}},{"type":"Feature","properties":{"id":2334,"t":"kort"},"geometry":{"type":"Point","coordinates":[-83.6382,41.0359]}},{"type":"Feature","properties":{"id":2335,"t":"kort"},"geometry":{"type":"Point","coordinates":[-83.6583,42.6044]}},{"type":"Feature","properties":{"id":2336,"t":"kort"},"geometry":{"type":"Point","coordinates":[-83.7172,42.2784]}},{"type":"Feature","properties":{"id":2337,"t":"kort"},"geometry":{"type":"Point","coordinates":[-98.4965,29.5264]}},{"type":"Feature","properties":{"id":2338,"t":"kort"},"geometry":{"type":"Point","coordinates":[-88.1795,43.4306]}},{"type":"Feature","properties":{"id":2339,"t":"kort"},"geometry":{"type":"Point","coordinates":[-81.7745,28.8793]}},{"type":"Feature","properties":{"id":2340,"t":"kort"},"geometry":{"type":"Point","coordinates":[-118.305,34.1056]}},{"type":"Feature","properties":{"id":2341,"t":"kort"},"geometry":{"type":"Point","coordinates":[-86.5724,39.1337]}},{"type":"Feature","properties":{"id":2342,"t":"kort"},"geometry":{"type":"Point","coordinates":[-122.256,37.7788]}},{"type":"Feature","properties":{"id":2343,"t":"tri"},"geometry":{"type":"Point","coordinates":[-122.2982,37.8918]}},{"type":"Feature","properties":{"id":2344,"t":"kort"},"geometry":{"type":"Point","coordinates":[-83.0372,42.9288]}},{"type":"Feature","properties":{"id":2345,"t":"half"},"geometry":{"type":"Point","coordinates":[-70.2669,43.6562]}},{"type":"Feature","properties":{"id":2346,"t":"kort"},"geometry":{"type":"Point","coordinates":[-118.1942,33.7708]}},{"type":"Feature","properties":{"id":2347,"t":"kort"},"geometry":{"type":"Point","coordinates":[-93.1439,44.8112]}},{"type":"Feature","properties":{"id":2348,"t":"kort"},"geometry":{"type":"Point","coordinates":[-80.1034,40.7673]}},{"type":"Feature","properties":{"id":2349,"t":"kort"},"geometry":{"type":"Point","coordinates":[-81.6074,41.5036]}},{"type":"Feature","properties":{"id":2350,"t":"kort"},"geometry":{"type":"Point","coordinates":[-86.0545,40.0559]}},{"type":"Feature","properties":{"id":2351,"t":"kort"},"geometry":{"type":"Point","coordinates":[-74.0554,41.5304]}},{"type":"Feature","properties":{"id":2352,"t":"kort"},"geometry":{"type":"Point","coordinates":[-88.7451,41.8914]}},{"type":"Feature","properties":{"id":2353,"t":"marathon"},"geometry":{"type":"Point","coordinates":[-122.4802,48.7508]}},{"type":"Feature","properties":{"id":2354,"t":"kort"},"geometry":{"type":"Point","coordinates":[-74.4424,40.6846]}},{"type":"Feature","properties":{"id":2355,"t":"kort"},"geometry":{"type":"Point","coordinates":[-88.3431,41.757]}},{"type":"Feature","properties":{"id":2356,"t":"kort"},"geometry":{"type":"Point","coordinates":[-93.6159,41.5921]}},{"type":"Feature","properties":{"id":2357,"t":"half"},"geometry":{"type":"Point","coordinates":[-97.7363,35.4919]}},{"type":"Feature","properties":{"id":2358,"t":"kort"},"geometry":{"type":"Point","coordinates":[-75.18,39.8799]}},{"type":"Feature","properties":{"id":2359,"t":"kort"},"geometry":{"type":"Point","coordinates":[-71.6526,43.4418]}},{"type":"Feature","properties":{"id":2360,"t":"kort"},"geometry":{"type":"Point","coordinates":[-75.9256,42.1123]}},{"type":"Feature","properties":{"id":2361,"t":"kort"},"geometry":{"type":"Point","coordinates":[-76.2967,39.4694]}},{"type":"Feature","properties":{"id":2362,"t":"kort"},"geometry":{"type":"Point","coordinates":[-76.218,43.1472]}},{"type":"Feature","properties":{"id":2363,"t":"kort"},"geometry":{"type":"Point","coordinates":[-80.16,26.6086]}},{"type":"Feature","properties":{"id":2364,"t":"kort"},"geometry":{"type":"Point","coordinates":[-74.0284,40.157]}},{"type":"Feature","properties":{"id":2365,"t":"kort"},"geometry":{"type":"Point","coordinates":[-80.093,42.1202]}},{"type":"Feature","properties":{"id":2366,"t":"kort"},"geometry":{"type":"Point","coordinates":[-77.1603,39.0864]}},{"type":"Feature","properties":{"id":2367,"t":"kort"},"geometry":{"type":"Point","coordinates":[-82.9915,40.1811]}},{"type":"Feature","properties":{"id":2368,"t":"kort"},"geometry":{"type":"Point","coordinates":[-84.4959,38.1008]}},{"type":"Feature","properties":{"id":2369,"t":"kort"},"geometry":{"type":"Point","coordinates":[-80.1488,41.6292]}},{"type":"Feature","properties":{"id":2370,"t":"kort"},"geometry":{"type":"Point","coordinates":[-76.2989,36.8939]}},{"type":"Feature","properties":{"id":2371,"t":"kort"},"geometry":{"type":"Point","coordinates":[-104.8197,38.8696]}},{"type":"Feature","properties":{"id":2372,"t":"kort"},"geometry":{"type":"Point","coordinates":[-79.0587,37.3672]}},{"type":"Feature","properties":{"id":2373,"t":"kort"},"geometry":{"type":"Point","coordinates":[-71.4079,41.7935]}},{"type":"Feature","properties":{"id":2374,"t":"kort"},"geometry":{"type":"Point","coordinates":[-118.2632,34.0591]}},{"type":"Feature","properties":{"id":2375,"t":"kort"},"geometry":{"type":"Point","coordinates":[-96.9488,33.1824]}},{"type":"Feature","properties":{"id":2376,"t":"kort"},"geometry":{"type":"Point","coordinates":[-91.2254,46.2248]}},{"type":"Feature","properties":{"id":2377,"t":"kort"},"geometry":{"type":"Point","coordinates":[-73.7844,42.8585]}},{"type":"Feature","properties":{"id":2378,"t":"kort"},"geometry":{"type":"Point","coordinates":[-71.8344,42.2836]}},{"type":"Feature","properties":{"id":2379,"t":"kort"},"geometry":{"type":"Point","coordinates":[-91.2883,45.96]}},{"type":"Feature","properties":{"id":2380,"t":"kort"},"geometry":{"type":"Point","coordinates":[-108.4699,37.4642]}},{"type":"Feature","properties":{"id":2381,"t":"kort"},"geometry":{"type":"Point","coordinates":[-81.0914,35.3444]}},{"type":"Feature","properties":{"id":2382,"t":"kort"},"geometry":{"type":"Point","coordinates":[-84.7047,39.0763]}},{"type":"Feature","properties":{"id":2383,"t":"kort"},"geometry":{"type":"Point","coordinates":[-85.7182,42.9831]}},{"type":"Feature","properties":{"id":2384,"t":"kort"},"geometry":{"type":"Point","coordinates":[-84.1724,37.9882]}},{"type":"Feature","properties":{"id":2385,"t":"kort"},"geometry":{"type":"Point","coordinates":[-79.7658,36.1262]}},{"type":"Feature","properties":{"id":2386,"t":"kort"},"geometry":{"type":"Point","coordinates":[-80.4592,25.4555]}},{"type":"Feature","properties":{"id":2387,"t":"kort"},"geometry":{"type":"Point","coordinates":[-98.9184,31.7812]}},{"type":"Feature","properties":{"id":2388,"t":"kort"},"geometry":{"type":"Point","coordinates":[-88.9524,40.1541]}},{"type":"Feature","properties":{"id":2389,"t":"kort"},"geometry":{"type":"Point","coordinates":[-80.8978,35.7908]}},{"type":"Feature","properties":{"id":2390,"t":"kort"},"geometry":{"type":"Point","coordinates":[-75.8314,39.8343]}},{"type":"Feature","properties":{"id":2391,"t":"kort"},"geometry":{"type":"Point","coordinates":[-96.9949,33.0468]}},{"type":"Feature","properties":{"id":2392,"t":"kort"},"geometry":{"type":"Point","coordinates":[-88.3029,41.7594]}},{"type":"Feature","properties":{"id":2393,"t":"kort"},"geometry":{"type":"Point","coordinates":[-121.774,37.7494]}},{"type":"Feature","properties":{"id":2394,"t":"kort"},"geometry":{"type":"Point","coordinates":[-71.3049,42.4219]}},{"type":"Feature","properties":{"id":2395,"t":"ultra"},"geometry":{"type":"Point","coordinates":[-71.8777,42.4422]}},{"type":"Feature","properties":{"id":2396,"t":"kort"},"geometry":{"type":"Point","coordinates":[-75.3918,40.6206]}},{"type":"Feature","properties":{"id":2397,"t":"kort"},"geometry":{"type":"Point","coordinates":[-124.0574,44.6563]}},{"type":"Feature","properties":{"id":2398,"t":"kort"},"geometry":{"type":"Point","coordinates":[-96.0448,41.3369]}},{"type":"Feature","properties":{"id":2399,"t":"marathon"},"geometry":{"type":"Point","coordinates":[-100.0174,37.7621]}},{"type":"Feature","properties":{"id":2400,"t":"kort"},"geometry":{"type":"Point","coordinates":[-96.4817,35.7583]}},{"type":"Feature","properties":{"id":2401,"t":"kort"},"geometry":{"type":"Point","coordinates":[-97.8259,30.4346]}},{"type":"Feature","properties":{"id":2402,"t":"kort"},"geometry":{"type":"Point","coordinates":[-84.4269,38.015]}},{"type":"Feature","properties":{"id":2403,"t":"kort"},"geometry":{"type":"Point","coordinates":[-75.1517,39.9293]}},{"type":"Feature","properties":{"id":2404,"t":"kort"},"geometry":{"type":"Point","coordinates":[-82.1572,34.1736]}},{"type":"Feature","properties":{"id":2405,"t":"ultra"},"geometry":{"type":"Point","coordinates":[-79.7611,34.9292]}},{"type":"Feature","properties":{"id":2406,"t":"half"},"geometry":{"type":"Point","coordinates":[-76.1869,42.6004]}},{"type":"Feature","properties":{"id":2407,"t":"kort"},"geometry":{"type":"Point","coordinates":[-71.4227,42.1554]}},{"type":"Feature","properties":{"id":2408,"t":"kort"},"geometry":{"type":"Point","coordinates":[-87.8216,45.0546]}},{"type":"Feature","properties":{"id":2409,"t":"kort"},"geometry":{"type":"Point","coordinates":[-73.1121,41.5277]}},{"type":"Feature","properties":{"id":2410,"t":"kort"},"geometry":{"type":"Point","coordinates":[-76.7946,38.9826]}},{"type":"Feature","properties":{"id":2411,"t":"half"},"geometry":{"type":"Point","coordinates":[-73.8943,41.9172]}},{"type":"Feature","properties":{"id":2412,"t":"half"},"geometry":{"type":"Point","coordinates":[-88.071,45.8211]}},{"type":"Feature","properties":{"id":2413,"t":"kort"},"geometry":{"type":"Point","coordinates":[-121.5849,43.8481]}},{"type":"Feature","properties":{"id":2414,"t":"kort"},"geometry":{"type":"Point","coordinates":[-90.175,29.9901]}},{"type":"Feature","properties":{"id":2415,"t":"kort"},"geometry":{"type":"Point","coordinates":[-70.2833,43.6634]}},{"type":"Feature","properties":{"id":2416,"t":"kort"},"geometry":{"type":"Point","coordinates":[-122.4666,38.2801]}},{"type":"Feature","properties":{"id":2417,"t":"kort"},"geometry":{"type":"Point","coordinates":[-90.6202,38.737]}},{"type":"Feature","properties":{"id":2418,"t":"tri"},"geometry":{"type":"Point","coordinates":[-107.8862,38.4582]}},{"type":"Feature","properties":{"id":2419,"t":"marathon"},"geometry":{"type":"Point","coordinates":[-75.2096,39.9573]}},{"type":"Feature","properties":{"id":2420,"t":"kort"},"geometry":{"type":"Point","coordinates":[-84.5692,36.1006]}},{"type":"Feature","properties":{"id":2421,"t":"kort"},"geometry":{"type":"Point","coordinates":[-74.485,41.2278]}},{"type":"Feature","properties":{"id":2422,"t":"kort"},"geometry":{"type":"Point","coordinates":[-83.7321,36.627]}},{"type":"Feature","properties":{"id":2423,"t":"kort"},"geometry":{"type":"Point","coordinates":[-86.2703,43.1884]}},{"type":"Feature","properties":{"id":2424,"t":"kort"},"geometry":{"type":"Point","coordinates":[-74.1385,41.0633]}},{"type":"Feature","properties":{"id":2425,"t":"kort"},"geometry":{"type":"Point","coordinates":[-77.5581,43.1136]}},{"type":"Feature","properties":{"id":2426,"t":"kort"},"geometry":{"type":"Point","coordinates":[-79.0096,34.6349]}},{"type":"Feature","properties":{"id":2427,"t":"kort"},"geometry":{"type":"Point","coordinates":[-85.1365,34.2495]}},{"type":"Feature","properties":{"id":2428,"t":"kort"},"geometry":{"type":"Point","coordinates":[-70.1185,41.6768]}},{"type":"Feature","properties":{"id":2429,"t":"kort"},"geometry":{"type":"Point","coordinates":[-84.3863,33.6159]}},{"type":"Feature","properties":{"id":2430,"t":"kort"},"geometry":{"type":"Point","coordinates":[-95.2571,37.3427]}},{"type":"Feature","properties":{"id":2431,"t":"kort"},"geometry":{"type":"Point","coordinates":[-74.3025,44.846]}},{"type":"Feature","properties":{"id":2432,"t":"kort"},"geometry":{"type":"Point","coordinates":[-97.1077,44.0124]}},{"type":"Feature","properties":{"id":2433,"t":"kort"},"geometry":{"type":"Point","coordinates":[-88.478,44.1763]}},{"type":"Feature","properties":{"id":2434,"t":"kort"},"geometry":{"type":"Point","coordinates":[-77.6309,43.0894]}},{"type":"Feature","properties":{"id":2435,"t":"kort"},"geometry":{"type":"Point","coordinates":[-96.8361,32.6573]}},{"type":"Feature","properties":{"id":2436,"t":"kort"},"geometry":{"type":"Point","coordinates":[-86.7722,35.9029]}},{"type":"Feature","properties":{"id":2437,"t":"kort"},"geometry":{"type":"Point","coordinates":[-90.234,39.7383]}},{"type":"Feature","properties":{"id":2438,"t":"kort"},"geometry":{"type":"Point","coordinates":[-85.7219,41.6804]}},{"type":"Feature","properties":{"id":2439,"t":"kort"},"geometry":{"type":"Point","coordinates":[-80.2488,27.2038]}},{"type":"Feature","properties":{"id":2440,"t":"kort"},"geometry":{"type":"Point","coordinates":[-76.328,43.1574]}},{"type":"Feature","properties":{"id":2441,"t":"kort"},"geometry":{"type":"Point","coordinates":[-92.8751,40.7262]}},{"type":"Feature","properties":{"id":2442,"t":"kort"},"geometry":{"type":"Point","coordinates":[-80.115,26.1134]}},{"type":"Feature","properties":{"id":2443,"t":"kort"},"geometry":{"type":"Point","coordinates":[-77.5648,37.3869]}},{"type":"Feature","properties":{"id":2444,"t":"kort"},"geometry":{"type":"Point","coordinates":[-76.0281,36.6306]}},{"type":"Feature","properties":{"id":2445,"t":"kort"},"geometry":{"type":"Point","coordinates":[-111.6808,40.2221]}},{"type":"Feature","properties":{"id":2446,"t":"kort"},"geometry":{"type":"Point","coordinates":[-87.6874,42.0162]}},{"type":"Feature","properties":{"id":2447,"t":"kort"},"geometry":{"type":"Point","coordinates":[-86.6265,34.7123]}},{"type":"Feature","properties":{"id":2448,"t":"kort"},"geometry":{"type":"Point","coordinates":[-114.1172,47.5932]}},{"type":"Feature","properties":{"id":2449,"t":"kort"},"geometry":{"type":"Point","coordinates":[-78.2421,40.6665]}},{"type":"Feature","properties":{"id":2450,"t":"kort"},"geometry":{"type":"Point","coordinates":[-85.96,40.4883]}},{"type":"Feature","properties":{"id":2451,"t":"kort"},"geometry":{"type":"Point","coordinates":[-81.9084,34.9589]}},{"type":"Feature","properties":{"id":2452,"t":"kort"},"geometry":{"type":"Point","coordinates":[-94.9804,45.7227]}},{"type":"Feature","properties":{"id":2453,"t":"kort"},"geometry":{"type":"Point","coordinates":[-84.2019,39.8299]}},{"type":"Feature","properties":{"id":2454,"t":"kort"},"geometry":{"type":"Point","coordinates":[-82.7093,34.8972]}},{"type":"Feature","properties":{"id":2455,"t":"kort"},"geometry":{"type":"Point","coordinates":[-79.8855,36.9855]}},{"type":"Feature","properties":{"id":2456,"t":"kort"},"geometry":{"type":"Point","coordinates":[-81.5435,30.7283]}},{"type":"Feature","properties":{"id":2457,"t":"kort"},"geometry":{"type":"Point","coordinates":[-75.2229,39.9927]}},{"type":"Feature","properties":{"id":2458,"t":"kort"},"geometry":{"type":"Point","coordinates":[-81.7964,26.1949]}},{"type":"Feature","properties":{"id":2459,"t":"kort"},"geometry":{"type":"Point","coordinates":[-90.8566,43.2842]}},{"type":"Feature","properties":{"id":2460,"t":"kort"},"geometry":{"type":"Point","coordinates":[-73.2293,44.3878]}},{"type":"Feature","properties":{"id":2461,"t":"kort"},"geometry":{"type":"Point","coordinates":[-71.6542,42.31]}},{"type":"Feature","properties":{"id":2462,"t":"kort"},"geometry":{"type":"Point","coordinates":[-84.1857,39.4225]}},{"type":"Feature","properties":{"id":2463,"t":"kort"},"geometry":{"type":"Point","coordinates":[-118.1823,34.09]}},{"type":"Feature","properties":{"id":2464,"t":"kort"},"geometry":{"type":"Point","coordinates":[-94.8182,38.8957]}},{"type":"Feature","properties":{"id":2465,"t":"tri"},"geometry":{"type":"Point","coordinates":[-84.2693,36.0133]}},{"type":"Feature","properties":{"id":2466,"t":"kort"},"geometry":{"type":"Point","coordinates":[-84.1001,39.8351]}},{"type":"Feature","properties":{"id":2467,"t":"kort"},"geometry":{"type":"Point","coordinates":[-93.7045,32.4645]}},{"type":"Feature","properties":{"id":2468,"t":"kort"},"geometry":{"type":"Point","coordinates":[-77.473,39.0391]}},{"type":"Feature","properties":{"id":2469,"t":"kort"},"geometry":{"type":"Point","coordinates":[-74.8813,40.2815]}},{"type":"Feature","properties":{"id":2470,"t":"kort"},"geometry":{"type":"Point","coordinates":[-85.5713,42.3568]}},{"type":"Feature","properties":{"id":2471,"t":"kort"},"geometry":{"type":"Point","coordinates":[-71.5423,43.146]}},{"type":"Feature","properties":{"id":2472,"t":"kort"},"geometry":{"type":"Point","coordinates":[-82.161,40.5139]}},{"type":"Feature","properties":{"id":2473,"t":"kort"},"geometry":{"type":"Point","coordinates":[-81.8214,28.0778]}},{"type":"Feature","properties":{"id":2474,"t":"kort"},"geometry":{"type":"Point","coordinates":[-96.7844,46.3398]}},{"type":"Feature","properties":{"id":2475,"t":"kort"},"geometry":{"type":"Point","coordinates":[-76.6273,39.3086]}},{"type":"Feature","properties":{"id":2476,"t":"kort"},"geometry":{"type":"Point","coordinates":[-96.4962,35.7593]}},{"type":"Feature","properties":{"id":2477,"t":"kort"},"geometry":{"type":"Point","coordinates":[-95.903,33.2513]}},{"type":"Feature","properties":{"id":2478,"t":"kort"},"geometry":{"type":"Point","coordinates":[-107.6019,37.2587]}},{"type":"Feature","properties":{"id":2479,"t":"kort"},"geometry":{"type":"Point","coordinates":[-87.9176,43.1375]}},{"type":"Feature","properties":{"id":2480,"t":"kort"},"geometry":{"type":"Point","coordinates":[-84.1892,36.0783]}},{"type":"Feature","properties":{"id":2481,"t":"kort"},"geometry":{"type":"Point","coordinates":[-71.3954,43.7271]}},{"type":"Feature","properties":{"id":2482,"t":"kort"},"geometry":{"type":"Point","coordinates":[-118.5412,34.4414]}},{"type":"Feature","properties":{"id":2483,"t":"kort"},"geometry":{"type":"Point","coordinates":[-74.9184,38.9613]}},{"type":"Feature","properties":{"id":2484,"t":"ultra"},"geometry":{"type":"Point","coordinates":[-77.5566,37.3923]}},{"type":"Feature","properties":{"id":2485,"t":"half"},"geometry":{"type":"Point","coordinates":[-81.2104,37.7856]}},{"type":"Feature","properties":{"id":2486,"t":"kort"},"geometry":{"type":"Point","coordinates":[-76.9101,40.9716]}},{"type":"Feature","properties":{"id":2487,"t":"kort"},"geometry":{"type":"Point","coordinates":[-81.9655,31.1825]}},{"type":"Feature","properties":{"id":2488,"t":"half"},"geometry":{"type":"Point","coordinates":[-89.9902,38.5133]}},{"type":"Feature","properties":{"id":2489,"t":"kort"},"geometry":{"type":"Point","coordinates":[-78.9584,43.097]}},{"type":"Feature","properties":{"id":2490,"t":"kort"},"geometry":{"type":"Point","coordinates":[-82.7085,27.9998]}},{"type":"Feature","properties":{"id":2491,"t":"ultra"},"geometry":{"type":"Point","coordinates":[-85.9532,44.5102]}},{"type":"Feature","properties":{"id":2492,"t":"kort"},"geometry":{"type":"Point","coordinates":[-86.8638,39.6463]}},{"type":"Feature","properties":{"id":2493,"t":"kort"},"geometry":{"type":"Point","coordinates":[-88.6722,37.0548]}},{"type":"Feature","properties":{"id":2494,"t":"kort"},"geometry":{"type":"Point","coordinates":[-92.2661,34.7694]}},{"type":"Feature","properties":{"id":2495,"t":"kort"},"geometry":{"type":"Point","coordinates":[-75.0046,39.4782]}},{"type":"Feature","properties":{"id":2496,"t":"kort"},"geometry":{"type":"Point","coordinates":[-76.9404,42.1495]}},{"type":"Feature","properties":{"id":2497,"t":"kort"},"geometry":{"type":"Point","coordinates":[-123.4414,48.1115]}},{"type":"Feature","properties":{"id":2498,"t":"kort"},"geometry":{"type":"Point","coordinates":[-83.5553,34.5307]}},{"type":"Feature","properties":{"id":2499,"t":"ultra"},"geometry":{"type":"Point","coordinates":[-84.5403,36.4997]}},{"type":"Feature","properties":{"id":2500,"t":"kort"},"geometry":{"type":"Point","coordinates":[-95.4029,29.0247]}},{"type":"Feature","properties":{"id":2501,"t":"kort"},"geometry":{"type":"Point","coordinates":[-86.2585,39.7926]}},{"type":"Feature","properties":{"id":2502,"t":"kort"},"geometry":{"type":"Point","coordinates":[-120.9432,37.6745]}},{"type":"Feature","properties":{"id":2503,"t":"ultra"},"geometry":{"type":"Point","coordinates":[-87.6955,41.9123]}},{"type":"Feature","properties":{"id":2504,"t":"kort"},"geometry":{"type":"Point","coordinates":[-84.3948,33.9393]}},{"type":"Feature","properties":{"id":2505,"t":"kort"},"geometry":{"type":"Point","coordinates":[-76.9369,38.9349]}},{"type":"Feature","properties":{"id":2506,"t":"half"},"geometry":{"type":"Point","coordinates":[-84.5455,41.3036]}},{"type":"Feature","properties":{"id":2507,"t":"kort"},"geometry":{"type":"Point","coordinates":[-85.7587,38.1889]}},{"type":"Feature","properties":{"id":2508,"t":"kort"},"geometry":{"type":"Point","coordinates":[-77.3173,41.7463]}},{"type":"Feature","properties":{"id":2509,"t":"kort"},"geometry":{"type":"Point","coordinates":[-90.3806,38.6352]}},{"type":"Feature","properties":{"id":2510,"t":"kort"},"geometry":{"type":"Point","coordinates":[-122.6993,45.4927]}},{"type":"Feature","properties":{"id":2511,"t":"kort"},"geometry":{"type":"Point","coordinates":[-111.8572,33.4347]}},{"type":"Feature","properties":{"id":2512,"t":"half"},"geometry":{"type":"Point","coordinates":[-111.8582,33.4291]}},{"type":"Feature","properties":{"id":2513,"t":"half"},"geometry":{"type":"Point","coordinates":[-111.8572,33.4321]}},{"type":"Feature","properties":{"id":2514,"t":"marathon"},"geometry":{"type":"Point","coordinates":[-84.1599,33.4426]}},{"type":"Feature","properties":{"id":2515,"t":"kort"},"geometry":{"type":"Point","coordinates":[-122.0991,37.6244]}},{"type":"Feature","properties":{"id":2516,"t":"kort"},"geometry":{"type":"Point","coordinates":[-75.6705,41.4397]}},{"type":"Feature","properties":{"id":2517,"t":"kort"},"geometry":{"type":"Point","coordinates":[-71.2245,42.6088]}},{"type":"Feature","properties":{"id":2518,"t":"kort"},"geometry":{"type":"Point","coordinates":[-106.1566,38.84]}},{"type":"Feature","properties":{"id":2519,"t":"kort"},"geometry":{"type":"Point","coordinates":[-75.5169,39.7569]}},{"type":"Feature","properties":{"id":2520,"t":"kort"},"geometry":{"type":"Point","coordinates":[-76.6421,39.2972]}},{"type":"Feature","properties":{"id":2521,"t":"kort"},"geometry":{"type":"Point","coordinates":[-93.7532,41.5839]}},{"type":"Feature","properties":{"id":2522,"t":"kort"},"geometry":{"type":"Point","coordinates":[-70.8027,43.0807]}},{"type":"Feature","properties":{"id":2523,"t":"kort"},"geometry":{"type":"Point","coordinates":[-75.2921,38.7711]}},{"type":"Feature","properties":{"id":2524,"t":"ultra"},"geometry":{"type":"Point","coordinates":[-71.6413,42.5768]}},{"type":"Feature","properties":{"id":2525,"t":"kort"},"geometry":{"type":"Point","coordinates":[-76.0617,43.0347]}},{"type":"Feature","properties":{"id":2526,"t":"kort"},"geometry":{"type":"Point","coordinates":[-97.2433,33.5012]}},{"type":"Feature","properties":{"id":2527,"t":"kort"},"geometry":{"type":"Point","coordinates":[-87.6555,41.9449]}},{"type":"Feature","properties":{"id":2528,"t":"tri"},"geometry":{"type":"Point","coordinates":[-88.7371,42.826]}},{"type":"Feature","properties":{"id":2529,"t":"kort"},"geometry":{"type":"Point","coordinates":[-75.9349,42.1187]}},{"type":"Feature","properties":{"id":2530,"t":"kort"},"geometry":{"type":"Point","coordinates":[-98.4248,29.3657]}},{"type":"Feature","properties":{"id":2531,"t":"kort"},"geometry":{"type":"Point","coordinates":[-122.1403,37.9796]}},{"type":"Feature","properties":{"id":2532,"t":"kort"},"geometry":{"type":"Point","coordinates":[-74.5004,41.5945]}},{"type":"Feature","properties":{"id":2533,"t":"kort"},"geometry":{"type":"Point","coordinates":[-73.1695,41.6785]}},{"type":"Feature","properties":{"id":2534,"t":"kort"},"geometry":{"type":"Point","coordinates":[-87.8608,42.7296]}},{"type":"Feature","properties":{"id":2535,"t":"kort"},"geometry":{"type":"Point","coordinates":[-89.0922,42.5604]}},{"type":"Feature","properties":{"id":2536,"t":"kort"},"geometry":{"type":"Point","coordinates":[-75.2269,43.1081]}},{"type":"Feature","properties":{"id":2537,"t":"kort"},"geometry":{"type":"Point","coordinates":[-80.1696,26.6503]}},{"type":"Feature","properties":{"id":2538,"t":"kort"},"geometry":{"type":"Point","coordinates":[-122.5637,45.3297]}},{"type":"Feature","properties":{"id":2539,"t":"kort"},"geometry":{"type":"Point","coordinates":[-75.7171,39.6763]}},{"type":"Feature","properties":{"id":2540,"t":"kort"},"geometry":{"type":"Point","coordinates":[-98.5379,29.5786]}},{"type":"Feature","properties":{"id":2541,"t":"kort"},"geometry":{"type":"Point","coordinates":[-76.7314,37.268]}},{"type":"Feature","properties":{"id":2542,"t":"kort"},"geometry":{"type":"Point","coordinates":[-75.5242,40.5942]}},{"type":"Feature","properties":{"id":2543,"t":"kort"},"geometry":{"type":"Point","coordinates":[-71.2245,42.6124]}},{"type":"Feature","properties":{"id":2544,"t":"kort"},"geometry":{"type":"Point","coordinates":[-77.3585,38.938]}},{"type":"Feature","properties":{"id":2545,"t":"kort"},"geometry":{"type":"Point","coordinates":[-74.0575,40.9527]}},{"type":"Feature","properties":{"id":2546,"t":"kort"},"geometry":{"type":"Point","coordinates":[-76.4577,39.4096]}},{"type":"Feature","properties":{"id":2547,"t":"kort"},"geometry":{"type":"Point","coordinates":[-83.9624,35.9971]}},{"type":"Feature","properties":{"id":2548,"t":"kort"},"geometry":{"type":"Point","coordinates":[-75.0855,40.2091]}},{"type":"Feature","properties":{"id":2549,"t":"kort"},"geometry":{"type":"Point","coordinates":[-81.3676,41.1457]}},{"type":"Feature","properties":{"id":2550,"t":"kort"},"geometry":{"type":"Point","coordinates":[-84.394,33.7771]}},{"type":"Feature","properties":{"id":2551,"t":"kort"},"geometry":{"type":"Point","coordinates":[-77.1149,37.3643]}},{"type":"Feature","properties":{"id":2552,"t":"tri"},"geometry":{"type":"Point","coordinates":[-73.8298,40.617]}},{"type":"Feature","properties":{"id":2553,"t":"half"},"geometry":{"type":"Point","coordinates":[-121.0812,38.9211]}},{"type":"Feature","properties":{"id":2554,"t":"kort"},"geometry":{"type":"Point","coordinates":[-83.3907,34.745]}},{"type":"Feature","properties":{"id":2555,"t":"ultra"},"geometry":{"type":"Point","coordinates":[-67.4808,44.7199]}},{"type":"Feature","properties":{"id":2556,"t":"kort"},"geometry":{"type":"Point","coordinates":[-89.2726,43.0952]}},{"type":"Feature","properties":{"id":2557,"t":"tri"},"geometry":{"type":"Point","coordinates":[-90.5285,38.5696]}},{"type":"Feature","properties":{"id":2558,"t":"kort"},"geometry":{"type":"Point","coordinates":[-123.2203,39.2829]}},{"type":"Feature","properties":{"id":2559,"t":"kort"},"geometry":{"type":"Point","coordinates":[-122.3566,47.6369]}},{"type":"Feature","properties":{"id":2560,"t":"kort"},"geometry":{"type":"Point","coordinates":[-88.7325,44.6302]}},{"type":"Feature","properties":{"id":2561,"t":"marathon"},"geometry":{"type":"Point","coordinates":[-75.1853,39.9493]}},{"type":"Feature","properties":{"id":2562,"t":"kort"},"geometry":{"type":"Point","coordinates":[-82.9191,39.9637]}},{"type":"Feature","properties":{"id":2563,"t":"kort"},"geometry":{"type":"Point","coordinates":[-83.8063,32.8573]}},{"type":"Feature","properties":{"id":2564,"t":"kort"},"geometry":{"type":"Point","coordinates":[-118.1676,34.1723]}},{"type":"Feature","properties":{"id":2565,"t":"kort"},"geometry":{"type":"Point","coordinates":[-74.2614,39.7146]}},{"type":"Feature","properties":{"id":2566,"t":"kort"},"geometry":{"type":"Point","coordinates":[-85.678,44.6868]}},{"type":"Feature","properties":{"id":2567,"t":"half"},"geometry":{"type":"Point","coordinates":[-82.3915,36.3181]}},{"type":"Feature","properties":{"id":2568,"t":"kort"},"geometry":{"type":"Point","coordinates":[-72.2811,41.9593]}},{"type":"Feature","properties":{"id":2569,"t":"kort"},"geometry":{"type":"Point","coordinates":[-75.8372,40.2529]}},{"type":"Feature","properties":{"id":2570,"t":"kort"},"geometry":{"type":"Point","coordinates":[-85.5882,42.3064]}},{"type":"Feature","properties":{"id":2571,"t":"kort"},"geometry":{"type":"Point","coordinates":[-77.1326,35.5932]}},{"type":"Feature","properties":{"id":2572,"t":"marathon"},"geometry":{"type":"Point","coordinates":[-71.305,42.6322]}},{"type":"Feature","properties":{"id":2573,"t":"kort"},"geometry":{"type":"Point","coordinates":[-76.224,43.146]}},{"type":"Feature","properties":{"id":2574,"t":"kort"},"geometry":{"type":"Point","coordinates":[-108.5359,39.0709]}},{"type":"Feature","properties":{"id":2575,"t":"kort"},"geometry":{"type":"Point","coordinates":[-117.4325,47.6601]}},{"type":"Feature","properties":{"id":2576,"t":"ultra"},"geometry":{"type":"Point","coordinates":[-77.5132,37.5078]}},{"type":"Feature","properties":{"id":2577,"t":"kort"},"geometry":{"type":"Point","coordinates":[-78.9433,35.9687]}},{"type":"Feature","properties":{"id":2578,"t":"kort"},"geometry":{"type":"Point","coordinates":[-86.8984,30.4252]}},{"type":"Feature","properties":{"id":2579,"t":"kort"},"geometry":{"type":"Point","coordinates":[-93.1158,44.9604]}},{"type":"Feature","properties":{"id":2580,"t":"kort"},"geometry":{"type":"Point","coordinates":[-86.7225,34.6569]}},{"type":"Feature","properties":{"id":2581,"t":"kort"},"geometry":{"type":"Point","coordinates":[-80.2765,26.7395]}},{"type":"Feature","properties":{"id":2582,"t":"ultra"},"geometry":{"type":"Point","coordinates":[-80.3273,37.909]}},{"type":"Feature","properties":{"id":2583,"t":"kort"},"geometry":{"type":"Point","coordinates":[-77.8593,39.2689]}},{"type":"Feature","properties":{"id":2584,"t":"kort"},"geometry":{"type":"Point","coordinates":[-122.1293,37.0243]}},{"type":"Feature","properties":{"id":2585,"t":"kort"},"geometry":{"type":"Point","coordinates":[-88.0834,42.2079]}},{"type":"Feature","properties":{"id":2586,"t":"ultra"},"geometry":{"type":"Point","coordinates":[-74.804,39.9717]}},{"type":"Feature","properties":{"id":2587,"t":"kort"},"geometry":{"type":"Point","coordinates":[-76.0364,36.7385]}},{"type":"Feature","properties":{"id":2588,"t":"kort"},"geometry":{"type":"Point","coordinates":[-84.3141,33.8164]}},{"type":"Feature","properties":{"id":2589,"t":"kort"},"geometry":{"type":"Point","coordinates":[-75.9411,40.3956]}},{"type":"Feature","properties":{"id":2590,"t":"ultra"},"geometry":{"type":"Point","coordinates":[-73.3248,41.8215]}},{"type":"Feature","properties":{"id":2591,"t":"kort"},"geometry":{"type":"Point","coordinates":[-77.1688,39.0772]}},{"type":"Feature","properties":{"id":2592,"t":"kort"},"geometry":{"type":"Point","coordinates":[-88.031,44.4782]}},{"type":"Feature","properties":{"id":2593,"t":"kort"},"geometry":{"type":"Point","coordinates":[-86.4294,33.741]}},{"type":"Feature","properties":{"id":2594,"t":"kort"},"geometry":{"type":"Point","coordinates":[-117.1694,32.6722]}},{"type":"Feature","properties":{"id":2595,"t":"kort"},"geometry":{"type":"Point","coordinates":[-76.9764,35.13]}},{"type":"Feature","properties":{"id":2596,"t":"kort"},"geometry":{"type":"Point","coordinates":[-81.4261,40.4905]}},{"type":"Feature","properties":{"id":2597,"t":"kort"},"geometry":{"type":"Point","coordinates":[-74.1515,39.9773]}},{"type":"Feature","properties":{"id":2598,"t":"ultra"},"geometry":{"type":"Point","coordinates":[-79.4613,37.7945]}},{"type":"Feature","properties":{"id":2599,"t":"kort"},"geometry":{"type":"Point","coordinates":[-84.5508,33.9398]}},{"type":"Feature","properties":{"id":2600,"t":"kort"},"geometry":{"type":"Point","coordinates":[-77.088,38.7579]}},{"type":"Feature","properties":{"id":2601,"t":"kort"},"geometry":{"type":"Point","coordinates":[-83.9085,42.3569]}},{"type":"Feature","properties":{"id":2602,"t":"kort"},"geometry":{"type":"Point","coordinates":[-85.5662,30.0497]}},{"type":"Feature","properties":{"id":2603,"t":"kort"},"geometry":{"type":"Point","coordinates":[-85.2233,43.0829]}},{"type":"Feature","properties":{"id":2604,"t":"kort"},"geometry":{"type":"Point","coordinates":[-85.6955,38.219]}},{"type":"Feature","properties":{"id":2605,"t":"kort"},"geometry":{"type":"Point","coordinates":[-87.5934,33.3122]}},{"type":"Feature","properties":{"id":2606,"t":"kort"},"geometry":{"type":"Point","coordinates":[-76.0472,36.7241]}},{"type":"Feature","properties":{"id":2607,"t":"kort"},"geometry":{"type":"Point","coordinates":[-88.4413,44.342]}},{"type":"Feature","properties":{"id":2608,"t":"kort"},"geometry":{"type":"Point","coordinates":[-95.5175,29.5904]}},{"type":"Feature","properties":{"id":2609,"t":"kort"},"geometry":{"type":"Point","coordinates":[-81.5242,40.9709]}},{"type":"Feature","properties":{"id":2610,"t":"kort"},"geometry":{"type":"Point","coordinates":[-80.1745,25.7955]}},{"type":"Feature","properties":{"id":2611,"t":"kort"},"geometry":{"type":"Point","coordinates":[-86.129,39.98]}},{"type":"Feature","properties":{"id":2612,"t":"kort"},"geometry":{"type":"Point","coordinates":[-106.596,31.8148]}},{"type":"Feature","properties":{"id":2613,"t":"kort"},"geometry":{"type":"Point","coordinates":[-86.5752,30.4482]}},{"type":"Feature","properties":{"id":2614,"t":"kort"},"geometry":{"type":"Point","coordinates":[-84.5032,34.1014]}},{"type":"Feature","properties":{"id":2615,"t":"kort"},"geometry":{"type":"Point","coordinates":[-92.6569,33.2035]}},{"type":"Feature","properties":{"id":2616,"t":"tri"},"geometry":{"type":"Point","coordinates":[-82.3617,29.6841]}},{"type":"Feature","properties":{"id":2617,"t":"kort"},"geometry":{"type":"Point","coordinates":[-84.2545,39.2497]}},{"type":"Feature","properties":{"id":2618,"t":"kort"},"geometry":{"type":"Point","coordinates":[-76.7306,37.2714]}},{"type":"Feature","properties":{"id":2619,"t":"kort"},"geometry":{"type":"Point","coordinates":[-94.0495,41.6145]}},{"type":"Feature","properties":{"id":2620,"t":"kort"},"geometry":{"type":"Point","coordinates":[-81.9928,33.1073]}},{"type":"Feature","properties":{"id":2621,"t":"kort"},"geometry":{"type":"Point","coordinates":[-122.6311,45.5184]}},{"type":"Feature","properties":{"id":2622,"t":"kort"},"geometry":{"type":"Point","coordinates":[-124.0923,43.9883]}},{"type":"Feature","properties":{"id":2623,"t":"kort"},"geometry":{"type":"Point","coordinates":[-86.4777,30.7701]}},{"type":"Feature","properties":{"id":2624,"t":"kort"},"geometry":{"type":"Point","coordinates":[-82.0211,26.5545]}},{"type":"Feature","properties":{"id":2625,"t":"kort"},"geometry":{"type":"Point","coordinates":[-83.3682,30.9935]}},{"type":"Feature","properties":{"id":2626,"t":"kort"},"geometry":{"type":"Point","coordinates":[-83.0671,42.347]}},{"type":"Feature","properties":{"id":2627,"t":"kort"},"geometry":{"type":"Point","coordinates":[-84.1792,42.4686]}},{"type":"Feature","properties":{"id":2628,"t":"kort"},"geometry":{"type":"Point","coordinates":[-119.0978,35.3111]}},{"type":"Feature","properties":{"id":2629,"t":"kort"},"geometry":{"type":"Point","coordinates":[-96.8462,32.9684]}},{"type":"Feature","properties":{"id":2630,"t":"kort"},"geometry":{"type":"Point","coordinates":[-84.9797,32.48]}},{"type":"Feature","properties":{"id":2631,"t":"kort"},"geometry":{"type":"Point","coordinates":[-82.7138,41.4293]}},{"type":"Feature","properties":{"id":2632,"t":"kort"},"geometry":{"type":"Point","coordinates":[-97.1048,33.2152]}},{"type":"Feature","properties":{"id":2633,"t":"kort"},"geometry":{"type":"Point","coordinates":[-84.0669,39.7618]}},{"type":"Feature","properties":{"id":2634,"t":"kort"},"geometry":{"type":"Point","coordinates":[-88.3647,43.3207]}},{"type":"Feature","properties":{"id":2635,"t":"kort"},"geometry":{"type":"Point","coordinates":[-123.2101,45.2171]}},{"type":"Feature","properties":{"id":2636,"t":"ultra"},"geometry":{"type":"Point","coordinates":[-71.7285,42.2894]}},{"type":"Feature","properties":{"id":2637,"t":"kort"},"geometry":{"type":"Point","coordinates":[-89.9815,38.6927]}},{"type":"Feature","properties":{"id":2638,"t":"kort"},"geometry":{"type":"Point","coordinates":[-83.6417,41.0371]}},{"type":"Feature","properties":{"id":2639,"t":"kort"},"geometry":{"type":"Point","coordinates":[-71.113,42.6792]}},{"type":"Feature","properties":{"id":2640,"t":"kort"},"geometry":{"type":"Point","coordinates":[-97.3505,31.9805]}},{"type":"Feature","properties":{"id":2641,"t":"kort"},"geometry":{"type":"Point","coordinates":[-71.0399,42.4126]}},{"type":"Feature","properties":{"id":2642,"t":"kort"},"geometry":{"type":"Point","coordinates":[-98.569,29.5124]}},{"type":"Feature","properties":{"id":2643,"t":"kort"},"geometry":{"type":"Point","coordinates":[-105.5084,44.2756]}},{"type":"Feature","properties":{"id":2644,"t":"kort"},"geometry":{"type":"Point","coordinates":[-92.4405,42.5261]}},{"type":"Feature","properties":{"id":2645,"t":"kort"},"geometry":{"type":"Point","coordinates":[-74.8327,38.9957]}},{"type":"Feature","properties":{"id":2646,"t":"kort"},"geometry":{"type":"Point","coordinates":[-122.0765,37.6274]}},{"type":"Feature","properties":{"id":2647,"t":"kort"},"geometry":{"type":"Point","coordinates":[-81.0027,37.4421]}},{"type":"Feature","properties":{"id":2648,"t":"kort"},"geometry":{"type":"Point","coordinates":[-88.4145,44.2026]}},{"type":"Feature","properties":{"id":2649,"t":"kort"},"geometry":{"type":"Point","coordinates":[-75.4755,40.5949]}},{"type":"Feature","properties":{"id":2650,"t":"kort"},"geometry":{"type":"Point","coordinates":[-79.4042,36.6268]}},{"type":"Feature","properties":{"id":2651,"t":"kort"},"geometry":{"type":"Point","coordinates":[-117.6017,34.139]}},{"type":"Feature","properties":{"id":2652,"t":"kort"},"geometry":{"type":"Point","coordinates":[-81.728,41.4325]}},{"type":"Feature","properties":{"id":2653,"t":"kort"},"geometry":{"type":"Point","coordinates":[-88.0071,41.8084]}},{"type":"Feature","properties":{"id":2654,"t":"kort"},"geometry":{"type":"Point","coordinates":[-71.1341,42.2502]}},{"type":"Feature","properties":{"id":2655,"t":"kort"},"geometry":{"type":"Point","coordinates":[-75.7095,39.6353]}},{"type":"Feature","properties":{"id":2656,"t":"kort"},"geometry":{"type":"Point","coordinates":[-86.0712,40.7504]}},{"type":"Feature","properties":{"id":2657,"t":"kort"},"geometry":{"type":"Point","coordinates":[-118.3914,33.8886]}},{"type":"Feature","properties":{"id":2658,"t":"kort"},"geometry":{"type":"Point","coordinates":[-101.7319,34.1934]}},{"type":"Feature","properties":{"id":2659,"t":"kort"},"geometry":{"type":"Point","coordinates":[-82.791,37.8332]}},{"type":"Feature","properties":{"id":2660,"t":"kort"},"geometry":{"type":"Point","coordinates":[-80.9462,26.7206]}},{"type":"Feature","properties":{"id":2661,"t":"kort"},"geometry":{"type":"Point","coordinates":[-89.9195,35.9227]}},{"type":"Feature","properties":{"id":2662,"t":"kort"},"geometry":{"type":"Point","coordinates":[-75.7153,40.0125]}},{"type":"Feature","properties":{"id":2663,"t":"kort"},"geometry":{"type":"Point","coordinates":[-78.8549,42.9417]}},{"type":"Feature","properties":{"id":2664,"t":"kort"},"geometry":{"type":"Point","coordinates":[-87.7529,39.0104]}},{"type":"Feature","properties":{"id":2665,"t":"kort"},"geometry":{"type":"Point","coordinates":[-80.1683,26.6582]}},{"type":"Feature","properties":{"id":2666,"t":"kort"},"geometry":{"type":"Point","coordinates":[-89.4898,34.3374]}},{"type":"Feature","properties":{"id":2667,"t":"kort"},"geometry":{"type":"Point","coordinates":[-72.6899,41.7425]}},{"type":"Feature","properties":{"id":2668,"t":"kort"},"geometry":{"type":"Point","coordinates":[-77.3416,38.5356]}},{"type":"Feature","properties":{"id":2669,"t":"kort"},"geometry":{"type":"Point","coordinates":[-84.1433,34.0304]}},{"type":"Feature","properties":{"id":2670,"t":"kort"},"geometry":{"type":"Point","coordinates":[-82.4558,34.8529]}},{"type":"Feature","properties":{"id":2671,"t":"tri"},"geometry":{"type":"Point","coordinates":[-84.6465,42.5188]}},{"type":"Feature","properties":{"id":2672,"t":"kort"},"geometry":{"type":"Point","coordinates":[-84.566,38.2179]}},{"type":"Feature","properties":{"id":2673,"t":"kort"},"geometry":{"type":"Point","coordinates":[-77.4397,37.513]}},{"type":"Feature","properties":{"id":2674,"t":"kort"},"geometry":{"type":"Point","coordinates":[-81.647,41.5179]}},{"type":"Feature","properties":{"id":2675,"t":"kort"},"geometry":{"type":"Point","coordinates":[-86.7638,33.5159]}},{"type":"Feature","properties":{"id":2676,"t":"kort"},"geometry":{"type":"Point","coordinates":[-96.631,32.9189]}},{"type":"Feature","properties":{"id":2677,"t":"kort"},"geometry":{"type":"Point","coordinates":[-86.7521,36.174]}},{"type":"Feature","properties":{"id":2678,"t":"kort"},"geometry":{"type":"Point","coordinates":[-95.7943,29.6404]}},{"type":"Feature","properties":{"id":2679,"t":"kort"},"geometry":{"type":"Point","coordinates":[-83.7814,34.2525]}},{"type":"Feature","properties":{"id":2680,"t":"kort"},"geometry":{"type":"Point","coordinates":[-88.2863,39.8051]}},{"type":"Feature","properties":{"id":2681,"t":"kort"},"geometry":{"type":"Point","coordinates":[-75.1261,40.1226]}},{"type":"Feature","properties":{"id":2682,"t":"kort"},"geometry":{"type":"Point","coordinates":[-82.8927,39.8667]}},{"type":"Feature","properties":{"id":2683,"t":"kort"},"geometry":{"type":"Point","coordinates":[-95.6946,30.0653]}},{"type":"Feature","properties":{"id":2684,"t":"kort"},"geometry":{"type":"Point","coordinates":[-94.8129,38.8817]}},{"type":"Feature","properties":{"id":2685,"t":"kort"},"geometry":{"type":"Point","coordinates":[-84.7809,36.3728]}},{"type":"Feature","properties":{"id":2686,"t":"kort"},"geometry":{"type":"Point","coordinates":[-74.1011,40.8483]}},{"type":"Feature","properties":{"id":2687,"t":"ultra"},"geometry":{"type":"Point","coordinates":[-82.982,40.1873]}},{"type":"Feature","properties":{"id":2688,"t":"kort"},"geometry":{"type":"Point","coordinates":[-73.6794,43.57]}},{"type":"Feature","properties":{"id":2689,"t":"kort"},"geometry":{"type":"Point","coordinates":[-76.2493,36.6356]}},{"type":"Feature","properties":{"id":2690,"t":"kort"},"geometry":{"type":"Point","coordinates":[-88.0706,41.6424]}},{"type":"Feature","properties":{"id":2691,"t":"kort"},"geometry":{"type":"Point","coordinates":[-88.1379,33.2483]}},{"type":"Feature","properties":{"id":2692,"t":"kort"},"geometry":{"type":"Point","coordinates":[-79.5349,37.3057]}},{"type":"Feature","properties":{"id":2693,"t":"kort"},"geometry":{"type":"Point","coordinates":[-111.808,39.9727]}},{"type":"Feature","properties":{"id":2694,"t":"kort"},"geometry":{"type":"Point","coordinates":[-92.8405,34.9733]}},{"type":"Feature","properties":{"id":2695,"t":"kort"},"geometry":{"type":"Point","coordinates":[-92.382,36.329]}},{"type":"Feature","properties":{"id":2696,"t":"kort"},"geometry":{"type":"Point","coordinates":[-94.5727,39.0974]}},{"type":"Feature","properties":{"id":2697,"t":"kort"},"geometry":{"type":"Point","coordinates":[-83.6651,36.0783]}},{"type":"Feature","properties":{"id":2698,"t":"kort"},"geometry":{"type":"Point","coordinates":[-96.3656,33.1751]}},{"type":"Feature","properties":{"id":2699,"t":"kort"},"geometry":{"type":"Point","coordinates":[-89.6255,42.2937]}},{"type":"Feature","properties":{"id":2700,"t":"kort"},"geometry":{"type":"Point","coordinates":[-117.1701,32.7165]}},{"type":"Feature","properties":{"id":2701,"t":"kort"},"geometry":{"type":"Point","coordinates":[-93.8341,41.8879]}},{"type":"Feature","properties":{"id":2702,"t":"kort"},"geometry":{"type":"Point","coordinates":[-95.5242,30.2008]}},{"type":"Feature","properties":{"id":2703,"t":"kort"},"geometry":{"type":"Point","coordinates":[-96.6942,37.1673]}},{"type":"Feature","properties":{"id":2704,"t":"kort"},"geometry":{"type":"Point","coordinates":[-72.1898,43.3516]}},{"type":"Feature","properties":{"id":2705,"t":"kort"},"geometry":{"type":"Point","coordinates":[-106.6953,35.1461]}},{"type":"Feature","properties":{"id":2706,"t":"tri"},"geometry":{"type":"Point","coordinates":[-76.3756,39.3654]}},{"type":"Feature","properties":{"id":2707,"t":"kort"},"geometry":{"type":"Point","coordinates":[-71.3187,41.7477]}},{"type":"Feature","properties":{"id":2708,"t":"kort"},"geometry":{"type":"Point","coordinates":[-86.3612,39.9984]}},{"type":"Feature","properties":{"id":2709,"t":"kort"},"geometry":{"type":"Point","coordinates":[-97.3614,35.3247]}},{"type":"Feature","properties":{"id":2710,"t":"ultra"},"geometry":{"type":"Point","coordinates":[-83.321,43.0501]}},{"type":"Feature","properties":{"id":2711,"t":"kort"},"geometry":{"type":"Point","coordinates":[-85.5239,42.8231]}},{"type":"Feature","properties":{"id":2712,"t":"kort"},"geometry":{"type":"Point","coordinates":[-82.2567,34.7544]}},{"type":"Feature","properties":{"id":2713,"t":"kort"},"geometry":{"type":"Point","coordinates":[-117.1664,32.663]}},{"type":"Feature","properties":{"id":2714,"t":"half"},"geometry":{"type":"Point","coordinates":[-88.0127,44.4902]}},{"type":"Feature","properties":{"id":2715,"t":"half"},"geometry":{"type":"Point","coordinates":[-88.0125,44.4754]}},{"type":"Feature","properties":{"id":2716,"t":"kort"},"geometry":{"type":"Point","coordinates":[-81.036,35.2426]}},{"type":"Feature","properties":{"id":2717,"t":"kort"},"geometry":{"type":"Point","coordinates":[-81.5254,35.4543]}},{"type":"Feature","properties":{"id":2718,"t":"kort"},"geometry":{"type":"Point","coordinates":[-121.2863,44.0836]}},{"type":"Feature","properties":{"id":2719,"t":"kort"},"geometry":{"type":"Point","coordinates":[-105.023,39.9579]}},{"type":"Feature","properties":{"id":2720,"t":"kort"},"geometry":{"type":"Point","coordinates":[-94.9383,34.5471]}},{"type":"Feature","properties":{"id":2721,"t":"kort"},"geometry":{"type":"Point","coordinates":[-117.1475,32.7265]}},{"type":"Feature","properties":{"id":2722,"t":"kort"},"geometry":{"type":"Point","coordinates":[-84.4346,39.1594]}},{"type":"Feature","properties":{"id":2723,"t":"kort"},"geometry":{"type":"Point","coordinates":[-75.6724,39.4739]}},{"type":"Feature","properties":{"id":2724,"t":"kort"},"geometry":{"type":"Point","coordinates":[-83.2642,42.5229]}},{"type":"Feature","properties":{"id":2725,"t":"kort"},"geometry":{"type":"Point","coordinates":[-112.0794,40.7093]}},{"type":"Feature","properties":{"id":2726,"t":"kort"},"geometry":{"type":"Point","coordinates":[-76.9745,38.7543]}},{"type":"Feature","properties":{"id":2727,"t":"kort"},"geometry":{"type":"Point","coordinates":[-114.2214,48.0291]}},{"type":"Feature","properties":{"id":2728,"t":"half"},"geometry":{"type":"Point","coordinates":[-78.3624,40.4341]}},{"type":"Feature","properties":{"id":2729,"t":"kort"},"geometry":{"type":"Point","coordinates":[-86.8773,39.0235]}},{"type":"Feature","properties":{"id":2730,"t":"kort"},"geometry":{"type":"Point","coordinates":[-71.0653,42.3011]}},{"type":"Feature","properties":{"id":2731,"t":"kort"},"geometry":{"type":"Point","coordinates":[-76.0833,38.7852]}},{"type":"Feature","properties":{"id":2732,"t":"kort"},"geometry":{"type":"Point","coordinates":[-87.672,41.6616]}},{"type":"Feature","properties":{"id":2733,"t":"kort"},"geometry":{"type":"Point","coordinates":[-87.0307,36.3709]}},{"type":"Feature","properties":{"id":2734,"t":"kort"},"geometry":{"type":"Point","coordinates":[-85.681,38.229]}},{"type":"Feature","properties":{"id":2735,"t":"ultra"},"geometry":{"type":"Point","coordinates":[-80.7626,35.2848]}},{"type":"Feature","properties":{"id":2736,"t":"ultra"},"geometry":{"type":"Point","coordinates":[-80.7859,41.8661]}},{"type":"Feature","properties":{"id":2737,"t":"kort"},"geometry":{"type":"Point","coordinates":[-90.9256,30.8275]}},{"type":"Feature","properties":{"id":2738,"t":"kort"},"geometry":{"type":"Point","coordinates":[-71.0607,42.4495]}},{"type":"Feature","properties":{"id":2739,"t":"kort"},"geometry":{"type":"Point","coordinates":[-75.3509,40.1052]}},{"type":"Feature","properties":{"id":2740,"t":"kort"},"geometry":{"type":"Point","coordinates":[-95.6094,29.5879]}},{"type":"Feature","properties":{"id":2741,"t":"kort"},"geometry":{"type":"Point","coordinates":[-98.3751,29.5603]}},{"type":"Feature","properties":{"id":2742,"t":"ultra"},"geometry":{"type":"Point","coordinates":[-95.3362,32.1125]}},{"type":"Feature","properties":{"id":2743,"t":"kort"},"geometry":{"type":"Point","coordinates":[-75.3412,40.2852]}},{"type":"Feature","properties":{"id":2744,"t":"kort"},"geometry":{"type":"Point","coordinates":[-111.8627,40.7712]}},{"type":"Feature","properties":{"id":2745,"t":"kort"},"geometry":{"type":"Point","coordinates":[-85.8906,37.6852]}},{"type":"Feature","properties":{"id":2746,"t":"kort"},"geometry":{"type":"Point","coordinates":[-80.6125,35.4163]}},{"type":"Feature","properties":{"id":2747,"t":"kort"},"geometry":{"type":"Point","coordinates":[-75.5577,40.1799]}},{"type":"Feature","properties":{"id":2748,"t":"kort"},"geometry":{"type":"Point","coordinates":[-106.4412,31.7686]}},{"type":"Feature","properties":{"id":2749,"t":"marathon"},"geometry":{"type":"Point","coordinates":[-84.1604,33.4586]}},{"type":"Feature","properties":{"id":2750,"t":"kort"},"geometry":{"type":"Point","coordinates":[-116.3895,43.6136]}},{"type":"Feature","properties":{"id":2751,"t":"kort"},"geometry":{"type":"Point","coordinates":[-114.8,47.3934]}},{"type":"Feature","properties":{"id":2752,"t":"kort"},"geometry":{"type":"Point","coordinates":[-80.0836,26.6138]}},{"type":"Feature","properties":{"id":2753,"t":"kort"},"geometry":{"type":"Point","coordinates":[-78.91,35.9198]}},{"type":"Feature","properties":{"id":2754,"t":"kort"},"geometry":{"type":"Point","coordinates":[-72.8235,41.8326]}},{"type":"Feature","properties":{"id":2755,"t":"kort"},"geometry":{"type":"Point","coordinates":[-76.605,40.0114]}},{"type":"Feature","properties":{"id":2756,"t":"kort"},"geometry":{"type":"Point","coordinates":[-81.4308,40.9559]}},{"type":"Feature","properties":{"id":2757,"t":"kort"},"geometry":{"type":"Point","coordinates":[-80.2981,25.7488]}},{"type":"Feature","properties":{"id":2758,"t":"kort"},"geometry":{"type":"Point","coordinates":[-79.945,40.6224]}},{"type":"Feature","properties":{"id":2759,"t":"ultra"},"geometry":{"type":"Point","coordinates":[-80.1096,38.259]}},{"type":"Feature","properties":{"id":2760,"t":"kort"},"geometry":{"type":"Point","coordinates":[-72.0659,41.3616]}},{"type":"Feature","properties":{"id":2761,"t":"kort"},"geometry":{"type":"Point","coordinates":[-121.1791,44.2703]}},{"type":"Feature","properties":{"id":2762,"t":"ultra"},"geometry":{"type":"Point","coordinates":[-122.4149,45.4913]}},{"type":"Feature","properties":{"id":2763,"t":"half"},"geometry":{"type":"Point","coordinates":[-77.538,39.2701]}},{"type":"Feature","properties":{"id":2764,"t":"kort"},"geometry":{"type":"Point","coordinates":[-87.9327,42.0654]}},{"type":"Feature","properties":{"id":2765,"t":"kort"},"geometry":{"type":"Point","coordinates":[-79.9778,40.4433]}},{"type":"Feature","properties":{"id":2766,"t":"kort"},"geometry":{"type":"Point","coordinates":[-108.6484,45.7731]}},{"type":"Feature","properties":{"id":2767,"t":"kort"},"geometry":{"type":"Point","coordinates":[-85.1114,41.202]}},{"type":"Feature","properties":{"id":2768,"t":"kort"},"geometry":{"type":"Point","coordinates":[-92.8218,38.4427]}},{"type":"Feature","properties":{"id":2769,"t":"kort"},"geometry":{"type":"Point","coordinates":[-70.7669,43.0089]}},{"type":"Feature","properties":{"id":2770,"t":"ultra"},"geometry":{"type":"Point","coordinates":[-73.8567,41.0391]}},{"type":"Feature","properties":{"id":2771,"t":"tri"},"geometry":{"type":"Point","coordinates":[-73.9503,40.7693]}},{"type":"Feature","properties":{"id":2772,"t":"kort"},"geometry":{"type":"Point","coordinates":[-74.2545,41.447]}},{"type":"Feature","properties":{"id":2773,"t":"kort"},"geometry":{"type":"Point","coordinates":[-71.2612,41.8551]}},{"type":"Feature","properties":{"id":2774,"t":"kort"},"geometry":{"type":"Point","coordinates":[-82.2058,27.1055]}},{"type":"Feature","properties":{"id":2775,"t":"kort"},"geometry":{"type":"Point","coordinates":[-82.3496,27.3358]}},{"type":"Feature","properties":{"id":2776,"t":"kort"},"geometry":{"type":"Point","coordinates":[-83.0937,40.1746]}},{"type":"Feature","properties":{"id":2777,"t":"kort"},"geometry":{"type":"Point","coordinates":[-75.1489,40.299]}},{"type":"Feature","properties":{"id":2778,"t":"half"},"geometry":{"type":"Point","coordinates":[-79.0964,36.0812]}},{"type":"Feature","properties":{"id":2779,"t":"kort"},"geometry":{"type":"Point","coordinates":[-119.1138,35.2985]}},{"type":"Feature","properties":{"id":2780,"t":"kort"},"geometry":{"type":"Point","coordinates":[-121.8479,37.2066]}},{"type":"Feature","properties":{"id":2781,"t":"kort"},"geometry":{"type":"Point","coordinates":[-80.0724,36.1231]}},{"type":"Feature","properties":{"id":2782,"t":"kort"},"geometry":{"type":"Point","coordinates":[-72.9205,41.313]}},{"type":"Feature","properties":{"id":2783,"t":"kort"},"geometry":{"type":"Point","coordinates":[-80.2419,26.6663]}},{"type":"Feature","properties":{"id":2784,"t":"kort"},"geometry":{"type":"Point","coordinates":[-74.2386,39.9962]}},{"type":"Feature","properties":{"id":2785,"t":"kort"},"geometry":{"type":"Point","coordinates":[-72.8779,41.6038]}},{"type":"Feature","properties":{"id":2786,"t":"half"},"geometry":{"type":"Point","coordinates":[-95.3709,29.7504]}},{"type":"Feature","properties":{"id":2787,"t":"kort"},"geometry":{"type":"Point","coordinates":[-122.1045,47.2938]}},{"type":"Feature","properties":{"id":2788,"t":"half"},"geometry":{"type":"Point","coordinates":[-109.2753,45.1895]}},{"type":"Feature","properties":{"id":2789,"t":"marathon"},"geometry":{"type":"Point","coordinates":[-86.8144,33.3546]}},{"type":"Feature","properties":{"id":2790,"t":"kort"},"geometry":{"type":"Point","coordinates":[-84.556,42.7096]}},{"type":"Feature","properties":{"id":2791,"t":"kort"},"geometry":{"type":"Point","coordinates":[-72.7165,41.7952]}},{"type":"Feature","properties":{"id":2792,"t":"kort"},"geometry":{"type":"Point","coordinates":[-72.2866,43.5355]}},{"type":"Feature","properties":{"id":2793,"t":"kort"},"geometry":{"type":"Point","coordinates":[-74.6454,40.6553]}},{"type":"Feature","properties":{"id":2794,"t":"tri"},"geometry":{"type":"Point","coordinates":[-86.7652,40.7554]}},{"type":"Feature","properties":{"id":2795,"t":"kort"},"geometry":{"type":"Point","coordinates":[-74.1653,40.7608]}},{"type":"Feature","properties":{"id":2796,"t":"kort"},"geometry":{"type":"Point","coordinates":[-79.8749,40.3442]}},{"type":"Feature","properties":{"id":2797,"t":"kort"},"geometry":{"type":"Point","coordinates":[-79.7826,40.0664]}},{"type":"Feature","properties":{"id":2798,"t":"kort"},"geometry":{"type":"Point","coordinates":[-78.8402,42.9402]}},{"type":"Feature","properties":{"id":2799,"t":"ultra"},"geometry":{"type":"Point","coordinates":[-78.0575,42.6447]}},{"type":"Feature","properties":{"id":2800,"t":"kort"},"geometry":{"type":"Point","coordinates":[-71.4017,41.8813]}},{"type":"Feature","properties":{"id":2801,"t":"kort"},"geometry":{"type":"Point","coordinates":[-81.3881,40.8079]}},{"type":"Feature","properties":{"id":2802,"t":"kort"},"geometry":{"type":"Point","coordinates":[-84.3443,33.7663]}},{"type":"Feature","properties":{"id":2803,"t":"kort"},"geometry":{"type":"Point","coordinates":[-73.2803,41.1696]}},{"type":"Feature","properties":{"id":2804,"t":"kort"},"geometry":{"type":"Point","coordinates":[-82.023,36.684]}},{"type":"Feature","properties":{"id":2805,"t":"kort"},"geometry":{"type":"Point","coordinates":[-78.7779,35.7721]}},{"type":"Feature","properties":{"id":2806,"t":"half"},"geometry":{"type":"Point","coordinates":[-89.4712,30.2858]}},{"type":"Feature","properties":{"id":2807,"t":"kort"},"geometry":{"type":"Point","coordinates":[-82.5218,36.5206]}},{"type":"Feature","properties":{"id":2808,"t":"kort"},"geometry":{"type":"Point","coordinates":[-71.2448,42.2724]}},{"type":"Feature","properties":{"id":2809,"t":"kort"},"geometry":{"type":"Point","coordinates":[-122.4579,37.8751]}},{"type":"Feature","properties":{"id":2810,"t":"kort"},"geometry":{"type":"Point","coordinates":[-80.9956,35.4767]}},{"type":"Feature","properties":{"id":2811,"t":"kort"},"geometry":{"type":"Point","coordinates":[-81.6913,33.5035]}},{"type":"Feature","properties":{"id":2812,"t":"marathon"},"geometry":{"type":"Point","coordinates":[-112.0366,41.0788]}},{"type":"Feature","properties":{"id":2813,"t":"kort"},"geometry":{"type":"Point","coordinates":[-77.4891,37.2211]}},{"type":"Feature","properties":{"id":2814,"t":"kort"},"geometry":{"type":"Point","coordinates":[-84.9316,33.5043]}},{"type":"Feature","properties":{"id":2815,"t":"kort"},"geometry":{"type":"Point","coordinates":[-94.6984,38.9064]}},{"type":"Feature","properties":{"id":2816,"t":"kort"},"geometry":{"type":"Point","coordinates":[-92.0434,32.555]}},{"type":"Feature","properties":{"id":2817,"t":"kort"},"geometry":{"type":"Point","coordinates":[-91.1268,30.4479]}},{"type":"Feature","properties":{"id":2818,"t":"kort"},"geometry":{"type":"Point","coordinates":[-80.8872,35.6849]}},{"type":"Feature","properties":{"id":2819,"t":"kort"},"geometry":{"type":"Point","coordinates":[-76.5699,39.3531]}},{"type":"Feature","properties":{"id":2820,"t":"kort"},"geometry":{"type":"Point","coordinates":[-87.8217,42.0262]}},{"type":"Feature","properties":{"id":2821,"t":"kort"},"geometry":{"type":"Point","coordinates":[-86.3962,33.3934]}},{"type":"Feature","properties":{"id":2822,"t":"kort"},"geometry":{"type":"Point","coordinates":[-98.3328,26.2215]}},{"type":"Feature","properties":{"id":2823,"t":"marathon"},"geometry":{"type":"Point","coordinates":[-78.9112,33.694]}},{"type":"Feature","properties":{"id":2824,"t":"kort"},"geometry":{"type":"Point","coordinates":[-93.0299,30.2227]}},{"type":"Feature","properties":{"id":2825,"t":"kort"},"geometry":{"type":"Point","coordinates":[-77.2806,39.4164]}},{"type":"Feature","properties":{"id":2826,"t":"kort"},"geometry":{"type":"Point","coordinates":[-80.912,34.0777]}},{"type":"Feature","properties":{"id":2827,"t":"kort"},"geometry":{"type":"Point","coordinates":[-92.3728,36.3376]}},{"type":"Feature","properties":{"id":2828,"t":"kort"},"geometry":{"type":"Point","coordinates":[-84.2001,33.7844]}},{"type":"Feature","properties":{"id":2829,"t":"kort"},"geometry":{"type":"Point","coordinates":[-91.5189,41.8095]}},{"type":"Feature","properties":{"id":2830,"t":"kort"},"geometry":{"type":"Point","coordinates":[-80.9,35.7906]}},{"type":"Feature","properties":{"id":2831,"t":"half"},"geometry":{"type":"Point","coordinates":[-96.9883,28.8058]}},{"type":"Feature","properties":{"id":2832,"t":"kort"},"geometry":{"type":"Point","coordinates":[-85.541,36.212]}},{"type":"Feature","properties":{"id":2833,"t":"kort"},"geometry":{"type":"Point","coordinates":[-92.0901,31.143]}},{"type":"Feature","properties":{"id":2834,"t":"kort"},"geometry":{"type":"Point","coordinates":[-79.5447,40.3118]}},{"type":"Feature","properties":{"id":2835,"t":"kort"},"geometry":{"type":"Point","coordinates":[-97.4348,27.773]}},{"type":"Feature","properties":{"id":2836,"t":"kort"},"geometry":{"type":"Point","coordinates":[-81.5339,28.4926]}},{"type":"Feature","properties":{"id":2837,"t":"kort"},"geometry":{"type":"Point","coordinates":[-77.1133,38.8354]}},{"type":"Feature","properties":{"id":2838,"t":"kort"},"geometry":{"type":"Point","coordinates":[-77.4802,38.2919]}},{"type":"Feature","properties":{"id":2839,"t":"kort"},"geometry":{"type":"Point","coordinates":[-117.1704,46.731]}},{"type":"Feature","properties":{"id":2840,"t":"kort"},"geometry":{"type":"Point","coordinates":[-93.8785,33.4252]}},{"type":"Feature","properties":{"id":2841,"t":"kort"},"geometry":{"type":"Point","coordinates":[-76.1857,42.5872]}},{"type":"Feature","properties":{"id":2842,"t":"kort"},"geometry":{"type":"Point","coordinates":[-87.584,30.2858]}},{"type":"Feature","properties":{"id":2843,"t":"kort"},"geometry":{"type":"Point","coordinates":[-89.5473,44.514]}},{"type":"Feature","properties":{"id":2844,"t":"kort"},"geometry":{"type":"Point","coordinates":[-86.795,33.5032]}},{"type":"Feature","properties":{"id":2845,"t":"kort"},"geometry":{"type":"Point","coordinates":[-93.2854,32.6359]}},{"type":"Feature","properties":{"id":2846,"t":"kort"},"geometry":{"type":"Point","coordinates":[-84.1777,33.7644]}},{"type":"Feature","properties":{"id":2847,"t":"kort"},"geometry":{"type":"Point","coordinates":[-75.454,39.0294]}},{"type":"Feature","properties":{"id":2848,"t":"kort"},"geometry":{"type":"Point","coordinates":[-76.5516,40.8629]}},{"type":"Feature","properties":{"id":2849,"t":"kort"},"geometry":{"type":"Point","coordinates":[-79.2138,37.4304]}},{"type":"Feature","properties":{"id":2850,"t":"ultra"},"geometry":{"type":"Point","coordinates":[-86.1064,42.7666]}},{"type":"Feature","properties":{"id":2851,"t":"kort"},"geometry":{"type":"Point","coordinates":[-104.3832,44.4064]}},{"type":"Feature","properties":{"id":2852,"t":"kort"},"geometry":{"type":"Point","coordinates":[-85.6119,40.072]}},{"type":"Feature","properties":{"id":2853,"t":"kort"},"geometry":{"type":"Point","coordinates":[-97.1073,37.5872]}},{"type":"Feature","properties":{"id":2854,"t":"kort"},"geometry":{"type":"Point","coordinates":[-76.0979,36.8414]}},{"type":"Feature","properties":{"id":2855,"t":"kort"},"geometry":{"type":"Point","coordinates":[-87.6877,41.5354]}},{"type":"Feature","properties":{"id":2856,"t":"kort"},"geometry":{"type":"Point","coordinates":[-73.0971,40.7449]}},{"type":"Feature","properties":{"id":2857,"t":"kort"},"geometry":{"type":"Point","coordinates":[-73.076,41.7679]}},{"type":"Feature","properties":{"id":2858,"t":"kort"},"geometry":{"type":"Point","coordinates":[-111.7211,40.2884]}},{"type":"Feature","properties":{"id":2859,"t":"kort"},"geometry":{"type":"Point","coordinates":[-87.3666,41.4208]}},{"type":"Feature","properties":{"id":2860,"t":"kort"},"geometry":{"type":"Point","coordinates":[-81.6394,28.7826]}},{"type":"Feature","properties":{"id":2861,"t":"kort"},"geometry":{"type":"Point","coordinates":[-76.2317,36.7296]}},{"type":"Feature","properties":{"id":2862,"t":"kort"},"geometry":{"type":"Point","coordinates":[-72.5373,43.6322]}},{"type":"Feature","properties":{"id":2863,"t":"kort"},"geometry":{"type":"Point","coordinates":[-97.0551,47.899]}},{"type":"Feature","properties":{"id":2864,"t":"kort"},"geometry":{"type":"Point","coordinates":[-81.0572,32.0605]}},{"type":"Feature","properties":{"id":2865,"t":"kort"},"geometry":{"type":"Point","coordinates":[-81.6924,35.7304]}},{"type":"Feature","properties":{"id":2866,"t":"kort"},"geometry":{"type":"Point","coordinates":[-122.4507,47.153]}},{"type":"Feature","properties":{"id":2867,"t":"kort"},"geometry":{"type":"Point","coordinates":[-75.18,38.7327]}},{"type":"Feature","properties":{"id":2868,"t":"kort"},"geometry":{"type":"Point","coordinates":[-114.1619,46.2469]}},{"type":"Feature","properties":{"id":2869,"t":"kort"},"geometry":{"type":"Point","coordinates":[-97.2274,31.5147]}},{"type":"Feature","properties":{"id":2870,"t":"kort"},"geometry":{"type":"Point","coordinates":[-74.6626,40.2587]}},{"type":"Feature","properties":{"id":2871,"t":"kort"},"geometry":{"type":"Point","coordinates":[-82.2444,35.2161]}},{"type":"Feature","properties":{"id":2872,"t":"kort"},"geometry":{"type":"Point","coordinates":[-78.0065,37.7656]}},{"type":"Feature","properties":{"id":2873,"t":"kort"},"geometry":{"type":"Point","coordinates":[-81.4344,27.492]}},{"type":"Feature","properties":{"id":2874,"t":"kort"},"geometry":{"type":"Point","coordinates":[-121.6529,37.1259]}},{"type":"Feature","properties":{"id":2875,"t":"kort"},"geometry":{"type":"Point","coordinates":[-76.621,34.75]}},{"type":"Feature","properties":{"id":2876,"t":"kort"},"geometry":{"type":"Point","coordinates":[-95.4124,32.505]}},{"type":"Feature","properties":{"id":2877,"t":"kort"},"geometry":{"type":"Point","coordinates":[-74.9184,38.9619]}},{"type":"Feature","properties":{"id":2878,"t":"kort"},"geometry":{"type":"Point","coordinates":[-82.7185,27.4941]}},{"type":"Feature","properties":{"id":2879,"t":"kort"},"geometry":{"type":"Point","coordinates":[-89.1387,42.677]}},{"type":"Feature","properties":{"id":2880,"t":"kort"},"geometry":{"type":"Point","coordinates":[-77.9864,42.3189]}},{"type":"Feature","properties":{"id":2881,"t":"ultra"},"geometry":{"type":"Point","coordinates":[-87.4297,46.3403]}},{"type":"Feature","properties":{"id":2882,"t":"ultra"},"geometry":{"type":"Point","coordinates":[-96.7986,40.9256]}},{"type":"Feature","properties":{"id":2883,"t":"kort"},"geometry":{"type":"Point","coordinates":[-86.3,33.5282]}},{"type":"Feature","properties":{"id":2884,"t":"kort"},"geometry":{"type":"Point","coordinates":[-112.0551,41.0952]}},{"type":"Feature","properties":{"id":2885,"t":"kort"},"geometry":{"type":"Point","coordinates":[-118.4562,35.125]}},{"type":"Feature","properties":{"id":2886,"t":"kort"},"geometry":{"type":"Point","coordinates":[-84.4937,34.6851]}},{"type":"Feature","properties":{"id":2887,"t":"kort"},"geometry":{"type":"Point","coordinates":[-86.4091,39.7603]}},{"type":"Feature","properties":{"id":2888,"t":"kort"},"geometry":{"type":"Point","coordinates":[-87.3607,36.5252]}},{"type":"Feature","properties":{"id":2889,"t":"kort"},"geometry":{"type":"Point","coordinates":[-90.9227,35.6201]}},{"type":"Feature","properties":{"id":2890,"t":"kort"},"geometry":{"type":"Point","coordinates":[-71.3792,41.8771]}},{"type":"Feature","properties":{"id":2891,"t":"kort"},"geometry":{"type":"Point","coordinates":[-104.8359,39.7485]}},{"type":"Feature","properties":{"id":2892,"t":"half"},"geometry":{"type":"Point","coordinates":[-83.351,33.9795]}},{"type":"Feature","properties":{"id":2893,"t":"ultra"},"geometry":{"type":"Point","coordinates":[-97.3043,30.1292]}},{"type":"Feature","properties":{"id":2894,"t":"kort"},"geometry":{"type":"Point","coordinates":[-79.9993,32.7893]}},{"type":"Feature","properties":{"id":2895,"t":"kort"},"geometry":{"type":"Point","coordinates":[-78.3462,40.5961]}},{"type":"Feature","properties":{"id":2896,"t":"kort"},"geometry":{"type":"Point","coordinates":[-80.7154,35.6361]}},{"type":"Feature","properties":{"id":2897,"t":"kort"},"geometry":{"type":"Point","coordinates":[-93.5885,42.0365]}},{"type":"Feature","properties":{"id":2898,"t":"ultra"},"geometry":{"type":"Point","coordinates":[-88.5085,43.302]}},{"type":"Feature","properties":{"id":2899,"t":"ultra"},"geometry":{"type":"Point","coordinates":[-90.5183,38.7938]}},{"type":"Feature","properties":{"id":2900,"t":"kort"},"geometry":{"type":"Point","coordinates":[-119.2935,46.2524]}},{"type":"Feature","properties":{"id":2901,"t":"ultra"},"geometry":{"type":"Point","coordinates":[-95.3303,29.7302]}},{"type":"Feature","properties":{"id":2902,"t":"half"},"geometry":{"type":"Point","coordinates":[-98.7642,29.6377]}},{"type":"Feature","properties":{"id":2903,"t":"kort"},"geometry":{"type":"Point","coordinates":[-88.1806,40.0798]}},{"type":"Feature","properties":{"id":2904,"t":"kort"},"geometry":{"type":"Point","coordinates":[-83.5131,41.6648]}},{"type":"Feature","properties":{"id":2905,"t":"half"},"geometry":{"type":"Point","coordinates":[-97.3275,32.7667]}},{"type":"Feature","properties":{"id":2906,"t":"kort"},"geometry":{"type":"Point","coordinates":[-96.9162,32.6635]}},{"type":"Feature","properties":{"id":2907,"t":"tri"},"geometry":{"type":"Point","coordinates":[-73.9694,40.785]}},{"type":"Feature","properties":{"id":2908,"t":"kort"},"geometry":{"type":"Point","coordinates":[-98.573,33.8649]}},{"type":"Feature","properties":{"id":2909,"t":"kort"},"geometry":{"type":"Point","coordinates":[-97.0532,33.2117]}},{"type":"Feature","properties":{"id":2910,"t":"kort"},"geometry":{"type":"Point","coordinates":[-77.5374,38.801]}},{"type":"Feature","properties":{"id":2911,"t":"kort"},"geometry":{"type":"Point","coordinates":[-117.1282,32.9219]}},{"type":"Feature","properties":{"id":2912,"t":"kort"},"geometry":{"type":"Point","coordinates":[-94.9745,38.4802]}},{"type":"Feature","properties":{"id":2913,"t":"ultra"},"geometry":{"type":"Point","coordinates":[-81.1247,35.2198]}},{"type":"Feature","properties":{"id":2914,"t":"kort"},"geometry":{"type":"Point","coordinates":[-112.355,43.1895]}},{"type":"Feature","properties":{"id":2915,"t":"kort"},"geometry":{"type":"Point","coordinates":[-98.4773,29.3947]}},{"type":"Feature","properties":{"id":2916,"t":"kort"},"geometry":{"type":"Point","coordinates":[-79.1682,33.9805]}},{"type":"Feature","properties":{"id":2917,"t":"kort"},"geometry":{"type":"Point","coordinates":[-122.3653,37.5611]}},{"type":"Feature","properties":{"id":2918,"t":"kort"},"geometry":{"type":"Point","coordinates":[-80.7287,36.737]}},{"type":"Feature","properties":{"id":2919,"t":"kort"},"geometry":{"type":"Point","coordinates":[-86.5941,33.6343]}},{"type":"Feature","properties":{"id":2920,"t":"kort"},"geometry":{"type":"Point","coordinates":[-71.0781,42.362]}},{"type":"Feature","properties":{"id":2921,"t":"kort"},"geometry":{"type":"Point","coordinates":[-71.6636,42.8345]}},{"type":"Feature","properties":{"id":2922,"t":"kort"},"geometry":{"type":"Point","coordinates":[-85.4654,42.691]}},{"type":"Feature","properties":{"id":2923,"t":"kort"},"geometry":{"type":"Point","coordinates":[-88.0481,30.6804]}},{"type":"Feature","properties":{"id":2924,"t":"kort"},"geometry":{"type":"Point","coordinates":[-87.3931,39.479]}},{"type":"Feature","properties":{"id":2925,"t":"kort"},"geometry":{"type":"Point","coordinates":[-71.3588,42.5901]}},{"type":"Feature","properties":{"id":2926,"t":"kort"},"geometry":{"type":"Point","coordinates":[-84.2145,33.8626]}},{"type":"Feature","properties":{"id":2927,"t":"kort"},"geometry":{"type":"Point","coordinates":[-106.0185,39.4845]}},{"type":"Feature","properties":{"id":2928,"t":"kort"},"geometry":{"type":"Point","coordinates":[-117.3752,47.6451]}},{"type":"Feature","properties":{"id":2929,"t":"kort"},"geometry":{"type":"Point","coordinates":[-95.9191,36.7428]}},{"type":"Feature","properties":{"id":2930,"t":"marathon"},"geometry":{"type":"Point","coordinates":[-83.9927,33.95]}},{"type":"Feature","properties":{"id":2931,"t":"kort"},"geometry":{"type":"Point","coordinates":[-88.527,33.8276]}},{"type":"Feature","properties":{"id":2932,"t":"kort"},"geometry":{"type":"Point","coordinates":[-81.713,35.74]}},{"type":"Feature","properties":{"id":2933,"t":"kort"},"geometry":{"type":"Point","coordinates":[-92.032,34.9519]}},{"type":"Feature","properties":{"id":2934,"t":"kort"},"geometry":{"type":"Point","coordinates":[-87.9686,41.8409]}},{"type":"Feature","properties":{"id":2935,"t":"kort"},"geometry":{"type":"Point","coordinates":[-80.6031,40.6742]}},{"type":"Feature","properties":{"id":2936,"t":"ultra"},"geometry":{"type":"Point","coordinates":[-86.4818,38.8811]}},{"type":"Feature","properties":{"id":2937,"t":"kort"},"geometry":{"type":"Point","coordinates":[-87.1666,36.9156]}},{"type":"Feature","properties":{"id":2938,"t":"kort"},"geometry":{"type":"Point","coordinates":[-88.168,38.0786]}},{"type":"Feature","properties":{"id":2939,"t":"ultra"},"geometry":{"type":"Point","coordinates":[-77.2941,42.8605]}},{"type":"Feature","properties":{"id":2940,"t":"kort"},"geometry":{"type":"Point","coordinates":[-78.9295,35.327]}},{"type":"Feature","properties":{"id":2941,"t":"kort"},"geometry":{"type":"Point","coordinates":[-82.9219,40.5044]}},{"type":"Feature","properties":{"id":2942,"t":"kort"},"geometry":{"type":"Point","coordinates":[-84.1524,33.4494]}},{"type":"Feature","properties":{"id":2943,"t":"kort"},"geometry":{"type":"Point","coordinates":[-92.0577,30.1795]}},{"type":"Feature","properties":{"id":2944,"t":"kort"},"geometry":{"type":"Point","coordinates":[-84.1556,39.0889]}},{"type":"Feature","properties":{"id":2945,"t":"kort"},"geometry":{"type":"Point","coordinates":[-69.8257,43.769]}},{"type":"Feature","properties":{"id":2946,"t":"kort"},"geometry":{"type":"Point","coordinates":[-80.2053,26.4005]}},{"type":"Feature","properties":{"id":2947,"t":"kort"},"geometry":{"type":"Point","coordinates":[-94.6983,39.2689]}},{"type":"Feature","properties":{"id":2948,"t":"kort"},"geometry":{"type":"Point","coordinates":[-79.7938,39.5807]}},{"type":"Feature","properties":{"id":2949,"t":"kort"},"geometry":{"type":"Point","coordinates":[-80.1345,26.0494]}},{"type":"Feature","properties":{"id":2950,"t":"marathon"},"geometry":{"type":"Point","coordinates":[-97.3649,37.6744]}},{"type":"Feature","properties":{"id":2951,"t":"kort"},"geometry":{"type":"Point","coordinates":[-71.4328,41.7768]}},{"type":"Feature","properties":{"id":2952,"t":"kort"},"geometry":{"type":"Point","coordinates":[-72.8122,41.5467]}},{"type":"Feature","properties":{"id":2953,"t":"kort"},"geometry":{"type":"Point","coordinates":[-76.7271,37.277]}},{"type":"Feature","properties":{"id":2954,"t":"kort"},"geometry":{"type":"Point","coordinates":[-95.3584,29.7564]}},{"type":"Feature","properties":{"id":2955,"t":"half"},"geometry":{"type":"Point","coordinates":[-123.9307,40.3252]}},{"type":"Feature","properties":{"id":2956,"t":"kort"},"geometry":{"type":"Point","coordinates":[-79.9363,40.6174]}},{"type":"Feature","properties":{"id":2957,"t":"half"},"geometry":{"type":"Point","coordinates":[-122.0824,47.8882]}},{"type":"Feature","properties":{"id":2958,"t":"tri"},"geometry":{"type":"Point","coordinates":[-117.2302,32.8003]}},{"type":"Feature","properties":{"id":2959,"t":"kort"},"geometry":{"type":"Point","coordinates":[-82.3531,29.0935]}},{"type":"Feature","properties":{"id":2960,"t":"kort"},"geometry":{"type":"Point","coordinates":[-70.7056,44.1837]}},{"type":"Feature","properties":{"id":2961,"t":"kort"},"geometry":{"type":"Point","coordinates":[-73.0234,43.9851]}},{"type":"Feature","properties":{"id":2962,"t":"kort"},"geometry":{"type":"Point","coordinates":[-74.8416,40.2018]}},{"type":"Feature","properties":{"id":2963,"t":"kort"},"geometry":{"type":"Point","coordinates":[-75.0392,39.9443]}},{"type":"Feature","properties":{"id":2964,"t":"kort"},"geometry":{"type":"Point","coordinates":[-84.2054,33.9453]}},{"type":"Feature","properties":{"id":2965,"t":"kort"},"geometry":{"type":"Point","coordinates":[-90.8556,38.8006]}},{"type":"Feature","properties":{"id":2966,"t":"kort"},"geometry":{"type":"Point","coordinates":[-75.1844,38.7313]}},{"type":"Feature","properties":{"id":2967,"t":"kort"},"geometry":{"type":"Point","coordinates":[-86.1766,32.379]}},{"type":"Feature","properties":{"id":2968,"t":"kort"},"geometry":{"type":"Point","coordinates":[-81.9955,41.396]}},{"type":"Feature","properties":{"id":2969,"t":"kort"},"geometry":{"type":"Point","coordinates":[-76.817,42.0992]}},{"type":"Feature","properties":{"id":2970,"t":"tri"},"geometry":{"type":"Point","coordinates":[-121.7393,38.5462]}},{"type":"Feature","properties":{"id":2971,"t":"kort"},"geometry":{"type":"Point","coordinates":[-71.4081,41.8361]}},{"type":"Feature","properties":{"id":2972,"t":"kort"},"geometry":{"type":"Point","coordinates":[-78.1967,39.5568]}},{"type":"Feature","properties":{"id":2973,"t":"kort"},"geometry":{"type":"Point","coordinates":[-71.2148,42.1886]}},{"type":"Feature","properties":{"id":2974,"t":"kort"},"geometry":{"type":"Point","coordinates":[-101.9307,34.976]}},{"type":"Feature","properties":{"id":2975,"t":"kort"},"geometry":{"type":"Point","coordinates":[-83.4686,42.4172]}},{"type":"Feature","properties":{"id":2976,"t":"kort"},"geometry":{"type":"Point","coordinates":[-74.7758,39.6306]}},{"type":"Feature","properties":{"id":2977,"t":"kort"},"geometry":{"type":"Point","coordinates":[-85.2095,42.3461]}},{"type":"Feature","properties":{"id":2978,"t":"kort"},"geometry":{"type":"Point","coordinates":[-82.894,42.6382]}},{"type":"Feature","properties":{"id":2979,"t":"kort"},"geometry":{"type":"Point","coordinates":[-70.3823,43.5334]}},{"type":"Feature","properties":{"id":2980,"t":"kort"},"geometry":{"type":"Point","coordinates":[-72.9197,41.311]}},{"type":"Feature","properties":{"id":2981,"t":"kort"},"geometry":{"type":"Point","coordinates":[-74.4929,40.8991]}},{"type":"Feature","properties":{"id":2982,"t":"kort"},"geometry":{"type":"Point","coordinates":[-120.6514,40.3919]}},{"type":"Feature","properties":{"id":2983,"t":"kort"},"geometry":{"type":"Point","coordinates":[-83.2077,42.1456]}},{"type":"Feature","properties":{"id":2984,"t":"kort"},"geometry":{"type":"Point","coordinates":[-71.141,41.8453]}},{"type":"Feature","properties":{"id":2985,"t":"kort"},"geometry":{"type":"Point","coordinates":[-122.8675,47.0215]}},{"type":"Feature","properties":{"id":2986,"t":"kort"},"geometry":{"type":"Point","coordinates":[-74.1941,40.8041]}},{"type":"Feature","properties":{"id":2987,"t":"kort"},"geometry":{"type":"Point","coordinates":[-74.3255,40.5243]}},{"type":"Feature","properties":{"id":2988,"t":"kort"},"geometry":{"type":"Point","coordinates":[-75.0277,39.9234]}},{"type":"Feature","properties":{"id":2989,"t":"kort"},"geometry":{"type":"Point","coordinates":[-71.0606,42.3555]}},{"type":"Feature","properties":{"id":2990,"t":"kort"},"geometry":{"type":"Point","coordinates":[-78.8203,42.864]}},{"type":"Feature","properties":{"id":2991,"t":"kort"},"geometry":{"type":"Point","coordinates":[-78.9044,35.9963]}},{"type":"Feature","properties":{"id":2992,"t":"kort"},"geometry":{"type":"Point","coordinates":[-81.6584,41.3751]}},{"type":"Feature","properties":{"id":2993,"t":"kort"},"geometry":{"type":"Point","coordinates":[-90.5608,38.6005]}},{"type":"Feature","properties":{"id":2994,"t":"kort"},"geometry":{"type":"Point","coordinates":[-98.499,29.5242]}},{"type":"Feature","properties":{"id":2995,"t":"kort"},"geometry":{"type":"Point","coordinates":[-83.707,41.714]}},{"type":"Feature","properties":{"id":2996,"t":"kort"},"geometry":{"type":"Point","coordinates":[-84.3799,34.0484]}},{"type":"Feature","properties":{"id":2997,"t":"kort"},"geometry":{"type":"Point","coordinates":[-76.4887,37.0688]}},{"type":"Feature","properties":{"id":2998,"t":"kort"},"geometry":{"type":"Point","coordinates":[-77.0366,38.886]}},{"type":"Feature","properties":{"id":2999,"t":"kort"},"geometry":{"type":"Point","coordinates":[-111.0366,45.6661]}},{"type":"Feature","properties":{"id":3000,"t":"kort"},"geometry":{"type":"Point","coordinates":[-117.1722,32.6718]}},{"type":"Feature","properties":{"id":3001,"t":"kort"},"geometry":{"type":"Point","coordinates":[-86.6031,33.6261]}},{"type":"Feature","properties":{"id":3002,"t":"kort"},"geometry":{"type":"Point","coordinates":[-74.007,40.7069]}},{"type":"Feature","properties":{"id":3003,"t":"kort"},"geometry":{"type":"Point","coordinates":[-87.2179,30.4592]}},{"type":"Feature","properties":{"id":3004,"t":"kort"},"geometry":{"type":"Point","coordinates":[-84.7681,43.5991]}},{"type":"Feature","properties":{"id":3005,"t":"kort"},"geometry":{"type":"Point","coordinates":[-75.3817,40.5976]}},{"type":"Feature","properties":{"id":3006,"t":"kort"},"geometry":{"type":"Point","coordinates":[-71.2538,42.273]}},{"type":"Feature","properties":{"id":3007,"t":"kort"},"geometry":{"type":"Point","coordinates":[-101.8586,35.1941]}},{"type":"Feature","properties":{"id":3008,"t":"kort"},"geometry":{"type":"Point","coordinates":[-107.2371,34.1134]}},{"type":"Feature","properties":{"id":3009,"t":"ultra"},"geometry":{"type":"Point","coordinates":[-86.7708,33.2944]}},{"type":"Feature","properties":{"id":3010,"t":"kort"},"geometry":{"type":"Point","coordinates":[-74.9778,39.6604]}},{"type":"Feature","properties":{"id":3011,"t":"kort"},"geometry":{"type":"Point","coordinates":[-85.0606,35.9669]}},{"type":"Feature","properties":{"id":3012,"t":"kort"},"geometry":{"type":"Point","coordinates":[-122.6243,38.2511]}},{"type":"Feature","properties":{"id":3013,"t":"kort"},"geometry":{"type":"Point","coordinates":[-85.5134,37.2454]}},{"type":"Feature","properties":{"id":3014,"t":"kort"},"geometry":{"type":"Point","coordinates":[-95.3596,29.7692]}},{"type":"Feature","properties":{"id":3015,"t":"marathon"},"geometry":{"type":"Point","coordinates":[-76.2338,43.0869]}},{"type":"Feature","properties":{"id":3016,"t":"kort"},"geometry":{"type":"Point","coordinates":[-80.6675,28.0743]}},{"type":"Feature","properties":{"id":3017,"t":"kort"},"geometry":{"type":"Point","coordinates":[-80.2751,26.1797]}},{"type":"Feature","properties":{"id":3018,"t":"kort"},"geometry":{"type":"Point","coordinates":[-75.1847,38.7479]}},{"type":"Feature","properties":{"id":3019,"t":"kort"},"geometry":{"type":"Point","coordinates":[-117.4708,33.7605]}},{"type":"Feature","properties":{"id":3020,"t":"kort"},"geometry":{"type":"Point","coordinates":[-77.1609,40.4905]}},{"type":"Feature","properties":{"id":3021,"t":"kort"},"geometry":{"type":"Point","coordinates":[-121.3687,38.4132]}},{"type":"Feature","properties":{"id":3022,"t":"kort"},"geometry":{"type":"Point","coordinates":[-94.58,39.1503]}},{"type":"Feature","properties":{"id":3023,"t":"kort"},"geometry":{"type":"Point","coordinates":[-98.2638,26.1787]}},{"type":"Feature","properties":{"id":3024,"t":"kort"},"geometry":{"type":"Point","coordinates":[-71.7162,41.7773]}},{"type":"Feature","properties":{"id":3025,"t":"kort"},"geometry":{"type":"Point","coordinates":[-73.9648,41.0951]}},{"type":"Feature","properties":{"id":3026,"t":"kort"},"geometry":{"type":"Point","coordinates":[-71.1894,44.4721]}},{"type":"Feature","properties":{"id":3027,"t":"kort"},"geometry":{"type":"Point","coordinates":[-75.6059,39.9837]}},{"type":"Feature","properties":{"id":3028,"t":"kort"},"geometry":{"type":"Point","coordinates":[-86.1124,33.6101]}},{"type":"Feature","properties":{"id":3029,"t":"kort"},"geometry":{"type":"Point","coordinates":[-98.162,26.204]}},{"type":"Feature","properties":{"id":3030,"t":"kort"},"geometry":{"type":"Point","coordinates":[-83.2201,31.2038]}},{"type":"Feature","properties":{"id":3031,"t":"kort"},"geometry":{"type":"Point","coordinates":[-94.3124,38.2662]}},{"type":"Feature","properties":{"id":3032,"t":"kort"},"geometry":{"type":"Point","coordinates":[-80.6444,40.1039]}},{"type":"Feature","properties":{"id":3033,"t":"kort"},"geometry":{"type":"Point","coordinates":[-95.1112,29.6754]}},{"type":"Feature","properties":{"id":3034,"t":"kort"},"geometry":{"type":"Point","coordinates":[-95.5101,29.7666]}},{"type":"Feature","properties":{"id":3035,"t":"kort"},"geometry":{"type":"Point","coordinates":[-79.0525,33.8717]}},{"type":"Feature","properties":{"id":3036,"t":"kort"},"geometry":{"type":"Point","coordinates":[-79.6187,33.2167]}},{"type":"Feature","properties":{"id":3037,"t":"kort"},"geometry":{"type":"Point","coordinates":[-78.9131,34.061]}},{"type":"Feature","properties":{"id":3038,"t":"kort"},"geometry":{"type":"Point","coordinates":[-95.9883,41.2373]}},{"type":"Feature","properties":{"id":3039,"t":"kort"},"geometry":{"type":"Point","coordinates":[-95.8263,29.8604]}},{"type":"Feature","properties":{"id":3040,"t":"kort"},"geometry":{"type":"Point","coordinates":[-123.2071,45.2019]}},{"type":"Feature","properties":{"id":3041,"t":"kort"},"geometry":{"type":"Point","coordinates":[-85.8876,30.4404]}},{"type":"Feature","properties":{"id":3042,"t":"kort"},"geometry":{"type":"Point","coordinates":[-80.9601,41.187]}},{"type":"Feature","properties":{"id":3043,"t":"kort"},"geometry":{"type":"Point","coordinates":[-90.8874,43.5452]}},{"type":"Feature","properties":{"id":3044,"t":"kort"},"geometry":{"type":"Point","coordinates":[-76.4729,37.0514]}},{"type":"Feature","properties":{"id":3045,"t":"kort"},"geometry":{"type":"Point","coordinates":[-117.2395,32.7895]}},{"type":"Feature","properties":{"id":3046,"t":"kort"},"geometry":{"type":"Point","coordinates":[-90.8073,43.9478]}},{"type":"Feature","properties":{"id":3047,"t":"kort"},"geometry":{"type":"Point","coordinates":[-84.5076,33.8798]}},{"type":"Feature","properties":{"id":3048,"t":"kort"},"geometry":{"type":"Point","coordinates":[-97.7388,30.3401]}},{"type":"Feature","properties":{"id":3049,"t":"kort"},"geometry":{"type":"Point","coordinates":[-71.5237,41.4801]}},{"type":"Feature","properties":{"id":3050,"t":"half"},"geometry":{"type":"Point","coordinates":[-79.7718,40.8014]}},{"type":"Feature","properties":{"id":3051,"t":"kort"},"geometry":{"type":"Point","coordinates":[-98.8039,26.3972]}},{"type":"Feature","properties":{"id":3052,"t":"kort"},"geometry":{"type":"Point","coordinates":[-86.5615,34.7279]}},{"type":"Feature","properties":{"id":3053,"t":"kort"},"geometry":{"type":"Point","coordinates":[-74.2663,40.7877]}},{"type":"Feature","properties":{"id":3054,"t":"kort"},"geometry":{"type":"Point","coordinates":[-78.0404,33.9718]}},{"type":"Feature","properties":{"id":3055,"t":"kort"},"geometry":{"type":"Point","coordinates":[-98.2394,26.2244]}},{"type":"Feature","properties":{"id":3056,"t":"kort"},"geometry":{"type":"Point","coordinates":[-82.2324,28.324]}},{"type":"Feature","properties":{"id":3057,"t":"kort"},"geometry":{"type":"Point","coordinates":[-78.5713,38.0984]}},{"type":"Feature","properties":{"id":3058,"t":"kort"},"geometry":{"type":"Point","coordinates":[-74.8168,39.8587]}},{"type":"Feature","properties":{"id":3059,"t":"kort"},"geometry":{"type":"Point","coordinates":[-72.8057,41.8703]}},{"type":"Feature","properties":{"id":3060,"t":"kort"},"geometry":{"type":"Point","coordinates":[-88.5535,37.7275]}},{"type":"Feature","properties":{"id":3061,"t":"kort"},"geometry":{"type":"Point","coordinates":[-68.7447,44.791]}},{"type":"Feature","properties":{"id":3062,"t":"kort"},"geometry":{"type":"Point","coordinates":[-84.8578,33.8969]}},{"type":"Feature","properties":{"id":3063,"t":"kort"},"geometry":{"type":"Point","coordinates":[-74.3023,41.0361]}},{"type":"Feature","properties":{"id":3064,"t":"kort"},"geometry":{"type":"Point","coordinates":[-119.8479,39.533]}},{"type":"Feature","properties":{"id":3065,"t":"kort"},"geometry":{"type":"Point","coordinates":[-86.599,36.1888]}},{"type":"Feature","properties":{"id":3066,"t":"kort"},"geometry":{"type":"Point","coordinates":[-75.0455,39.9014]}},{"type":"Feature","properties":{"id":3067,"t":"kort"},"geometry":{"type":"Point","coordinates":[-112.9679,46.1367]}},{"type":"Feature","properties":{"id":3068,"t":"kort"},"geometry":{"type":"Point","coordinates":[-98.4387,41.2172]}},{"type":"Feature","properties":{"id":3069,"t":"kort"},"geometry":{"type":"Point","coordinates":[-71.6267,42.0752]}},{"type":"Feature","properties":{"id":3070,"t":"kort"},"geometry":{"type":"Point","coordinates":[-93.813,32.3947]}},{"type":"Feature","properties":{"id":3071,"t":"kort"},"geometry":{"type":"Point","coordinates":[-117.8808,33.7032]}},{"type":"Feature","properties":{"id":3072,"t":"kort"},"geometry":{"type":"Point","coordinates":[-104.6258,38.2419]}},{"type":"Feature","properties":{"id":3073,"t":"kort"},"geometry":{"type":"Point","coordinates":[-71.7958,42.3644]}},{"type":"Feature","properties":{"id":3074,"t":"kort"},"geometry":{"type":"Point","coordinates":[-117.1767,32.6708]}},{"type":"Feature","properties":{"id":3075,"t":"kort"},"geometry":{"type":"Point","coordinates":[-81.7529,28.5465]}},{"type":"Feature","properties":{"id":3076,"t":"kort"},"geometry":{"type":"Point","coordinates":[-85.8588,41.5924]}},{"type":"Feature","properties":{"id":3077,"t":"kort"},"geometry":{"type":"Point","coordinates":[-72.0747,41.7689]}},{"type":"Feature","properties":{"id":3078,"t":"ultra"},"geometry":{"type":"Point","coordinates":[-81.1282,36.5149]}},{"type":"Feature","properties":{"id":3079,"t":"kort"},"geometry":{"type":"Point","coordinates":[-85.3055,42.6502]}},{"type":"Feature","properties":{"id":3080,"t":"half"},"geometry":{"type":"Point","coordinates":[-74.4205,39.3606]}},{"type":"Feature","properties":{"id":3081,"t":"kort"},"geometry":{"type":"Point","coordinates":[-81.0881,35.349]}},{"type":"Feature","properties":{"id":3082,"t":"kort"},"geometry":{"type":"Point","coordinates":[-88.6036,34.8811]}},{"type":"Feature","properties":{"id":3083,"t":"kort"},"geometry":{"type":"Point","coordinates":[-108.7349,35.5067]}},{"type":"Feature","properties":{"id":3084,"t":"kort"},"geometry":{"type":"Point","coordinates":[-82.3962,34.7971]}},{"type":"Feature","properties":{"id":3085,"t":"kort"},"geometry":{"type":"Point","coordinates":[-97.1813,34.6297]}},{"type":"Feature","properties":{"id":3086,"t":"kort"},"geometry":{"type":"Point","coordinates":[-80.3072,36.0669]}},{"type":"Feature","properties":{"id":3087,"t":"kort"},"geometry":{"type":"Point","coordinates":[-83.5314,35.8472]}},{"type":"Feature","properties":{"id":3088,"t":"kort"},"geometry":{"type":"Point","coordinates":[-77.4894,37.7403]}},{"type":"Feature","properties":{"id":3089,"t":"kort"},"geometry":{"type":"Point","coordinates":[-92.5856,40.1812]}},{"type":"Feature","properties":{"id":3090,"t":"kort"},"geometry":{"type":"Point","coordinates":[-89.3851,36.0356]}},{"type":"Feature","properties":{"id":3091,"t":"half"},"geometry":{"type":"Point","coordinates":[-118.5875,34.2033]}},{"type":"Feature","properties":{"id":3092,"t":"kort"},"geometry":{"type":"Point","coordinates":[-76.6245,39.3018]}},{"type":"Feature","properties":{"id":3093,"t":"kort"},"geometry":{"type":"Point","coordinates":[-88.6712,37.0582]}},{"type":"Feature","properties":{"id":3094,"t":"kort"},"geometry":{"type":"Point","coordinates":[-76.7241,37.2644]}},{"type":"Feature","properties":{"id":3095,"t":"kort"},"geometry":{"type":"Point","coordinates":[-84.9063,39.9562]}},{"type":"Feature","properties":{"id":3096,"t":"kort"},"geometry":{"type":"Point","coordinates":[-97.5345,30.9466]}},{"type":"Feature","properties":{"id":3097,"t":"tri"},"geometry":{"type":"Point","coordinates":[-94.9715,29.2251]}},{"type":"Feature","properties":{"id":3098,"t":"kort"},"geometry":{"type":"Point","coordinates":[-76.9869,38.1868]}},{"type":"Feature","properties":{"id":3099,"t":"kort"},"geometry":{"type":"Point","coordinates":[-86.012,39.7243]}},{"type":"Feature","properties":{"id":3100,"t":"kort"},"geometry":{"type":"Point","coordinates":[-82.5233,27.3748]}},{"type":"Feature","properties":{"id":3101,"t":"kort"},"geometry":{"type":"Point","coordinates":[-77.4093,37.4698]}},{"type":"Feature","properties":{"id":3102,"t":"kort"},"geometry":{"type":"Point","coordinates":[-119.2887,46.2438]}},{"type":"Feature","properties":{"id":3103,"t":"kort"},"geometry":{"type":"Point","coordinates":[-104.5624,39.0899]}},{"type":"Feature","properties":{"id":3104,"t":"kort"},"geometry":{"type":"Point","coordinates":[-79.1655,33.9913]}},{"type":"Feature","properties":{"id":3105,"t":"kort"},"geometry":{"type":"Point","coordinates":[-84.184,30.4082]}},{"type":"Feature","properties":{"id":3106,"t":"kort"},"geometry":{"type":"Point","coordinates":[-76.7374,37.2698]}},{"type":"Feature","properties":{"id":3107,"t":"kort"},"geometry":{"type":"Point","coordinates":[-77.0039,38.17]}},{"type":"Feature","properties":{"id":3108,"t":"kort"},"geometry":{"type":"Point","coordinates":[-85.0732,33.5852]}},{"type":"Feature","properties":{"id":3109,"t":"kort"},"geometry":{"type":"Point","coordinates":[-85.3698,39.9218]}},{"type":"Feature","properties":{"id":3110,"t":"kort"},"geometry":{"type":"Point","coordinates":[-83.0462,42.4393]}},{"type":"Feature","properties":{"id":3111,"t":"kort"},"geometry":{"type":"Point","coordinates":[-95.8357,32.1937]}},{"type":"Feature","properties":{"id":3112,"t":"kort"},"geometry":{"type":"Point","coordinates":[-81.5374,41.3146]}},{"type":"Feature","properties":{"id":3113,"t":"ultra"},"geometry":{"type":"Point","coordinates":[-105.1026,40.5481]}},{"type":"Feature","properties":{"id":3114,"t":"kort"},"geometry":{"type":"Point","coordinates":[-80.8649,32.2419]}},{"type":"Feature","properties":{"id":3115,"t":"kort"},"geometry":{"type":"Point","coordinates":[-75.9284,42.1179]}},{"type":"Feature","properties":{"id":3116,"t":"kort"},"geometry":{"type":"Point","coordinates":[-77.4929,42.9969]}},{"type":"Feature","properties":{"id":3117,"t":"kort"},"geometry":{"type":"Point","coordinates":[-77.8059,39.5844]}},{"type":"Feature","properties":{"id":3118,"t":"tri"},"geometry":{"type":"Point","coordinates":[-96.0614,30.3646]}},{"type":"Feature","properties":{"id":3119,"t":"kort"},"geometry":{"type":"Point","coordinates":[-81.1011,38.0676]}},{"type":"Feature","properties":{"id":3120,"t":"half"},"geometry":{"type":"Point","coordinates":[-76.5926,39.4132]}},{"type":"Feature","properties":{"id":3121,"t":"kort"},"geometry":{"type":"Point","coordinates":[-76.4759,38.3195]}},{"type":"Feature","properties":{"id":3122,"t":"kort"},"geometry":{"type":"Point","coordinates":[-82.7901,28.0262]}},{"type":"Feature","properties":{"id":3123,"t":"kort"},"geometry":{"type":"Point","coordinates":[-97.1673,33.6635]}},{"type":"Feature","properties":{"id":3124,"t":"kort"},"geometry":{"type":"Point","coordinates":[-88.1,41.8477]}},{"type":"Feature","properties":{"id":3125,"t":"kort"},"geometry":{"type":"Point","coordinates":[-74.8662,40.3109]}},{"type":"Feature","properties":{"id":3126,"t":"kort"},"geometry":{"type":"Point","coordinates":[-79.9408,37.2299]}},{"type":"Feature","properties":{"id":3127,"t":"kort"},"geometry":{"type":"Point","coordinates":[-73.7523,43.0708]}},{"type":"Feature","properties":{"id":3128,"t":"kort"},"geometry":{"type":"Point","coordinates":[-74.2873,40.8898]}},{"type":"Feature","properties":{"id":3129,"t":"half"},"geometry":{"type":"Point","coordinates":[-120.6439,35.2659]}},{"type":"Feature","properties":{"id":3130,"t":"kort"},"geometry":{"type":"Point","coordinates":[-118.4485,33.9599]}},{"type":"Feature","properties":{"id":3131,"t":"kort"},"geometry":{"type":"Point","coordinates":[-75.5532,39.7344]}},{"type":"Feature","properties":{"id":3132,"t":"kort"},"geometry":{"type":"Point","coordinates":[-70.8069,43.4751]}},{"type":"Feature","properties":{"id":3133,"t":"kort"},"geometry":{"type":"Point","coordinates":[-73.8811,41.2212]}},{"type":"Feature","properties":{"id":3134,"t":"kort"},"geometry":{"type":"Point","coordinates":[-83.4188,34.0136]}},{"type":"Feature","properties":{"id":3135,"t":"kort"},"geometry":{"type":"Point","coordinates":[-75.1518,39.9416]}},{"type":"Feature","properties":{"id":3136,"t":"kort"},"geometry":{"type":"Point","coordinates":[-122.7044,45.449]}},{"type":"Feature","properties":{"id":3137,"t":"kort"},"geometry":{"type":"Point","coordinates":[-72.6253,41.3056]}},{"type":"Feature","properties":{"id":3138,"t":"kort"},"geometry":{"type":"Point","coordinates":[-70.4932,43.807]}},{"type":"Feature","properties":{"id":3139,"t":"kort"},"geometry":{"type":"Point","coordinates":[-88.0541,41.8603]}},{"type":"Feature","properties":{"id":3140,"t":"ultra"},"geometry":{"type":"Point","coordinates":[-75.1896,38.5175]}},{"type":"Feature","properties":{"id":3141,"t":"kort"},"geometry":{"type":"Point","coordinates":[-85.1641,41.0727]}},{"type":"Feature","properties":{"id":3142,"t":"kort"},"geometry":{"type":"Point","coordinates":[-71.1365,42.1583]}},{"type":"Feature","properties":{"id":3143,"t":"kort"},"geometry":{"type":"Point","coordinates":[-73.41,41.4592]}},{"type":"Feature","properties":{"id":3144,"t":"kort"},"geometry":{"type":"Point","coordinates":[-77.9359,42.1182]}},{"type":"Feature","properties":{"id":3145,"t":"kort"},"geometry":{"type":"Point","coordinates":[-80.3447,26.0581]}},{"type":"Feature","properties":{"id":3146,"t":"kort"},"geometry":{"type":"Point","coordinates":[-74.6501,40.1161]}},{"type":"Feature","properties":{"id":3147,"t":"kort"},"geometry":{"type":"Point","coordinates":[-90.4875,30.0861]}},{"type":"Feature","properties":{"id":3148,"t":"kort"},"geometry":{"type":"Point","coordinates":[-70.617,41.7256]}},{"type":"Feature","properties":{"id":3149,"t":"kort"},"geometry":{"type":"Point","coordinates":[-83.3925,42.7581]}},{"type":"Feature","properties":{"id":3150,"t":"kort"},"geometry":{"type":"Point","coordinates":[-87.5613,38.0633]}},{"type":"Feature","properties":{"id":3151,"t":"kort"},"geometry":{"type":"Point","coordinates":[-75.3795,42.3082]}},{"type":"Feature","properties":{"id":3152,"t":"kort"},"geometry":{"type":"Point","coordinates":[-74.3487,40.5497]}},{"type":"Feature","properties":{"id":3153,"t":"kort"},"geometry":{"type":"Point","coordinates":[-77.4923,39.0303]}},{"type":"Feature","properties":{"id":3154,"t":"kort"},"geometry":{"type":"Point","coordinates":[-75.1264,40.244]}},{"type":"Feature","properties":{"id":3155,"t":"kort"},"geometry":{"type":"Point","coordinates":[-84.34,33.7757]}},{"type":"Feature","properties":{"id":3156,"t":"kort"},"geometry":{"type":"Point","coordinates":[-76.0279,36.7361]}},{"type":"Feature","properties":{"id":3157,"t":"kort"},"geometry":{"type":"Point","coordinates":[-95.2415,38.9397]}},{"type":"Feature","properties":{"id":3158,"t":"kort"},"geometry":{"type":"Point","coordinates":[-72.135,41.3555]}},{"type":"Feature","properties":{"id":3159,"t":"kort"},"geometry":{"type":"Point","coordinates":[-77.124,38.2867]}},{"type":"Feature","properties":{"id":3160,"t":"kort"},"geometry":{"type":"Point","coordinates":[-77.4218,42.9776]}},{"type":"Feature","properties":{"id":3161,"t":"kort"},"geometry":{"type":"Point","coordinates":[-122.3015,47.6725]}},{"type":"Feature","properties":{"id":3162,"t":"ultra"},"geometry":{"type":"Point","coordinates":[-84.3319,39.8696]}},{"type":"Feature","properties":{"id":3163,"t":"kort"},"geometry":{"type":"Point","coordinates":[-70.9831,42.7977]}},{"type":"Feature","properties":{"id":3164,"t":"half"},"geometry":{"type":"Point","coordinates":[-70.6741,42.6272]}},{"type":"Feature","properties":{"id":3165,"t":"kort"},"geometry":{"type":"Point","coordinates":[-76.5914,39.2945]}},{"type":"Feature","properties":{"id":3166,"t":"kort"},"geometry":{"type":"Point","coordinates":[-71.2608,42.5533]}},{"type":"Feature","properties":{"id":3167,"t":"kort"},"geometry":{"type":"Point","coordinates":[-77.4005,37.462]}},{"type":"Feature","properties":{"id":3168,"t":"kort"},"geometry":{"type":"Point","coordinates":[-118.416,34.0887]}},{"type":"Feature","properties":{"id":3169,"t":"kort"},"geometry":{"type":"Point","coordinates":[-84.403,42.2206]}},{"type":"Feature","properties":{"id":3170,"t":"ultra"},"geometry":{"type":"Point","coordinates":[-89.7726,43.1751]}},{"type":"Feature","properties":{"id":3171,"t":"kort"},"geometry":{"type":"Point","coordinates":[-74.2167,40.8845]}},{"type":"Feature","properties":{"id":3172,"t":"kort"},"geometry":{"type":"Point","coordinates":[-88.0778,41.7044]}},{"type":"Feature","properties":{"id":3173,"t":"kort"},"geometry":{"type":"Point","coordinates":[-74.3575,40.7167]}},{"type":"Feature","properties":{"id":3174,"t":"kort"},"geometry":{"type":"Point","coordinates":[-72.9282,41.6837]}},{"type":"Feature","properties":{"id":3175,"t":"half"},"geometry":{"type":"Point","coordinates":[-78.1832,39.6981]}},{"type":"Feature","properties":{"id":3176,"t":"kort"},"geometry":{"type":"Point","coordinates":[-70.5917,43.3222]}},{"type":"Feature","properties":{"id":3177,"t":"half"},"geometry":{"type":"Point","coordinates":[-78.0366,33.9694]}},{"type":"Feature","properties":{"id":3178,"t":"kort"},"geometry":{"type":"Point","coordinates":[-111.1342,45.7861]}},{"type":"Feature","properties":{"id":3179,"t":"kort"},"geometry":{"type":"Point","coordinates":[-115.1342,36.1675]}},{"type":"Feature","properties":{"id":3180,"t":"kort"},"geometry":{"type":"Point","coordinates":[-122.7037,42.1939]}},{"type":"Feature","properties":{"id":3181,"t":"half"},"geometry":{"type":"Point","coordinates":[-81.561,28.3746]}},{"type":"Feature","properties":{"id":3182,"t":"kort"},"geometry":{"type":"Point","coordinates":[-73.1156,41.6029]}},{"type":"Feature","properties":{"id":3183,"t":"half"},"geometry":{"type":"Point","coordinates":[-81.5643,28.3804]}},{"type":"Feature","properties":{"id":3184,"t":"kort"},"geometry":{"type":"Point","coordinates":[-84.9735,32.4678]}},{"type":"Feature","properties":{"id":3185,"t":"kort"},"geometry":{"type":"Point","coordinates":[-93.9903,30.1418]}},{"type":"Feature","properties":{"id":3186,"t":"kort"},"geometry":{"type":"Point","coordinates":[-84.8587,38.2265]}},{"type":"Feature","properties":{"id":3187,"t":"kort"},"geometry":{"type":"Point","coordinates":[-92.9177,42.0473]}},{"type":"Feature","properties":{"id":3188,"t":"ultra"},"geometry":{"type":"Point","coordinates":[-99.0386,29.722]}},{"type":"Feature","properties":{"id":3189,"t":"kort"},"geometry":{"type":"Point","coordinates":[-75.0584,39.9523]}},{"type":"Feature","properties":{"id":3190,"t":"kort"},"geometry":{"type":"Point","coordinates":[-76.6166,39.2647]}},{"type":"Feature","properties":{"id":3191,"t":"kort"},"geometry":{"type":"Point","coordinates":[-82.8094,39.8323]}},{"type":"Feature","properties":{"id":3192,"t":"kort"},"geometry":{"type":"Point","coordinates":[-73.9742,42.703]}},{"type":"Feature","properties":{"id":3193,"t":"ultra"},"geometry":{"type":"Point","coordinates":[-84.3832,43.727]}},{"type":"Feature","properties":{"id":3194,"t":"kort"},"geometry":{"type":"Point","coordinates":[-95.3572,29.688]}},{"type":"Feature","properties":{"id":3195,"t":"kort"},"geometry":{"type":"Point","coordinates":[-117.8135,34.6057]}},{"type":"Feature","properties":{"id":3196,"t":"kort"},"geometry":{"type":"Point","coordinates":[-96.6173,33.2002]}},{"type":"Feature","properties":{"id":3197,"t":"kort"},"geometry":{"type":"Point","coordinates":[-95.9123,36.0918]}},{"type":"Feature","properties":{"id":3198,"t":"kort"},"geometry":{"type":"Point","coordinates":[-69.7413,44.5141]}},{"type":"Feature","properties":{"id":3199,"t":"kort"},"geometry":{"type":"Point","coordinates":[-78.9754,33.7288]}},{"type":"Feature","properties":{"id":3200,"t":"kort"},"geometry":{"type":"Point","coordinates":[-88.7578,36.1459]}},{"type":"Feature","properties":{"id":3201,"t":"kort"},"geometry":{"type":"Point","coordinates":[-122.2873,47.6893]}},{"type":"Feature","properties":{"id":3202,"t":"kort"},"geometry":{"type":"Point","coordinates":[-121.5071,44.3257]}},{"type":"Feature","properties":{"id":3203,"t":"kort"},"geometry":{"type":"Point","coordinates":[-92.7528,44.0617]}},{"type":"Feature","properties":{"id":3204,"t":"kort"},"geometry":{"type":"Point","coordinates":[-85.6566,38.2726]}},{"type":"Feature","properties":{"id":3205,"t":"kort"},"geometry":{"type":"Point","coordinates":[-111.8315,40.7745]}},{"type":"Feature","properties":{"id":3206,"t":"kort"},"geometry":{"type":"Point","coordinates":[-77.481,38.7548]}},{"type":"Feature","properties":{"id":3207,"t":"kort"},"geometry":{"type":"Point","coordinates":[-86.6011,33.6251]}},{"type":"Feature","properties":{"id":3208,"t":"kort"},"geometry":{"type":"Point","coordinates":[-78.8749,38.4495]}},{"type":"Feature","properties":{"id":3209,"t":"kort"},"geometry":{"type":"Point","coordinates":[-120.9591,37.5893]}},{"type":"Feature","properties":{"id":3210,"t":"kort"},"geometry":{"type":"Point","coordinates":[-73.5882,41.4005]}},{"type":"Feature","properties":{"id":3211,"t":"kort"},"geometry":{"type":"Point","coordinates":[-108.5921,35.5321]}},{"type":"Feature","properties":{"id":3212,"t":"tri"},"geometry":{"type":"Point","coordinates":[-82.7616,34.4656]}},{"type":"Feature","properties":{"id":3213,"t":"kort"},"geometry":{"type":"Point","coordinates":[-75.5377,39.7904]}},{"type":"Feature","properties":{"id":3214,"t":"kort"},"geometry":{"type":"Point","coordinates":[-76.6423,39.3445]}},{"type":"Feature","properties":{"id":3215,"t":"ultra"},"geometry":{"type":"Point","coordinates":[-84.2834,37.5757]}},{"type":"Feature","properties":{"id":3216,"t":"kort"},"geometry":{"type":"Point","coordinates":[-83.1734,33.5555]}},{"type":"Feature","properties":{"id":3217,"t":"kort"},"geometry":{"type":"Point","coordinates":[-75.5357,40.1211]}},{"type":"Feature","properties":{"id":3218,"t":"kort"},"geometry":{"type":"Point","coordinates":[-87.2169,30.4546]}},{"type":"Feature","properties":{"id":3219,"t":"kort"},"geometry":{"type":"Point","coordinates":[-98.7507,29.6249]}},{"type":"Feature","properties":{"id":3220,"t":"kort"},"geometry":{"type":"Point","coordinates":[-79.1346,33.4528]}},{"type":"Feature","properties":{"id":3221,"t":"kort"},"geometry":{"type":"Point","coordinates":[-74.0772,39.9408]}},{"type":"Feature","properties":{"id":3222,"t":"kort"},"geometry":{"type":"Point","coordinates":[-80.6396,40.1115]}},{"type":"Feature","properties":{"id":3223,"t":"kort"},"geometry":{"type":"Point","coordinates":[-73.9993,40.2212]}},{"type":"Feature","properties":{"id":3224,"t":"kort"},"geometry":{"type":"Point","coordinates":[-94.2635,35.2035]}},{"type":"Feature","properties":{"id":3225,"t":"kort"},"geometry":{"type":"Point","coordinates":[-94.922,32.5571]}},{"type":"Feature","properties":{"id":3226,"t":"kort"},"geometry":{"type":"Point","coordinates":[-74.9942,40.754]}},{"type":"Feature","properties":{"id":3227,"t":"kort"},"geometry":{"type":"Point","coordinates":[-78.8725,38.4343]}},{"type":"Feature","properties":{"id":3228,"t":"kort"},"geometry":{"type":"Point","coordinates":[-83.1831,42.5721]}},{"type":"Feature","properties":{"id":3229,"t":"kort"},"geometry":{"type":"Point","coordinates":[-96.9588,33.175]}},{"type":"Feature","properties":{"id":3230,"t":"kort"},"geometry":{"type":"Point","coordinates":[-79.9785,40.5702]}},{"type":"Feature","properties":{"id":3231,"t":"half"},"geometry":{"type":"Point","coordinates":[-75.1752,38.7405]}},{"type":"Feature","properties":{"id":3232,"t":"kort"},"geometry":{"type":"Point","coordinates":[-82.237,27.8957]}},{"type":"Feature","properties":{"id":3233,"t":"kort"},"geometry":{"type":"Point","coordinates":[-115.101,36.0928]}},{"type":"Feature","properties":{"id":3234,"t":"kort"},"geometry":{"type":"Point","coordinates":[-75.1128,40.1184]}},{"type":"Feature","properties":{"id":3235,"t":"kort"},"geometry":{"type":"Point","coordinates":[-74.4918,40.4961]}},{"type":"Feature","properties":{"id":3236,"t":"ultra"},"geometry":{"type":"Point","coordinates":[-81.7306,33.5628]}},{"type":"Feature","properties":{"id":3237,"t":"kort"},"geometry":{"type":"Point","coordinates":[-93.7395,32.4937]}},{"type":"Feature","properties":{"id":3238,"t":"kort"},"geometry":{"type":"Point","coordinates":[-81.9239,41.4815]}},{"type":"Feature","properties":{"id":3239,"t":"kort"},"geometry":{"type":"Point","coordinates":[-72.3687,41.7412]}},{"type":"Feature","properties":{"id":3240,"t":"ultra"},"geometry":{"type":"Point","coordinates":[-78.4909,38.1556]}},{"type":"Feature","properties":{"id":3241,"t":"kort"},"geometry":{"type":"Point","coordinates":[-105.1055,39.8422]}},{"type":"Feature","properties":{"id":3242,"t":"half"},"geometry":{"type":"Point","coordinates":[-78.8475,35.7223]}},{"type":"Feature","properties":{"id":3243,"t":"kort"},"geometry":{"type":"Point","coordinates":[-85.0864,33.58]}},{"type":"Feature","properties":{"id":3244,"t":"kort"},"geometry":{"type":"Point","coordinates":[-92.5856,34.4943]}},{"type":"Feature","properties":{"id":3245,"t":"kort"},"geometry":{"type":"Point","coordinates":[-92.2749,34.7744]}},{"type":"Feature","properties":{"id":3246,"t":"kort"},"geometry":{"type":"Point","coordinates":[-76.8437,38.2648]}},{"type":"Feature","properties":{"id":3247,"t":"kort"},"geometry":{"type":"Point","coordinates":[-95.8896,36.0367]}},{"type":"Feature","properties":{"id":3248,"t":"half"},"geometry":{"type":"Point","coordinates":[-71.7606,44.2005]}},{"type":"Feature","properties":{"id":3249,"t":"kort"},"geometry":{"type":"Point","coordinates":[-84.4417,33.7801]}},{"type":"Feature","properties":{"id":3250,"t":"kort"},"geometry":{"type":"Point","coordinates":[-84.4139,33.7254]}},{"type":"Feature","properties":{"id":3251,"t":"kort"},"geometry":{"type":"Point","coordinates":[-88.4469,42.5791]}},{"type":"Feature","properties":{"id":3252,"t":"kort"},"geometry":{"type":"Point","coordinates":[-106.6512,35.1349]}},{"type":"Feature","properties":{"id":3253,"t":"kort"},"geometry":{"type":"Point","coordinates":[-98.4307,29.3568]}},{"type":"Feature","properties":{"id":3254,"t":"kort"},"geometry":{"type":"Point","coordinates":[-75.3989,39.9228]}},{"type":"Feature","properties":{"id":3255,"t":"kort"},"geometry":{"type":"Point","coordinates":[-88.3223,41.8502]}},{"type":"Feature","properties":{"id":3256,"t":"kort"},"geometry":{"type":"Point","coordinates":[-69.8361,43.914]}},{"type":"Feature","properties":{"id":3257,"t":"kort"},"geometry":{"type":"Point","coordinates":[-98.1902,26.1827]}},{"type":"Feature","properties":{"id":3258,"t":"kort"},"geometry":{"type":"Point","coordinates":[-89.459,30.2984]}},{"type":"Feature","properties":{"id":3259,"t":"kort"},"geometry":{"type":"Point","coordinates":[-71.0151,42.2665]}},{"type":"Feature","properties":{"id":3260,"t":"kort"},"geometry":{"type":"Point","coordinates":[-85.8239,38.3023]}},{"type":"Feature","properties":{"id":3261,"t":"kort"},"geometry":{"type":"Point","coordinates":[-122.2607,37.879]}},{"type":"Feature","properties":{"id":3262,"t":"kort"},"geometry":{"type":"Point","coordinates":[-81.5606,30.2136]}},{"type":"Feature","properties":{"id":3263,"t":"kort"},"geometry":{"type":"Point","coordinates":[-84.4121,43.8944]}},{"type":"Feature","properties":{"id":3264,"t":"kort"},"geometry":{"type":"Point","coordinates":[-69.003,44.432]}},{"type":"Feature","properties":{"id":3265,"t":"kort"},"geometry":{"type":"Point","coordinates":[-76.6201,39.2733]}},{"type":"Feature","properties":{"id":3266,"t":"kort"},"geometry":{"type":"Point","coordinates":[-71.465,43.3187]}},{"type":"Feature","properties":{"id":3267,"t":"kort"},"geometry":{"type":"Point","coordinates":[-79.8706,38.8184]}},{"type":"Feature","properties":{"id":3268,"t":"kort"},"geometry":{"type":"Point","coordinates":[-81.3573,28.7655]}},{"type":"Feature","properties":{"id":3269,"t":"kort"},"geometry":{"type":"Point","coordinates":[-87.0541,41.4473]}},{"type":"Feature","properties":{"id":3270,"t":"kort"},"geometry":{"type":"Point","coordinates":[-110.9776,32.2229]}},{"type":"Feature","properties":{"id":3271,"t":"kort"},"geometry":{"type":"Point","coordinates":[-121.6889,36.246]}},{"type":"Feature","properties":{"id":3272,"t":"kort"},"geometry":{"type":"Point","coordinates":[-117.3655,33.214]}},{"type":"Feature","properties":{"id":3273,"t":"kort"},"geometry":{"type":"Point","coordinates":[-97.7352,30.179]}},{"type":"Feature","properties":{"id":3274,"t":"kort"},"geometry":{"type":"Point","coordinates":[-79.7927,32.8734]}},{"type":"Feature","properties":{"id":3275,"t":"kort"},"geometry":{"type":"Point","coordinates":[-97.4655,31.0717]}},{"type":"Feature","properties":{"id":3276,"t":"kort"},"geometry":{"type":"Point","coordinates":[-71.6467,41.638]}},{"type":"Feature","properties":{"id":3277,"t":"kort"},"geometry":{"type":"Point","coordinates":[-75.5745,39.7655]}},{"type":"Feature","properties":{"id":3278,"t":"kort"},"geometry":{"type":"Point","coordinates":[-86.8772,36.4994]}},{"type":"Feature","properties":{"id":3279,"t":"kort"},"geometry":{"type":"Point","coordinates":[-85.0704,41.0979]}},{"type":"Feature","properties":{"id":3280,"t":"kort"},"geometry":{"type":"Point","coordinates":[-103.6514,41.8734]}},{"type":"Feature","properties":{"id":3281,"t":"kort"},"geometry":{"type":"Point","coordinates":[-75.2215,43.0911]}},{"type":"Feature","properties":{"id":3282,"t":"kort"},"geometry":{"type":"Point","coordinates":[-74.1786,40.7947]}},{"type":"Feature","properties":{"id":3283,"t":"kort"},"geometry":{"type":"Point","coordinates":[-76.3334,43.1652]}},{"type":"Feature","properties":{"id":3284,"t":"kort"},"geometry":{"type":"Point","coordinates":[-122.4574,48.9448]}},{"type":"Feature","properties":{"id":3285,"t":"kort"},"geometry":{"type":"Point","coordinates":[-78.9847,38.0926]}},{"type":"Feature","properties":{"id":3286,"t":"kort"},"geometry":{"type":"Point","coordinates":[-94.5768,39.0929]}},{"type":"Feature","properties":{"id":3287,"t":"half"},"geometry":{"type":"Point","coordinates":[-80.7882,41.8689]}},{"type":"Feature","properties":{"id":3288,"t":"kort"},"geometry":{"type":"Point","coordinates":[-82.4088,36.1428]}},{"type":"Feature","properties":{"id":3289,"t":"kort"},"geometry":{"type":"Point","coordinates":[-91.1277,44.6949]}},{"type":"Feature","properties":{"id":3290,"t":"kort"},"geometry":{"type":"Point","coordinates":[-73.9523,40.6722]}},{"type":"Feature","properties":{"id":3291,"t":"kort"},"geometry":{"type":"Point","coordinates":[-80.1204,26.011]}},{"type":"Feature","properties":{"id":3292,"t":"kort"},"geometry":{"type":"Point","coordinates":[-81.4969,31.1883]}},{"type":"Feature","properties":{"id":3293,"t":"kort"},"geometry":{"type":"Point","coordinates":[-77.4012,37.46]}},{"type":"Feature","properties":{"id":3294,"t":"kort"},"geometry":{"type":"Point","coordinates":[-80.8608,33.4943]}},{"type":"Feature","properties":{"id":3295,"t":"kort"},"geometry":{"type":"Point","coordinates":[-79.9063,40.452]}},{"type":"Feature","properties":{"id":3296,"t":"kort"},"geometry":{"type":"Point","coordinates":[-85.5207,42.8279]}},{"type":"Feature","properties":{"id":3297,"t":"kort"},"geometry":{"type":"Point","coordinates":[-98.4685,29.4481]}},{"type":"Feature","properties":{"id":3298,"t":"kort"},"geometry":{"type":"Point","coordinates":[-88.6414,36.7415]}},{"type":"Feature","properties":{"id":3299,"t":"kort"},"geometry":{"type":"Point","coordinates":[-85.7594,43.4248]}},{"type":"Feature","properties":{"id":3300,"t":"kort"},"geometry":{"type":"Point","coordinates":[-82.4851,28.858]}},{"type":"Feature","properties":{"id":3301,"t":"kort"},"geometry":{"type":"Point","coordinates":[-84.8717,37.8093]}},{"type":"Feature","properties":{"id":3302,"t":"kort"},"geometry":{"type":"Point","coordinates":[-95.6168,30.0817]}},{"type":"Feature","properties":{"id":3303,"t":"kort"},"geometry":{"type":"Point","coordinates":[-78.5862,34.6395]}},{"type":"Feature","properties":{"id":3304,"t":"half"},"geometry":{"type":"Point","coordinates":[-74.9197,38.9689]}},{"type":"Feature","properties":{"id":3305,"t":"kort"},"geometry":{"type":"Point","coordinates":[-84.5593,42.7655]}},{"type":"Feature","properties":{"id":3306,"t":"kort"},"geometry":{"type":"Point","coordinates":[-94.806,47.5676]}},{"type":"Feature","properties":{"id":3307,"t":"kort"},"geometry":{"type":"Point","coordinates":[-70.5418,43.3927]}},{"type":"Feature","properties":{"id":3308,"t":"kort"},"geometry":{"type":"Point","coordinates":[-89.6776,39.7635]}},{"type":"Feature","properties":{"id":3309,"t":"kort"},"geometry":{"type":"Point","coordinates":[-104.6204,38.3165]}},{"type":"Feature","properties":{"id":3310,"t":"kort"},"geometry":{"type":"Point","coordinates":[-118.3047,34.0978]}},{"type":"Feature","properties":{"id":3311,"t":"kort"},"geometry":{"type":"Point","coordinates":[-83.12,42.5609]}},{"type":"Feature","properties":{"id":3312,"t":"tri"},"geometry":{"type":"Point","coordinates":[-97.3274,27.8967]}},{"type":"Feature","properties":{"id":3313,"t":"kort"},"geometry":{"type":"Point","coordinates":[-98.4154,29.5897]}},{"type":"Feature","properties":{"id":3314,"t":"kort"},"geometry":{"type":"Point","coordinates":[-80.1204,40.7617]}},{"type":"Feature","properties":{"id":3315,"t":"kort"},"geometry":{"type":"Point","coordinates":[-80.4877,35.6515]}},{"type":"Feature","properties":{"id":3316,"t":"kort"},"geometry":{"type":"Point","coordinates":[-90.0088,38.6036]}},{"type":"Feature","properties":{"id":3317,"t":"marathon"},"geometry":{"type":"Point","coordinates":[-77.0804,38.9009]}},{"type":"Feature","properties":{"id":3318,"t":"kort"},"geometry":{"type":"Point","coordinates":[-83.1457,40.0911]}},{"type":"Feature","properties":{"id":3319,"t":"marathon"},"geometry":{"type":"Point","coordinates":[-77.4412,38.9856]}},{"type":"Feature","properties":{"id":3320,"t":"kort"},"geometry":{"type":"Point","coordinates":[-121.9636,38.5224]}},{"type":"Feature","properties":{"id":3321,"t":"kort"},"geometry":{"type":"Point","coordinates":[-76.1147,43.0687]}},{"type":"Feature","properties":{"id":3322,"t":"kort"},"geometry":{"type":"Point","coordinates":[-71.3662,42.2931]}},{"type":"Feature","properties":{"id":3323,"t":"kort"},"geometry":{"type":"Point","coordinates":[-71.1615,42.6967]}},{"type":"Feature","properties":{"id":3324,"t":"kort"},"geometry":{"type":"Point","coordinates":[-75.076,38.7281]}},{"type":"Feature","properties":{"id":3325,"t":"kort"},"geometry":{"type":"Point","coordinates":[-81.1736,34.0778]}},{"type":"Feature","properties":{"id":3326,"t":"kort"},"geometry":{"type":"Point","coordinates":[-72.5078,41.5833]}},{"type":"Feature","properties":{"id":3327,"t":"kort"},"geometry":{"type":"Point","coordinates":[-85.7448,43.0049]}},{"type":"Feature","properties":{"id":3328,"t":"tri"},"geometry":{"type":"Point","coordinates":[-89.9574,29.9472]}},{"type":"Feature","properties":{"id":3329,"t":"kort"},"geometry":{"type":"Point","coordinates":[-77.1693,38.9316]}},{"type":"Feature","properties":{"id":3330,"t":"kort"},"geometry":{"type":"Point","coordinates":[-84.1693,39.6088]}},{"type":"Feature","properties":{"id":3331,"t":"kort"},"geometry":{"type":"Point","coordinates":[-72.9266,41.3614]}},{"type":"Feature","properties":{"id":3332,"t":"kort"},"geometry":{"type":"Point","coordinates":[-77.3711,39.8792]}},{"type":"Feature","properties":{"id":3333,"t":"kort"},"geometry":{"type":"Point","coordinates":[-81.7784,28.4169]}},{"type":"Feature","properties":{"id":3334,"t":"kort"},"geometry":{"type":"Point","coordinates":[-118.1351,34.094]}},{"type":"Feature","properties":{"id":3335,"t":"ultra"},"geometry":{"type":"Point","coordinates":[-81.6373,38.3522]}},{"type":"Feature","properties":{"id":3336,"t":"ultra"},"geometry":{"type":"Point","coordinates":[-88.5706,40.0351]}},{"type":"Feature","properties":{"id":3337,"t":"kort"},"geometry":{"type":"Point","coordinates":[-82.2478,41.3553]}},{"type":"Feature","properties":{"id":3338,"t":"kort"},"geometry":{"type":"Point","coordinates":[-106.4282,31.7652]}},{"type":"Feature","properties":{"id":3339,"t":"kort"},"geometry":{"type":"Point","coordinates":[-76.004,43.0362]}},{"type":"Feature","properties":{"id":3340,"t":"kort"},"geometry":{"type":"Point","coordinates":[-97.7304,30.2803]}},{"type":"Feature","properties":{"id":3341,"t":"kort"},"geometry":{"type":"Point","coordinates":[-76.3541,39.5418]}},{"type":"Feature","properties":{"id":3342,"t":"kort"},"geometry":{"type":"Point","coordinates":[-119.1148,35.3137]}},{"type":"Feature","properties":{"id":3343,"t":"kort"},"geometry":{"type":"Point","coordinates":[-74.9848,40.9205]}},{"type":"Feature","properties":{"id":3344,"t":"kort"},"geometry":{"type":"Point","coordinates":[-80.572,41.1564]}},{"type":"Feature","properties":{"id":3345,"t":"kort"},"geometry":{"type":"Point","coordinates":[-80.1162,35.4088]}},{"type":"Feature","properties":{"id":3346,"t":"half"},"geometry":{"type":"Point","coordinates":[-90.1121,30.0167]}},{"type":"Feature","properties":{"id":3347,"t":"kort"},"geometry":{"type":"Point","coordinates":[-73.6342,41.1937]}},{"type":"Feature","properties":{"id":3348,"t":"kort"},"geometry":{"type":"Point","coordinates":[-77.6056,39.0482]}},{"type":"Feature","properties":{"id":3349,"t":"kort"},"geometry":{"type":"Point","coordinates":[-82.4641,27.1356]}},{"type":"Feature","properties":{"id":3350,"t":"kort"},"geometry":{"type":"Point","coordinates":[-75.2849,43.0906]}},{"type":"Feature","properties":{"id":3351,"t":"kort"},"geometry":{"type":"Point","coordinates":[-97.9307,26.1447]}},{"type":"Feature","properties":{"id":3352,"t":"kort"},"geometry":{"type":"Point","coordinates":[-71.1613,42.3416]}},{"type":"Feature","properties":{"id":3353,"t":"kort"},"geometry":{"type":"Point","coordinates":[-89.757,45.8753]}},{"type":"Feature","properties":{"id":3354,"t":"kort"},"geometry":{"type":"Point","coordinates":[-80.9188,35.0044]}},{"type":"Feature","properties":{"id":3355,"t":"kort"},"geometry":{"type":"Point","coordinates":[-75.8798,38.9632]}},{"type":"Feature","properties":{"id":3356,"t":"kort"},"geometry":{"type":"Point","coordinates":[-71.134,42.1629]}},{"type":"Feature","properties":{"id":3357,"t":"kort"},"geometry":{"type":"Point","coordinates":[-122.1282,47.6736]}},{"type":"Feature","properties":{"id":3358,"t":"kort"},"geometry":{"type":"Point","coordinates":[-88.474,43.1185]}},{"type":"Feature","properties":{"id":3359,"t":"kort"},"geometry":{"type":"Point","coordinates":[-80.8736,35.8619]}},{"type":"Feature","properties":{"id":3360,"t":"kort"},"geometry":{"type":"Point","coordinates":[-78.8338,35.6183]}},{"type":"Feature","properties":{"id":3361,"t":"kort"},"geometry":{"type":"Point","coordinates":[-82.9659,40.1136]}},{"type":"Feature","properties":{"id":3362,"t":"kort"},"geometry":{"type":"Point","coordinates":[-78.8541,35.6343]}},{"type":"Feature","properties":{"id":3363,"t":"kort"},"geometry":{"type":"Point","coordinates":[-88.5037,38.767]}},{"type":"Feature","properties":{"id":3364,"t":"kort"},"geometry":{"type":"Point","coordinates":[-119.3572,34.3296]}},{"type":"Feature","properties":{"id":3365,"t":"kort"},"geometry":{"type":"Point","coordinates":[-79.7784,36.0709]}},{"type":"Feature","properties":{"id":3366,"t":"kort"},"geometry":{"type":"Point","coordinates":[-78.8498,35.8398]}},{"type":"Feature","properties":{"id":3367,"t":"kort"},"geometry":{"type":"Point","coordinates":[-90.6699,42.5172]}},{"type":"Feature","properties":{"id":3368,"t":"kort"},"geometry":{"type":"Point","coordinates":[-92.0396,34.9489]}},{"type":"Feature","properties":{"id":3369,"t":"kort"},"geometry":{"type":"Point","coordinates":[-83.3734,33.9349]}},{"type":"Feature","properties":{"id":3370,"t":"kort"},"geometry":{"type":"Point","coordinates":[-83.3076,36.2202]}},{"type":"Feature","properties":{"id":3371,"t":"kort"},"geometry":{"type":"Point","coordinates":[-76.5646,38.3592]}},{"type":"Feature","properties":{"id":3372,"t":"kort"},"geometry":{"type":"Point","coordinates":[-81.3999,32.3122]}},{"type":"Feature","properties":{"id":3373,"t":"kort"},"geometry":{"type":"Point","coordinates":[-73.0452,41.2167]}},{"type":"Feature","properties":{"id":3374,"t":"kort"},"geometry":{"type":"Point","coordinates":[-96.9885,32.9673]}},{"type":"Feature","properties":{"id":3375,"t":"kort"},"geometry":{"type":"Point","coordinates":[-77.4828,43.1162]}},{"type":"Feature","properties":{"id":3376,"t":"kort"},"geometry":{"type":"Point","coordinates":[-93.8662,41.5852]}},{"type":"Feature","properties":{"id":3377,"t":"kort"},"geometry":{"type":"Point","coordinates":[-73.953,41.1087]}},{"type":"Feature","properties":{"id":3378,"t":"kort"},"geometry":{"type":"Point","coordinates":[-78.8221,41.2464]}},{"type":"Feature","properties":{"id":3379,"t":"kort"},"geometry":{"type":"Point","coordinates":[-84.3448,33.8627]}},{"type":"Feature","properties":{"id":3380,"t":"kort"},"geometry":{"type":"Point","coordinates":[-81.4465,26.7233]}},{"type":"Feature","properties":{"id":3381,"t":"kort"},"geometry":{"type":"Point","coordinates":[-86.4433,43.974]}},{"type":"Feature","properties":{"id":3382,"t":"kort"},"geometry":{"type":"Point","coordinates":[-86.5606,34.7299]}},{"type":"Feature","properties":{"id":3383,"t":"kort"},"geometry":{"type":"Point","coordinates":[-90.3307,32.3407]}},{"type":"Feature","properties":{"id":3384,"t":"kort"},"geometry":{"type":"Point","coordinates":[-76.165,43.0368]}},{"type":"Feature","properties":{"id":3385,"t":"kort"},"geometry":{"type":"Point","coordinates":[-97.6988,30.2723]}},{"type":"Feature","properties":{"id":3386,"t":"kort"},"geometry":{"type":"Point","coordinates":[-82.3443,27.334]}},{"type":"Feature","properties":{"id":3387,"t":"kort"},"geometry":{"type":"Point","coordinates":[-74.7006,40.9295]}},{"type":"Feature","properties":{"id":3388,"t":"kort"},"geometry":{"type":"Point","coordinates":[-73.8944,42.8541]}},{"type":"Feature","properties":{"id":3389,"t":"kort"},"geometry":{"type":"Point","coordinates":[-93.5929,45.3046]}},{"type":"Feature","properties":{"id":3390,"t":"kort"},"geometry":{"type":"Point","coordinates":[-87.9038,39]}},{"type":"Feature","properties":{"id":3391,"t":"kort"},"geometry":{"type":"Point","coordinates":[-97.9408,38.047]}},{"type":"Feature","properties":{"id":3392,"t":"kort"},"geometry":{"type":"Point","coordinates":[-111.3562,33.3272]}},{"type":"Feature","properties":{"id":3393,"t":"kort"},"geometry":{"type":"Point","coordinates":[-75.6589,41.4084]}},{"type":"Feature","properties":{"id":3394,"t":"kort"},"geometry":{"type":"Point","coordinates":[-94.5097,31.5589]}},{"type":"Feature","properties":{"id":3395,"t":"kort"},"geometry":{"type":"Point","coordinates":[-82.4046,39.5396]}},{"type":"Feature","properties":{"id":3396,"t":"kort"},"geometry":{"type":"Point","coordinates":[-97.1168,33.0354]}},{"type":"Feature","properties":{"id":3397,"t":"kort"},"geometry":{"type":"Point","coordinates":[-117.1718,32.7109]}},{"type":"Feature","properties":{"id":3398,"t":"kort"},"geometry":{"type":"Point","coordinates":[-97.395,31.07]}},{"type":"Feature","properties":{"id":3399,"t":"kort"},"geometry":{"type":"Point","coordinates":[-123.0038,44.9438]}},{"type":"Feature","properties":{"id":3400,"t":"kort"},"geometry":{"type":"Point","coordinates":[-80.1668,26.6615]}},{"type":"Feature","properties":{"id":3401,"t":"kort"},"geometry":{"type":"Point","coordinates":[-85.647,42.941]}},{"type":"Feature","properties":{"id":3402,"t":"kort"},"geometry":{"type":"Point","coordinates":[-75.2237,40.0321]}},{"type":"Feature","properties":{"id":3403,"t":"kort"},"geometry":{"type":"Point","coordinates":[-93.204,37.0201]}},{"type":"Feature","properties":{"id":3404,"t":"kort"},"geometry":{"type":"Point","coordinates":[-78.876,35.8]}},{"type":"Feature","properties":{"id":3405,"t":"kort"},"geometry":{"type":"Point","coordinates":[-75.5716,42.4461]}},{"type":"Feature","properties":{"id":3406,"t":"kort"},"geometry":{"type":"Point","coordinates":[-88.4643,43.0094]}},{"type":"Feature","properties":{"id":3407,"t":"kort"},"geometry":{"type":"Point","coordinates":[-96.402,29.7528]}},{"type":"Feature","properties":{"id":3408,"t":"kort"},"geometry":{"type":"Point","coordinates":[-98.6814,29.8901]}},{"type":"Feature","properties":{"id":3409,"t":"kort"},"geometry":{"type":"Point","coordinates":[-77.3389,38.6414]}},{"type":"Feature","properties":{"id":3410,"t":"kort"},"geometry":{"type":"Point","coordinates":[-88.0264,44.6361]}},{"type":"Feature","properties":{"id":3411,"t":"kort"},"geometry":{"type":"Point","coordinates":[-76.9424,36.0123]}},{"type":"Feature","properties":{"id":3412,"t":"kort"},"geometry":{"type":"Point","coordinates":[-80.359,40.7735]}},{"type":"Feature","properties":{"id":3413,"t":"kort"},"geometry":{"type":"Point","coordinates":[-84.9818,32.4698]}},{"type":"Feature","properties":{"id":3414,"t":"kort"},"geometry":{"type":"Point","coordinates":[-81.8535,41.4375]}},{"type":"Feature","properties":{"id":3415,"t":"kort"},"geometry":{"type":"Point","coordinates":[-155.0816,19.7107]}},{"type":"Feature","properties":{"id":3416,"t":"kort"},"geometry":{"type":"Point","coordinates":[-85.7823,38.1631]}},{"type":"Feature","properties":{"id":3417,"t":"kort"},"geometry":{"type":"Point","coordinates":[-83.8996,34.1881]}},{"type":"Feature","properties":{"id":3418,"t":"kort"},"geometry":{"type":"Point","coordinates":[-119.0255,36.0648]}},{"type":"Feature","properties":{"id":3419,"t":"kort"},"geometry":{"type":"Point","coordinates":[-82.1358,34.9224]}},{"type":"Feature","properties":{"id":3420,"t":"kort"},"geometry":{"type":"Point","coordinates":[-81.5275,35.2761]}},{"type":"Feature","properties":{"id":3421,"t":"kort"},"geometry":{"type":"Point","coordinates":[-83.5923,33.9562]}},{"type":"Feature","properties":{"id":3422,"t":"kort"},"geometry":{"type":"Point","coordinates":[-84.0187,34.0455]}},{"type":"Feature","properties":{"id":3423,"t":"marathon"},"geometry":{"type":"Point","coordinates":[-83.8096,30.7797]}},{"type":"Feature","properties":{"id":3424,"t":"kort"},"geometry":{"type":"Point","coordinates":[-77.4025,35.5266]}},{"type":"Feature","properties":{"id":3425,"t":"kort"},"geometry":{"type":"Point","coordinates":[-89.5485,43.0001]}},{"type":"Feature","properties":{"id":3426,"t":"kort"},"geometry":{"type":"Point","coordinates":[-75.7602,43.085]}},{"type":"Feature","properties":{"id":3427,"t":"kort"},"geometry":{"type":"Point","coordinates":[-96.1371,34.3417]}},{"type":"Feature","properties":{"id":3428,"t":"kort"},"geometry":{"type":"Point","coordinates":[-94.1499,36.0448]}},{"type":"Feature","properties":{"id":3429,"t":"kort"},"geometry":{"type":"Point","coordinates":[-71.0555,42.3568]}},{"type":"Feature","properties":{"id":3430,"t":"half"},"geometry":{"type":"Point","coordinates":[-86.4531,37.0094]}},{"type":"Feature","properties":{"id":3431,"t":"kort"},"geometry":{"type":"Point","coordinates":[-116.3482,33.2448]}},{"type":"Feature","properties":{"id":3432,"t":"half"},"geometry":{"type":"Point","coordinates":[-71.0881,42.3611]}},{"type":"Feature","properties":{"id":3433,"t":"kort"},"geometry":{"type":"Point","coordinates":[-97.0096,33.0562]}},{"type":"Feature","properties":{"id":3434,"t":"kort"},"geometry":{"type":"Point","coordinates":[-82.0055,41.4052]}},{"type":"Feature","properties":{"id":3435,"t":"kort"},"geometry":{"type":"Point","coordinates":[-77.1112,35.1082]}},{"type":"Feature","properties":{"id":3436,"t":"kort"},"geometry":{"type":"Point","coordinates":[-84.9167,32.5371]}},{"type":"Feature","properties":{"id":3437,"t":"ultra"},"geometry":{"type":"Point","coordinates":[-86.0533,38.8768]}},{"type":"Feature","properties":{"id":3438,"t":"kort"},"geometry":{"type":"Point","coordinates":[-76.8608,40.1437]}},{"type":"Feature","properties":{"id":3439,"t":"kort"},"geometry":{"type":"Point","coordinates":[-75.3621,39.8837]}},{"type":"Feature","properties":{"id":3440,"t":"tri"},"geometry":{"type":"Point","coordinates":[-120.8427,35.3755]}},{"type":"Feature","properties":{"id":3441,"t":"kort"},"geometry":{"type":"Point","coordinates":[-117.8776,33.6337]}},{"type":"Feature","properties":{"id":3442,"t":"kort"},"geometry":{"type":"Point","coordinates":[-94.9635,29.7397]}},{"type":"Feature","properties":{"id":3443,"t":"kort"},"geometry":{"type":"Point","coordinates":[-75.7676,40.3835]}},{"type":"Feature","properties":{"id":3444,"t":"tri"},"geometry":{"type":"Point","coordinates":[-73.9661,40.6584]}},{"type":"Feature","properties":{"id":3445,"t":"kort"},"geometry":{"type":"Point","coordinates":[-74.6295,40.5884]}},{"type":"Feature","properties":{"id":3446,"t":"kort"},"geometry":{"type":"Point","coordinates":[-99.1346,40.7456]}},{"type":"Feature","properties":{"id":3447,"t":"kort"},"geometry":{"type":"Point","coordinates":[-74.2061,40.8982]}},{"type":"Feature","properties":{"id":3448,"t":"kort"},"geometry":{"type":"Point","coordinates":[-77.3145,38.851]}},{"type":"Feature","properties":{"id":3449,"t":"kort"},"geometry":{"type":"Point","coordinates":[-106.6664,35.1092]}},{"type":"Feature","properties":{"id":3450,"t":"kort"},"geometry":{"type":"Point","coordinates":[-105.2853,39.8166]}},{"type":"Feature","properties":{"id":3451,"t":"kort"},"geometry":{"type":"Point","coordinates":[-121.8371,39.748]}},{"type":"Feature","properties":{"id":3452,"t":"kort"},"geometry":{"type":"Point","coordinates":[-80.3409,26.0621]}},{"type":"Feature","properties":{"id":3453,"t":"kort"},"geometry":{"type":"Point","coordinates":[-106.5018,31.7693]}},{"type":"Feature","properties":{"id":3454,"t":"kort"},"geometry":{"type":"Point","coordinates":[-95.3609,29.7626]}},{"type":"Feature","properties":{"id":3455,"t":"kort"},"geometry":{"type":"Point","coordinates":[-80.4018,25.5888]}},{"type":"Feature","properties":{"id":3456,"t":"ultra"},"geometry":{"type":"Point","coordinates":[-82.993,40.1791]}},{"type":"Feature","properties":{"id":3457,"t":"kort"},"geometry":{"type":"Point","coordinates":[-80.7525,41.0953]}},{"type":"Feature","properties":{"id":3458,"t":"kort"},"geometry":{"type":"Point","coordinates":[-85.4923,32.5962]}},{"type":"Feature","properties":{"id":3459,"t":"kort"},"geometry":{"type":"Point","coordinates":[-83.162,40.1031]}},{"type":"Feature","properties":{"id":3460,"t":"kort"},"geometry":{"type":"Point","coordinates":[-84.4567,39.178]}},{"type":"Feature","properties":{"id":3461,"t":"kort"},"geometry":{"type":"Point","coordinates":[-82.4823,28.1441]}},{"type":"Feature","properties":{"id":3462,"t":"ultra"},"geometry":{"type":"Point","coordinates":[-84.0773,39.5373]}},{"type":"Feature","properties":{"id":3463,"t":"kort"},"geometry":{"type":"Point","coordinates":[-82.3491,34.8185]}},{"type":"Feature","properties":{"id":3464,"t":"kort"},"geometry":{"type":"Point","coordinates":[-83.6678,41.6548]}},{"type":"Feature","properties":{"id":3465,"t":"kort"},"geometry":{"type":"Point","coordinates":[-88.0833,42.3748]}},{"type":"Feature","properties":{"id":3466,"t":"kort"},"geometry":{"type":"Point","coordinates":[-78.7886,35.789]}},{"type":"Feature","properties":{"id":3467,"t":"kort"},"geometry":{"type":"Point","coordinates":[-96.6962,43.536]}},{"type":"Feature","properties":{"id":3468,"t":"kort"},"geometry":{"type":"Point","coordinates":[-121.5538,38.3891]}},{"type":"Feature","properties":{"id":3469,"t":"half"},"geometry":{"type":"Point","coordinates":[-71.2674,41.6789]}},{"type":"Feature","properties":{"id":3470,"t":"kort"},"geometry":{"type":"Point","coordinates":[-75.1091,39.945]}},{"type":"Feature","properties":{"id":3471,"t":"kort"},"geometry":{"type":"Point","coordinates":[-86.6637,36.1729]}},{"type":"Feature","properties":{"id":3472,"t":"kort"},"geometry":{"type":"Point","coordinates":[-74.0245,40.858]}},{"type":"Feature","properties":{"id":3473,"t":"kort"},"geometry":{"type":"Point","coordinates":[-80.796,41.8747]}},{"type":"Feature","properties":{"id":3474,"t":"kort"},"geometry":{"type":"Point","coordinates":[-88.2891,40.1305]}},{"type":"Feature","properties":{"id":3475,"t":"kort"},"geometry":{"type":"Point","coordinates":[-88.749,40.3372]}},{"type":"Feature","properties":{"id":3476,"t":"kort"},"geometry":{"type":"Point","coordinates":[-70.9368,42.9899]}},{"type":"Feature","properties":{"id":3477,"t":"kort"},"geometry":{"type":"Point","coordinates":[-110.9898,32.2647]}},{"type":"Feature","properties":{"id":3478,"t":"half"},"geometry":{"type":"Point","coordinates":[-118.124,33.7901]}},{"type":"Feature","properties":{"id":3479,"t":"kort"},"geometry":{"type":"Point","coordinates":[-84.4698,42.7186]}},{"type":"Feature","properties":{"id":3480,"t":"kort"},"geometry":{"type":"Point","coordinates":[-115.1168,36.2155]}},{"type":"Feature","properties":{"id":3481,"t":"kort"},"geometry":{"type":"Point","coordinates":[-87.4624,41.5462]}},{"type":"Feature","properties":{"id":3482,"t":"kort"},"geometry":{"type":"Point","coordinates":[-117.7954,33.7358]}},{"type":"Feature","properties":{"id":3483,"t":"kort"},"geometry":{"type":"Point","coordinates":[-84.1573,34.2259]}},{"type":"Feature","properties":{"id":3484,"t":"half"},"geometry":{"type":"Point","coordinates":[-96.6972,32.8433]}},{"type":"Feature","properties":{"id":3485,"t":"kort"},"geometry":{"type":"Point","coordinates":[-97.8098,30.5132]}},{"type":"Feature","properties":{"id":3486,"t":"ultra"},"geometry":{"type":"Point","coordinates":[-71.4162,41.9468]}},{"type":"Feature","properties":{"id":3487,"t":"marathon"},"geometry":{"type":"Point","coordinates":[-84.1439,33.4454]}},{"type":"Feature","properties":{"id":3488,"t":"kort"},"geometry":{"type":"Point","coordinates":[-84.2853,32.0915]}},{"type":"Feature","properties":{"id":3489,"t":"kort"},"geometry":{"type":"Point","coordinates":[-97.8256,30.5078]}},{"type":"Feature","properties":{"id":3490,"t":"kort"},"geometry":{"type":"Point","coordinates":[-98.0804,29.7201]}},{"type":"Feature","properties":{"id":3491,"t":"kort"},"geometry":{"type":"Point","coordinates":[-81.4086,30.127]}},{"type":"Feature","properties":{"id":3492,"t":"kort"},"geometry":{"type":"Point","coordinates":[-97.6304,30.4459]}},{"type":"Feature","properties":{"id":3493,"t":"kort"},"geometry":{"type":"Point","coordinates":[-82.2982,27.9372]}},{"type":"Feature","properties":{"id":3494,"t":"kort"},"geometry":{"type":"Point","coordinates":[-88.0719,42.2151]}},{"type":"Feature","properties":{"id":3495,"t":"kort"},"geometry":{"type":"Point","coordinates":[-87.5122,35.8815]}},{"type":"Feature","properties":{"id":3496,"t":"kort"},"geometry":{"type":"Point","coordinates":[-83.3613,33.3133]}},{"type":"Feature","properties":{"id":3497,"t":"kort"},"geometry":{"type":"Point","coordinates":[-90.0559,30.0012]}},{"type":"Feature","properties":{"id":3498,"t":"kort"},"geometry":{"type":"Point","coordinates":[-78.4972,38.0297]}},{"type":"Feature","properties":{"id":3499,"t":"kort"},"geometry":{"type":"Point","coordinates":[-82.4399,27.9765]}},{"type":"Feature","properties":{"id":3500,"t":"marathon"},"geometry":{"type":"Point","coordinates":[-82.4771,27.3708]}},{"type":"Feature","properties":{"id":3501,"t":"kort"},"geometry":{"type":"Point","coordinates":[-91.7412,35.2362]}},{"type":"Feature","properties":{"id":3502,"t":"kort"},"geometry":{"type":"Point","coordinates":[-86.2999,36.2196]}},{"type":"Feature","properties":{"id":3503,"t":"kort"},"geometry":{"type":"Point","coordinates":[-100.476,31.4174]}},{"type":"Feature","properties":{"id":3504,"t":"kort"},"geometry":{"type":"Point","coordinates":[-97.157,33.1024]}},{"type":"Feature","properties":{"id":3505,"t":"kort"},"geometry":{"type":"Point","coordinates":[-70.2467,43.6522]}},{"type":"Feature","properties":{"id":3506,"t":"kort"},"geometry":{"type":"Point","coordinates":[-86.7453,33.5008]}},{"type":"Feature","properties":{"id":3507,"t":"kort"},"geometry":{"type":"Point","coordinates":[-89.9759,38.7988]}},{"type":"Feature","properties":{"id":3508,"t":"kort"},"geometry":{"type":"Point","coordinates":[-72.4878,44.1979]}},{"type":"Feature","properties":{"id":3509,"t":"kort"},"geometry":{"type":"Point","coordinates":[-72.2978,42.9551]}},{"type":"Feature","properties":{"id":3510,"t":"kort"},"geometry":{"type":"Point","coordinates":[-75.0495,39.8872]}},{"type":"Feature","properties":{"id":3511,"t":"kort"},"geometry":{"type":"Point","coordinates":[-105.1079,40.1809]}},{"type":"Feature","properties":{"id":3512,"t":"kort"},"geometry":{"type":"Point","coordinates":[-73.5982,43.0816]}},{"type":"Feature","properties":{"id":3513,"t":"kort"},"geometry":{"type":"Point","coordinates":[-80.3359,26.0685]}},{"type":"Feature","properties":{"id":3514,"t":"half"},"geometry":{"type":"Point","coordinates":[-89.8608,39.7719]}},{"type":"Feature","properties":{"id":3515,"t":"kort"},"geometry":{"type":"Point","coordinates":[-88.0083,44.489]}},{"type":"Feature","properties":{"id":3516,"t":"kort"},"geometry":{"type":"Point","coordinates":[-84.2268,43.4183]}},{"type":"Feature","properties":{"id":3517,"t":"kort"},"geometry":{"type":"Point","coordinates":[-79.9403,39.0264]}},{"type":"Feature","properties":{"id":3518,"t":"kort"},"geometry":{"type":"Point","coordinates":[-78.6478,33.8736]}},{"type":"Feature","properties":{"id":3519,"t":"half"},"geometry":{"type":"Point","coordinates":[-94.4057,35.3611]}},{"type":"Feature","properties":{"id":3520,"t":"kort"},"geometry":{"type":"Point","coordinates":[-101.8795,33.6069]}},{"type":"Feature","properties":{"id":3521,"t":"kort"},"geometry":{"type":"Point","coordinates":[-80.305,25.7446]}},{"type":"Feature","properties":{"id":3522,"t":"kort"},"geometry":{"type":"Point","coordinates":[-117.7074,33.7136]}},{"type":"Feature","properties":{"id":3523,"t":"ultra"},"geometry":{"type":"Point","coordinates":[-75.6056,39.7905]}},{"type":"Feature","properties":{"id":3524,"t":"kort"},"geometry":{"type":"Point","coordinates":[-82.3862,28.0442]}},{"type":"Feature","properties":{"id":3525,"t":"kort"},"geometry":{"type":"Point","coordinates":[-83.656,42.4491]}},{"type":"Feature","properties":{"id":3526,"t":"kort"},"geometry":{"type":"Point","coordinates":[-82.7951,42.7795]}},{"type":"Feature","properties":{"id":3527,"t":"kort"},"geometry":{"type":"Point","coordinates":[-80.5252,35.3716]}},{"type":"Feature","properties":{"id":3528,"t":"kort"},"geometry":{"type":"Point","coordinates":[-111.5268,40.171]}},{"type":"Feature","properties":{"id":3529,"t":"kort"},"geometry":{"type":"Point","coordinates":[-75.5964,39.0933]}},{"type":"Feature","properties":{"id":3530,"t":"kort"},"geometry":{"type":"Point","coordinates":[-80.2682,27.3976]}},{"type":"Feature","properties":{"id":3531,"t":"kort"},"geometry":{"type":"Point","coordinates":[-97.2276,31.5117]}},{"type":"Feature","properties":{"id":3532,"t":"kort"},"geometry":{"type":"Point","coordinates":[-106.2901,31.7767]}},{"type":"Feature","properties":{"id":3533,"t":"kort"},"geometry":{"type":"Point","coordinates":[-86.0926,33.9296]}},{"type":"Feature","properties":{"id":3534,"t":"kort"},"geometry":{"type":"Point","coordinates":[-97.8095,28.0806]}},{"type":"Feature","properties":{"id":3535,"t":"kort"},"geometry":{"type":"Point","coordinates":[-121.7601,37.2698]}},{"type":"Feature","properties":{"id":3536,"t":"kort"},"geometry":{"type":"Point","coordinates":[-92.3431,35.1011]}},{"type":"Feature","properties":{"id":3537,"t":"kort"},"geometry":{"type":"Point","coordinates":[-75.535,40.5954]}},{"type":"Feature","properties":{"id":3538,"t":"kort"},"geometry":{"type":"Point","coordinates":[-82.6227,27.81]}},{"type":"Feature","properties":{"id":3539,"t":"kort"},"geometry":{"type":"Point","coordinates":[-75.168,38.7291]}},{"type":"Feature","properties":{"id":3540,"t":"kort"},"geometry":{"type":"Point","coordinates":[-79.9235,40.4316]}},{"type":"Feature","properties":{"id":3541,"t":"half"},"geometry":{"type":"Point","coordinates":[-74.8325,38.9859]}},{"type":"Feature","properties":{"id":3542,"t":"kort"},"geometry":{"type":"Point","coordinates":[-81.9494,28.0433]}},{"type":"Feature","properties":{"id":3543,"t":"kort"},"geometry":{"type":"Point","coordinates":[-75.8371,39.9937]}},{"type":"Feature","properties":{"id":3544,"t":"kort"},"geometry":{"type":"Point","coordinates":[-90.1059,44.6353]}},{"type":"Feature","properties":{"id":3545,"t":"kort"},"geometry":{"type":"Point","coordinates":[-81.9928,38.4231]}},{"type":"Feature","properties":{"id":3546,"t":"half"},"geometry":{"type":"Point","coordinates":[-98.1043,32.8043]}},{"type":"Feature","properties":{"id":3547,"t":"kort"},"geometry":{"type":"Point","coordinates":[-82.3199,28.2417]}},{"type":"Feature","properties":{"id":3548,"t":"kort"},"geometry":{"type":"Point","coordinates":[-75.5859,39.9867]}},{"type":"Feature","properties":{"id":3549,"t":"kort"},"geometry":{"type":"Point","coordinates":[-86.7373,34.7062]}},{"type":"Feature","properties":{"id":3550,"t":"kort"},"geometry":{"type":"Point","coordinates":[-98.3731,29.5537]}},{"type":"Feature","properties":{"id":3551,"t":"kort"},"geometry":{"type":"Point","coordinates":[-95.5721,30.635]}},{"type":"Feature","properties":{"id":3552,"t":"kort"},"geometry":{"type":"Point","coordinates":[-97.0862,32.6562]}},{"type":"Feature","properties":{"id":3553,"t":"kort"},"geometry":{"type":"Point","coordinates":[-92.1753,32.5245]}},{"type":"Feature","properties":{"id":3554,"t":"ultra"},"geometry":{"type":"Point","coordinates":[-72.4009,41.6922]}},{"type":"Feature","properties":{"id":3555,"t":"kort"},"geometry":{"type":"Point","coordinates":[-105.8724,37.4773]}},{"type":"Feature","properties":{"id":3556,"t":"kort"},"geometry":{"type":"Point","coordinates":[-95.4269,29.6837]}},{"type":"Feature","properties":{"id":3557,"t":"kort"},"geometry":{"type":"Point","coordinates":[-97.2777,37.7625]}},{"type":"Feature","properties":{"id":3558,"t":"kort"},"geometry":{"type":"Point","coordinates":[-83.4826,42.4188]}},{"type":"Feature","properties":{"id":3559,"t":"kort"},"geometry":{"type":"Point","coordinates":[-78.5339,38.8844]}},{"type":"Feature","properties":{"id":3560,"t":"kort"},"geometry":{"type":"Point","coordinates":[-77.1932,38.6883]}},{"type":"Feature","properties":{"id":3561,"t":"kort"},"geometry":{"type":"Point","coordinates":[-72.0907,42.1224]}},{"type":"Feature","properties":{"id":3562,"t":"kort"},"geometry":{"type":"Point","coordinates":[-95.4424,30.3193]}},{"type":"Feature","properties":{"id":3563,"t":"ultra"},"geometry":{"type":"Point","coordinates":[-75.4035,39.9785]}},{"type":"Feature","properties":{"id":3564,"t":"kort"},"geometry":{"type":"Point","coordinates":[-81.94,31.9471]}},{"type":"Feature","properties":{"id":3565,"t":"kort"},"geometry":{"type":"Point","coordinates":[-81.5202,41.0554]}},{"type":"Feature","properties":{"id":3566,"t":"kort"},"geometry":{"type":"Point","coordinates":[-83.8798,34.9648]}},{"type":"Feature","properties":{"id":3567,"t":"kort"},"geometry":{"type":"Point","coordinates":[-97.5502,32.9063]}},{"type":"Feature","properties":{"id":3568,"t":"kort"},"geometry":{"type":"Point","coordinates":[-121.581,37.0131]}},{"type":"Feature","properties":{"id":3569,"t":"kort"},"geometry":{"type":"Point","coordinates":[-75.1541,40.0164]}},{"type":"Feature","properties":{"id":3570,"t":"ultra"},"geometry":{"type":"Point","coordinates":[-82.3449,34.8325]}},{"type":"Feature","properties":{"id":3571,"t":"kort"},"geometry":{"type":"Point","coordinates":[-76.2502,43.0927]}},{"type":"Feature","properties":{"id":3572,"t":"kort"},"geometry":{"type":"Point","coordinates":[-118.1244,33.7633]}},{"type":"Feature","properties":{"id":3573,"t":"kort"},"geometry":{"type":"Point","coordinates":[-116.79,47.7318]}},{"type":"Feature","properties":{"id":3574,"t":"kort"},"geometry":{"type":"Point","coordinates":[-76.6136,34.7514]}},{"type":"Feature","properties":{"id":3575,"t":"ultra"},"geometry":{"type":"Point","coordinates":[-88.9537,30.3973]}},{"type":"Feature","properties":{"id":3576,"t":"kort"},"geometry":{"type":"Point","coordinates":[-81.1974,37.7942]}},{"type":"Feature","properties":{"id":3577,"t":"kort"},"geometry":{"type":"Point","coordinates":[-75.5302,40.1185]}},{"type":"Feature","properties":{"id":3578,"t":"half"},"geometry":{"type":"Point","coordinates":[-122.2261,37.8371]}},{"type":"Feature","properties":{"id":3579,"t":"half"},"geometry":{"type":"Point","coordinates":[-117.9078,33.7249]}},{"type":"Feature","properties":{"id":3580,"t":"kort"},"geometry":{"type":"Point","coordinates":[-117.1657,32.6646]}},{"type":"Feature","properties":{"id":3581,"t":"kort"},"geometry":{"type":"Point","coordinates":[-105.0928,40.4356]}},{"type":"Feature","properties":{"id":3582,"t":"kort"},"geometry":{"type":"Point","coordinates":[-84.2644,37.5739]}},{"type":"Feature","properties":{"id":3583,"t":"kort"},"geometry":{"type":"Point","coordinates":[-84.7298,34.2703]}},{"type":"Feature","properties":{"id":3584,"t":"ultra"},"geometry":{"type":"Point","coordinates":[-96.0931,29.7971]}},{"type":"Feature","properties":{"id":3585,"t":"kort"},"geometry":{"type":"Point","coordinates":[-90.7585,35.4019]}},{"type":"Feature","properties":{"id":3586,"t":"kort"},"geometry":{"type":"Point","coordinates":[-85.6908,38.2238]}},{"type":"Feature","properties":{"id":3587,"t":"kort"},"geometry":{"type":"Point","coordinates":[-97.5668,33.753]}},{"type":"Feature","properties":{"id":3588,"t":"kort"},"geometry":{"type":"Point","coordinates":[-75.9451,41.5421]}},{"type":"Feature","properties":{"id":3589,"t":"kort"},"geometry":{"type":"Point","coordinates":[-77.7683,38.8633]}},{"type":"Feature","properties":{"id":3590,"t":"kort"},"geometry":{"type":"Point","coordinates":[-82.0876,39.5032]}},{"type":"Feature","properties":{"id":3591,"t":"kort"},"geometry":{"type":"Point","coordinates":[-70.5096,41.7875]}},{"type":"Feature","properties":{"id":3592,"t":"kort"},"geometry":{"type":"Point","coordinates":[-80.6559,35.3165]}},{"type":"Feature","properties":{"id":3593,"t":"kort"},"geometry":{"type":"Point","coordinates":[-122.6666,39.0584]}},{"type":"Feature","properties":{"id":3594,"t":"kort"},"geometry":{"type":"Point","coordinates":[-108.5417,39.0795]}},{"type":"Feature","properties":{"id":3595,"t":"kort"},"geometry":{"type":"Point","coordinates":[-84.1603,34.4481]}},{"type":"Feature","properties":{"id":3596,"t":"ultra"},"geometry":{"type":"Point","coordinates":[-88.0443,42.5301]}},{"type":"Feature","properties":{"id":3597,"t":"kort"},"geometry":{"type":"Point","coordinates":[-86.8162,33.4747]}},{"type":"Feature","properties":{"id":3598,"t":"kort"},"geometry":{"type":"Point","coordinates":[-81.9835,27.0637]}},{"type":"Feature","properties":{"id":3599,"t":"kort"},"geometry":{"type":"Point","coordinates":[-83.7831,42.5399]}},{"type":"Feature","properties":{"id":3600,"t":"kort"},"geometry":{"type":"Point","coordinates":[-79.946,40.8893]}},{"type":"Feature","properties":{"id":3601,"t":"kort"},"geometry":{"type":"Point","coordinates":[-92.4945,34.5994]}},{"type":"Feature","properties":{"id":3602,"t":"kort"},"geometry":{"type":"Point","coordinates":[-75.0687,39.9125]}},{"type":"Feature","properties":{"id":3603,"t":"kort"},"geometry":{"type":"Point","coordinates":[-97.4245,35.8336]}},{"type":"Feature","properties":{"id":3604,"t":"kort"},"geometry":{"type":"Point","coordinates":[-85.3438,37.3486]}},{"type":"Feature","properties":{"id":3605,"t":"kort"},"geometry":{"type":"Point","coordinates":[-81.3438,40.8784]}},{"type":"Feature","properties":{"id":3606,"t":"kort"},"geometry":{"type":"Point","coordinates":[-80.4463,25.6589]}},{"type":"Feature","properties":{"id":3607,"t":"kort"},"geometry":{"type":"Point","coordinates":[-81.0853,40.5739]}},{"type":"Feature","properties":{"id":3608,"t":"half"},"geometry":{"type":"Point","coordinates":[-85.6778,37.9985]}},{"type":"Feature","properties":{"id":3609,"t":"kort"},"geometry":{"type":"Point","coordinates":[-86.3151,32.3736]}},{"type":"Feature","properties":{"id":3610,"t":"kort"},"geometry":{"type":"Point","coordinates":[-79.0479,37.3636]}},{"type":"Feature","properties":{"id":3611,"t":"kort"},"geometry":{"type":"Point","coordinates":[-93.1038,31.7689]}},{"type":"Feature","properties":{"id":3612,"t":"kort"},"geometry":{"type":"Point","coordinates":[-84.8184,39.5748]}},{"type":"Feature","properties":{"id":3613,"t":"kort"},"geometry":{"type":"Point","coordinates":[-81.6064,28.1999]}},{"type":"Feature","properties":{"id":3614,"t":"kort"},"geometry":{"type":"Point","coordinates":[-77.649,37.4336]}},{"type":"Feature","properties":{"id":3615,"t":"kort"},"geometry":{"type":"Point","coordinates":[-80.745,35.2006]}},{"type":"Feature","properties":{"id":3616,"t":"kort"},"geometry":{"type":"Point","coordinates":[-92.3214,34.8275]}},{"type":"Feature","properties":{"id":3617,"t":"half"},"geometry":{"type":"Point","coordinates":[-88.5911,34.8683]}},{"type":"Feature","properties":{"id":3618,"t":"kort"},"geometry":{"type":"Point","coordinates":[-94.3208,36.0957]}},{"type":"Feature","properties":{"id":3619,"t":"kort"},"geometry":{"type":"Point","coordinates":[-80.3152,36.1328]}},{"type":"Feature","properties":{"id":3620,"t":"ultra"},"geometry":{"type":"Point","coordinates":[-77.3185,41.7443]}},{"type":"Feature","properties":{"id":3621,"t":"kort"},"geometry":{"type":"Point","coordinates":[-89.848,42.8048]}},{"type":"Feature","properties":{"id":3622,"t":"kort"},"geometry":{"type":"Point","coordinates":[-70.9257,42.8555]}},{"type":"Feature","properties":{"id":3623,"t":"kort"},"geometry":{"type":"Point","coordinates":[-82.5131,28.0053]}},{"type":"Feature","properties":{"id":3624,"t":"kort"},"geometry":{"type":"Point","coordinates":[-97.6616,31.1194]}},{"type":"Feature","properties":{"id":3625,"t":"kort"},"geometry":{"type":"Point","coordinates":[-104.9668,39.7676]}},{"type":"Feature","properties":{"id":3626,"t":"kort"},"geometry":{"type":"Point","coordinates":[-83.7081,41.7142]}},{"type":"Feature","properties":{"id":3627,"t":"kort"},"geometry":{"type":"Point","coordinates":[-93.3815,43.131]}},{"type":"Feature","properties":{"id":3628,"t":"kort"},"geometry":{"type":"Point","coordinates":[-96.3941,42.5044]}},{"type":"Feature","properties":{"id":3629,"t":"kort"},"geometry":{"type":"Point","coordinates":[-104.9902,40.4873]}},{"type":"Feature","properties":{"id":3630,"t":"kort"},"geometry":{"type":"Point","coordinates":[-82.8725,40.1572]}},{"type":"Feature","properties":{"id":3631,"t":"kort"},"geometry":{"type":"Point","coordinates":[-81.4805,41.55]}},{"type":"Feature","properties":{"id":3632,"t":"kort"},"geometry":{"type":"Point","coordinates":[-81.812,35.4599]}},{"type":"Feature","properties":{"id":3633,"t":"kort"},"geometry":{"type":"Point","coordinates":[-79.058,33.8781]}},{"type":"Feature","properties":{"id":3634,"t":"kort"},"geometry":{"type":"Point","coordinates":[-84.6275,40.4091]}},{"type":"Feature","properties":{"id":3635,"t":"kort"},"geometry":{"type":"Point","coordinates":[-85.497,38.2585]}},{"type":"Feature","properties":{"id":3636,"t":"kort"},"geometry":{"type":"Point","coordinates":[-83.4778,34.5732]}},{"type":"Feature","properties":{"id":3637,"t":"kort"},"geometry":{"type":"Point","coordinates":[-98.2459,26.2234]}},{"type":"Feature","properties":{"id":3638,"t":"kort"},"geometry":{"type":"Point","coordinates":[-72.3297,41.7742]}},{"type":"Feature","properties":{"id":3639,"t":"kort"},"geometry":{"type":"Point","coordinates":[-85.3518,37.3422]}},{"type":"Feature","properties":{"id":3640,"t":"kort"},"geometry":{"type":"Point","coordinates":[-121.9313,37.3069]}},{"type":"Feature","properties":{"id":3641,"t":"kort"},"geometry":{"type":"Point","coordinates":[-77.9261,35.3564]}},{"type":"Feature","properties":{"id":3642,"t":"kort"},"geometry":{"type":"Point","coordinates":[-84.3339,33.9673]}},{"type":"Feature","properties":{"id":3643,"t":"kort"},"geometry":{"type":"Point","coordinates":[-90.1189,32.4094]}},{"type":"Feature","properties":{"id":3644,"t":"kort"},"geometry":{"type":"Point","coordinates":[-112.0808,33.4461]}},{"type":"Feature","properties":{"id":3645,"t":"kort"},"geometry":{"type":"Point","coordinates":[-80.6551,28.2738]}},{"type":"Feature","properties":{"id":3646,"t":"kort"},"geometry":{"type":"Point","coordinates":[-98.0738,26.4595]}},{"type":"Feature","properties":{"id":3647,"t":"kort"},"geometry":{"type":"Point","coordinates":[-85.9198,34.0488]}},{"type":"Feature","properties":{"id":3648,"t":"kort"},"geometry":{"type":"Point","coordinates":[-71.0317,42.3431]}},{"type":"Feature","properties":{"id":3649,"t":"kort"},"geometry":{"type":"Point","coordinates":[-83.7253,33.3062]}},{"type":"Feature","properties":{"id":3650,"t":"kort"},"geometry":{"type":"Point","coordinates":[-75.562,39.7587]}},{"type":"Feature","properties":{"id":3651,"t":"kort"},"geometry":{"type":"Point","coordinates":[-75.3218,39.9696]}},{"type":"Feature","properties":{"id":3652,"t":"kort"},"geometry":{"type":"Point","coordinates":[-118.5424,34.4508]}},{"type":"Feature","properties":{"id":3653,"t":"kort"},"geometry":{"type":"Point","coordinates":[-84.5211,37.1548]}},{"type":"Feature","properties":{"id":3654,"t":"kort"},"geometry":{"type":"Point","coordinates":[-92.2308,34.8061]}},{"type":"Feature","properties":{"id":3655,"t":"kort"},"geometry":{"type":"Point","coordinates":[-97.4785,35.6251]}},{"type":"Feature","properties":{"id":3656,"t":"kort"},"geometry":{"type":"Point","coordinates":[-76.4952,39.1264]}},{"type":"Feature","properties":{"id":3657,"t":"kort"},"geometry":{"type":"Point","coordinates":[-82.9793,40.1867]}},{"type":"Feature","properties":{"id":3658,"t":"kort"},"geometry":{"type":"Point","coordinates":[-88.4849,43.1013]}},{"type":"Feature","properties":{"id":3659,"t":"kort"},"geometry":{"type":"Point","coordinates":[-74.0644,40.9469]}},{"type":"Feature","properties":{"id":3660,"t":"kort"},"geometry":{"type":"Point","coordinates":[-77.1774,38.8866]}},{"type":"Feature","properties":{"id":3661,"t":"kort"},"geometry":{"type":"Point","coordinates":[-84.3364,33.9625]}},{"type":"Feature","properties":{"id":3662,"t":"kort"},"geometry":{"type":"Point","coordinates":[-73.2779,41.177]}},{"type":"Feature","properties":{"id":3663,"t":"kort"},"geometry":{"type":"Point","coordinates":[-75.4024,40.0588]}},{"type":"Feature","properties":{"id":3664,"t":"half"},"geometry":{"type":"Point","coordinates":[-74.6445,40.361]}},{"type":"Feature","properties":{"id":3665,"t":"kort"},"geometry":{"type":"Point","coordinates":[-88.9803,40.51]}},{"type":"Feature","properties":{"id":3666,"t":"half"},"geometry":{"type":"Point","coordinates":[-117.1808,32.6817]}},{"type":"Feature","properties":{"id":3667,"t":"kort"},"geometry":{"type":"Point","coordinates":[-71.6423,42.3812]}},{"type":"Feature","properties":{"id":3668,"t":"kort"},"geometry":{"type":"Point","coordinates":[-83.3748,33.3211]}},{"type":"Feature","properties":{"id":3669,"t":"kort"},"geometry":{"type":"Point","coordinates":[-82.9369,42.5042]}},{"type":"Feature","properties":{"id":3670,"t":"kort"},"geometry":{"type":"Point","coordinates":[-83.0741,42.3706]}},{"type":"Feature","properties":{"id":3671,"t":"kort"},"geometry":{"type":"Point","coordinates":[-71.0436,41.9304]}},{"type":"Feature","properties":{"id":3672,"t":"kort"},"geometry":{"type":"Point","coordinates":[-80.3133,25.9886]}},{"type":"Feature","properties":{"id":3673,"t":"kort"},"geometry":{"type":"Point","coordinates":[-81.4091,41.627]}},{"type":"Feature","properties":{"id":3674,"t":"kort"},"geometry":{"type":"Point","coordinates":[-76.4267,39.036]}},{"type":"Feature","properties":{"id":3675,"t":"kort"},"geometry":{"type":"Point","coordinates":[-76.5466,38.981]}},{"type":"Feature","properties":{"id":3676,"t":"kort"},"geometry":{"type":"Point","coordinates":[-74.3726,41.273]}},{"type":"Feature","properties":{"id":3677,"t":"kort"},"geometry":{"type":"Point","coordinates":[-74.1576,40.7856]}},{"type":"Feature","properties":{"id":3678,"t":"kort"},"geometry":{"type":"Point","coordinates":[-82.8483,40.2693]}},{"type":"Feature","properties":{"id":3679,"t":"kort"},"geometry":{"type":"Point","coordinates":[-78.5626,38.0954]}},{"type":"Feature","properties":{"id":3680,"t":"ultra"},"geometry":{"type":"Point","coordinates":[-74.7552,40.9676]}},{"type":"Feature","properties":{"id":3681,"t":"kort"},"geometry":{"type":"Point","coordinates":[-71.1523,42.3466]}},{"type":"Feature","properties":{"id":3682,"t":"kort"},"geometry":{"type":"Point","coordinates":[-79.8234,32.8433]}},{"type":"Feature","properties":{"id":3683,"t":"kort"},"geometry":{"type":"Point","coordinates":[-83.7489,35.6714]}},{"type":"Feature","properties":{"id":3684,"t":"kort"},"geometry":{"type":"Point","coordinates":[-80.1407,25.7967]}},{"type":"Feature","properties":{"id":3685,"t":"ultra"},"geometry":{"type":"Point","coordinates":[-104.8134,38.7898]}},{"type":"Feature","properties":{"id":3686,"t":"kort"},"geometry":{"type":"Point","coordinates":[-78.8821,35.0683]}},{"type":"Feature","properties":{"id":3687,"t":"kort"},"geometry":{"type":"Point","coordinates":[-71.9037,41.98]}},{"type":"Feature","properties":{"id":3688,"t":"ultra"},"geometry":{"type":"Point","coordinates":[-75.8698,43.0514]}},{"type":"Feature","properties":{"id":3689,"t":"kort"},"geometry":{"type":"Point","coordinates":[-81.7391,41.4673]}},{"type":"Feature","properties":{"id":3690,"t":"kort"},"geometry":{"type":"Point","coordinates":[-73.8921,41.585]}},{"type":"Feature","properties":{"id":3691,"t":"kort"},"geometry":{"type":"Point","coordinates":[-104.8535,38.8619]}},{"type":"Feature","properties":{"id":3692,"t":"half"},"geometry":{"type":"Point","coordinates":[-95.6368,29.9746]}},{"type":"Feature","properties":{"id":3693,"t":"kort"},"geometry":{"type":"Point","coordinates":[-85.9225,38.444]}},{"type":"Feature","properties":{"id":3694,"t":"kort"},"geometry":{"type":"Point","coordinates":[-75.843,39.632]}},{"type":"Feature","properties":{"id":3695,"t":"half"},"geometry":{"type":"Point","coordinates":[-118.1755,33.7716]}},{"type":"Feature","properties":{"id":3696,"t":"kort"},"geometry":{"type":"Point","coordinates":[-85.8479,31.3348]}},{"type":"Feature","properties":{"id":3697,"t":"kort"},"geometry":{"type":"Point","coordinates":[-76.7108,39.2622]}},{"type":"Feature","properties":{"id":3698,"t":"kort"},"geometry":{"type":"Point","coordinates":[-95.6433,29.6434]}},{"type":"Feature","properties":{"id":3699,"t":"kort"},"geometry":{"type":"Point","coordinates":[-92.9497,34.5296]}},{"type":"Feature","properties":{"id":3700,"t":"kort"},"geometry":{"type":"Point","coordinates":[-72.939,41.3132]}},{"type":"Feature","properties":{"id":3701,"t":"kort"},"geometry":{"type":"Point","coordinates":[-77.5663,42.9753]}},{"type":"Feature","properties":{"id":3702,"t":"kort"},"geometry":{"type":"Point","coordinates":[-83.5673,35.8016]}},{"type":"Feature","properties":{"id":3703,"t":"kort"},"geometry":{"type":"Point","coordinates":[-111.1693,32.329]}},{"type":"Feature","properties":{"id":3704,"t":"kort"},"geometry":{"type":"Point","coordinates":[-76.5755,39.3089]}},{"type":"Feature","properties":{"id":3705,"t":"half"},"geometry":{"type":"Point","coordinates":[-155.9808,19.6439]}},{"type":"Feature","properties":{"id":3706,"t":"kort"},"geometry":{"type":"Point","coordinates":[-81.6881,28.9302]}},{"type":"Feature","properties":{"id":3707,"t":"kort"},"geometry":{"type":"Point","coordinates":[-70.6009,43.3116]}},{"type":"Feature","properties":{"id":3708,"t":"kort"},"geometry":{"type":"Point","coordinates":[-117.3585,33.6504]}},{"type":"Feature","properties":{"id":3709,"t":"kort"},"geometry":{"type":"Point","coordinates":[-90.7075,35.8406]}},{"type":"Feature","properties":{"id":3710,"t":"kort"},"geometry":{"type":"Point","coordinates":[-88.0885,41.8351]}},{"type":"Feature","properties":{"id":3711,"t":"kort"},"geometry":{"type":"Point","coordinates":[-81.4382,26.7277]}},{"type":"Feature","properties":{"id":3712,"t":"kort"},"geometry":{"type":"Point","coordinates":[-84.5986,43.5703]}},{"type":"Feature","properties":{"id":3713,"t":"kort"},"geometry":{"type":"Point","coordinates":[-86.2835,34.3547]}},{"type":"Feature","properties":{"id":3714,"t":"kort"},"geometry":{"type":"Point","coordinates":[-77.397,37.4698]}},{"type":"Feature","properties":{"id":3715,"t":"kort"},"geometry":{"type":"Point","coordinates":[-77.3927,37.456]}},{"type":"Feature","properties":{"id":3716,"t":"kort"},"geometry":{"type":"Point","coordinates":[-75.4018,40.661]}},{"type":"Feature","properties":{"id":3717,"t":"kort"},"geometry":{"type":"Point","coordinates":[-95.396,29.6947]}},{"type":"Feature","properties":{"id":3718,"t":"kort"},"geometry":{"type":"Point","coordinates":[-96.9317,32.8725]}},{"type":"Feature","properties":{"id":3719,"t":"kort"},"geometry":{"type":"Point","coordinates":[-75.0572,39.9497]}},{"type":"Feature","properties":{"id":3720,"t":"kort"},"geometry":{"type":"Point","coordinates":[-79.1409,33.4488]}},{"type":"Feature","properties":{"id":3721,"t":"kort"},"geometry":{"type":"Point","coordinates":[-106.7941,32.3135]}},{"type":"Feature","properties":{"id":3722,"t":"kort"},"geometry":{"type":"Point","coordinates":[-74.6651,39.8558]}},{"type":"Feature","properties":{"id":3723,"t":"kort"},"geometry":{"type":"Point","coordinates":[-88.1115,43.2111]}},{"type":"Feature","properties":{"id":3724,"t":"kort"},"geometry":{"type":"Point","coordinates":[-80.5493,35.6865]}},{"type":"Feature","properties":{"id":3725,"t":"kort"},"geometry":{"type":"Point","coordinates":[-82.4888,27.9713]}},{"type":"Feature","properties":{"id":3726,"t":"kort"},"geometry":{"type":"Point","coordinates":[-83.0326,42.3522]}},{"type":"Feature","properties":{"id":3727,"t":"kort"},"geometry":{"type":"Point","coordinates":[-109.6362,36.7165]}},{"type":"Feature","properties":{"id":3728,"t":"kort"},"geometry":{"type":"Point","coordinates":[-75.75,39.6927]}},{"type":"Feature","properties":{"id":3729,"t":"kort"},"geometry":{"type":"Point","coordinates":[-116.2526,43.6567]}},{"type":"Feature","properties":{"id":3730,"t":"ultra"},"geometry":{"type":"Point","coordinates":[-88.4612,42.5783]}},{"type":"Feature","properties":{"id":3731,"t":"kort"},"geometry":{"type":"Point","coordinates":[-81.5425,30.0725]}},{"type":"Feature","properties":{"id":3732,"t":"half"},"geometry":{"type":"Point","coordinates":[-81.3037,28.894]}},{"type":"Feature","properties":{"id":3733,"t":"kort"},"geometry":{"type":"Point","coordinates":[-84.4427,33.7819]}},{"type":"Feature","properties":{"id":3734,"t":"half"},"geometry":{"type":"Point","coordinates":[-77.4468,37.5524]}},{"type":"Feature","properties":{"id":3735,"t":"kort"},"geometry":{"type":"Point","coordinates":[-76.7541,39.196]}},{"type":"Feature","properties":{"id":3736,"t":"kort"},"geometry":{"type":"Point","coordinates":[-122.8995,45.7629]}},{"type":"Feature","properties":{"id":3737,"t":"kort"},"geometry":{"type":"Point","coordinates":[-91.2195,43.7913]}},{"type":"Feature","properties":{"id":3738,"t":"kort"},"geometry":{"type":"Point","coordinates":[-85.5042,40.1912]}},{"type":"Feature","properties":{"id":3739,"t":"kort"},"geometry":{"type":"Point","coordinates":[-77.6342,38.8712]}},{"type":"Feature","properties":{"id":3740,"t":"kort"},"geometry":{"type":"Point","coordinates":[-97.7306,30.3435]}},{"type":"Feature","properties":{"id":3741,"t":"kort"},"geometry":{"type":"Point","coordinates":[-106.5242,31.8345]}},{"type":"Feature","properties":{"id":3742,"t":"kort"},"geometry":{"type":"Point","coordinates":[-95.8364,29.7366]}},{"type":"Feature","properties":{"id":3743,"t":"kort"},"geometry":{"type":"Point","coordinates":[-86.9684,34.7984]}},{"type":"Feature","properties":{"id":3744,"t":"kort"},"geometry":{"type":"Point","coordinates":[-83.8938,33.8717]}},{"type":"Feature","properties":{"id":3745,"t":"kort"},"geometry":{"type":"Point","coordinates":[-80.0926,26.6192]}},{"type":"Feature","properties":{"id":3746,"t":"kort"},"geometry":{"type":"Point","coordinates":[-87.2271,30.4133]}},{"type":"Feature","properties":{"id":3747,"t":"kort"},"geometry":{"type":"Point","coordinates":[-84.2095,31.5789]}},{"type":"Feature","properties":{"id":3748,"t":"kort"},"geometry":{"type":"Point","coordinates":[-87.8953,30.5082]}},{"type":"Feature","properties":{"id":3749,"t":"half"},"geometry":{"type":"Point","coordinates":[-98.6042,29.5564]}},{"type":"Feature","properties":{"id":3750,"t":"kort"},"geometry":{"type":"Point","coordinates":[-88.0178,41.8651]}},{"type":"Feature","properties":{"id":3751,"t":"kort"},"geometry":{"type":"Point","coordinates":[-97.5568,35.5817]}},{"type":"Feature","properties":{"id":3752,"t":"ultra"},"geometry":{"type":"Point","coordinates":[-80.403,37.7795]}},{"type":"Feature","properties":{"id":3753,"t":"kort"},"geometry":{"type":"Point","coordinates":[-77.957,39.1588]}},{"type":"Feature","properties":{"id":3754,"t":"kort"},"geometry":{"type":"Point","coordinates":[-77.663,39.4375]}},{"type":"Feature","properties":{"id":3755,"t":"kort"},"geometry":{"type":"Point","coordinates":[-81.4156,41.6312]}},{"type":"Feature","properties":{"id":3756,"t":"kort"},"geometry":{"type":"Point","coordinates":[-74.1628,40.3779]}},{"type":"Feature","properties":{"id":3757,"t":"kort"},"geometry":{"type":"Point","coordinates":[-83.9838,36.0129]}},{"type":"Feature","properties":{"id":3758,"t":"kort"},"geometry":{"type":"Point","coordinates":[-82.5501,35.713]}},{"type":"Feature","properties":{"id":3759,"t":"kort"},"geometry":{"type":"Point","coordinates":[-85.2301,38.2182]}},{"type":"Feature","properties":{"id":3760,"t":"half"},"geometry":{"type":"Point","coordinates":[-116.2167,43.6344]}},{"type":"Feature","properties":{"id":3761,"t":"kort"},"geometry":{"type":"Point","coordinates":[-78.0901,40.5531]}},{"type":"Feature","properties":{"id":3762,"t":"kort"},"geometry":{"type":"Point","coordinates":[-93.608,41.5506]}},{"type":"Feature","properties":{"id":3763,"t":"ultra"},"geometry":{"type":"Point","coordinates":[-77.2484,42.9787]}},{"type":"Feature","properties":{"id":3764,"t":"kort"},"geometry":{"type":"Point","coordinates":[-83.6467,41.0369]}},{"type":"Feature","properties":{"id":3765,"t":"kort"},"geometry":{"type":"Point","coordinates":[-87.9414,41.7417]}},{"type":"Feature","properties":{"id":3766,"t":"kort"},"geometry":{"type":"Point","coordinates":[-76.4253,40.1688]}},{"type":"Feature","properties":{"id":3767,"t":"kort"},"geometry":{"type":"Point","coordinates":[-87.8454,41.8177]}},{"type":"Feature","properties":{"id":3768,"t":"kort"},"geometry":{"type":"Point","coordinates":[-84.6397,34.0664]}},{"type":"Feature","properties":{"id":3769,"t":"kort"},"geometry":{"type":"Point","coordinates":[-77.0777,38.9638]}},{"type":"Feature","properties":{"id":3770,"t":"half"},"geometry":{"type":"Point","coordinates":[-88.4012,43.1032]}},{"type":"Feature","properties":{"id":3771,"t":"kort"},"geometry":{"type":"Point","coordinates":[-92.0201,30.2387]}},{"type":"Feature","properties":{"id":3772,"t":"kort"},"geometry":{"type":"Point","coordinates":[-71.2567,42.144]}},{"type":"Feature","properties":{"id":3773,"t":"half"},"geometry":{"type":"Point","coordinates":[-118.3409,33.322]}},{"type":"Feature","properties":{"id":3774,"t":"kort"},"geometry":{"type":"Point","coordinates":[-84.3919,39.5251]}},{"type":"Feature","properties":{"id":3775,"t":"half"},"geometry":{"type":"Point","coordinates":[-86.426,32.4713]}},{"type":"Feature","properties":{"id":3776,"t":"kort"},"geometry":{"type":"Point","coordinates":[-97.1754,34.156]}},{"type":"Feature","properties":{"id":3777,"t":"kort"},"geometry":{"type":"Point","coordinates":[-82.3441,29.6863]}},{"type":"Feature","properties":{"id":3778,"t":"half"},"geometry":{"type":"Point","coordinates":[-83.5922,41.5403]}},{"type":"Feature","properties":{"id":3779,"t":"kort"},"geometry":{"type":"Point","coordinates":[-83.6036,43.0199]}},{"type":"Feature","properties":{"id":3780,"t":"kort"},"geometry":{"type":"Point","coordinates":[-118.1414,33.9825]}},{"type":"Feature","properties":{"id":3781,"t":"half"},"geometry":{"type":"Point","coordinates":[-87.3385,36.5168]}},{"type":"Feature","properties":{"id":3782,"t":"kort"},"geometry":{"type":"Point","coordinates":[-84.6394,40.5558]}},{"type":"Feature","properties":{"id":3783,"t":"kort"},"geometry":{"type":"Point","coordinates":[-84.9969,41.9327]}},{"type":"Feature","properties":{"id":3784,"t":"kort"},"geometry":{"type":"Point","coordinates":[-104.8272,39.7288]}},{"type":"Feature","properties":{"id":3785,"t":"kort"},"geometry":{"type":"Point","coordinates":[-119.2892,46.2556]}},{"type":"Feature","properties":{"id":3786,"t":"kort"},"geometry":{"type":"Point","coordinates":[-83.3572,40.2401]}},{"type":"Feature","properties":{"id":3787,"t":"ultra"},"geometry":{"type":"Point","coordinates":[-80.2094,27.1308]}},{"type":"Feature","properties":{"id":3788,"t":"kort"},"geometry":{"type":"Point","coordinates":[-85.6522,30.1672]}},{"type":"Feature","properties":{"id":3789,"t":"kort"},"geometry":{"type":"Point","coordinates":[-83.4193,34.0088]}},{"type":"Feature","properties":{"id":3790,"t":"kort"},"geometry":{"type":"Point","coordinates":[-75.1198,39.8827]}},{"type":"Feature","properties":{"id":3791,"t":"ultra"},"geometry":{"type":"Point","coordinates":[-90.5156,36.0648]}},{"type":"Feature","properties":{"id":3792,"t":"kort"},"geometry":{"type":"Point","coordinates":[-74.9763,39.665]}},{"type":"Feature","properties":{"id":3793,"t":"kort"},"geometry":{"type":"Point","coordinates":[-80.18,26.2969]}},{"type":"Feature","properties":{"id":3794,"t":"kort"},"geometry":{"type":"Point","coordinates":[-97.2974,31.6643]}},{"type":"Feature","properties":{"id":3795,"t":"kort"},"geometry":{"type":"Point","coordinates":[-84.5143,33.88]}},{"type":"Feature","properties":{"id":3796,"t":"kort"},"geometry":{"type":"Point","coordinates":[-74.737,39.0889]}},{"type":"Feature","properties":{"id":3797,"t":"kort"},"geometry":{"type":"Point","coordinates":[-86.7421,34.8199]}},{"type":"Feature","properties":{"id":3798,"t":"kort"},"geometry":{"type":"Point","coordinates":[-116.9062,36.4762]}},{"type":"Feature","properties":{"id":3799,"t":"kort"},"geometry":{"type":"Point","coordinates":[-81.2363,28.9055]}},{"type":"Feature","properties":{"id":3800,"t":"kort"},"geometry":{"type":"Point","coordinates":[-104.9738,39.7628]}},{"type":"Feature","properties":{"id":3801,"t":"kort"},"geometry":{"type":"Point","coordinates":[-121.3778,38.0012]}},{"type":"Feature","properties":{"id":3802,"t":"ultra"},"geometry":{"type":"Point","coordinates":[-84.4791,37.9641]}},{"type":"Feature","properties":{"id":3803,"t":"ultra"},"geometry":{"type":"Point","coordinates":[-83.7699,34.1377]}},{"type":"Feature","properties":{"id":3804,"t":"kort"},"geometry":{"type":"Point","coordinates":[-121.9697,37.5318]}},{"type":"Feature","properties":{"id":3805,"t":"kort"},"geometry":{"type":"Point","coordinates":[-118.283,34.099]}},{"type":"Feature","properties":{"id":3806,"t":"kort"},"geometry":{"type":"Point","coordinates":[-74.1929,42.9329]}},{"type":"Feature","properties":{"id":3807,"t":"ultra"},"geometry":{"type":"Point","coordinates":[-71.4297,42.3041]}},{"type":"Feature","properties":{"id":3808,"t":"kort"},"geometry":{"type":"Point","coordinates":[-95.2557,38.957]}},{"type":"Feature","properties":{"id":3809,"t":"kort"},"geometry":{"type":"Point","coordinates":[-75.1026,38.5587]}},{"type":"Feature","properties":{"id":3810,"t":"kort"},"geometry":{"type":"Point","coordinates":[-111.7759,33.3493]}},{"type":"Feature","properties":{"id":3811,"t":"ultra"},"geometry":{"type":"Point","coordinates":[-74.3513,40.4582]}},{"type":"Feature","properties":{"id":3812,"t":"kort"},"geometry":{"type":"Point","coordinates":[-77.0742,38.9431]}},{"type":"Feature","properties":{"id":3813,"t":"kort"},"geometry":{"type":"Point","coordinates":[-84.4639,33.8795]}},{"type":"Feature","properties":{"id":3814,"t":"ultra"},"geometry":{"type":"Point","coordinates":[-82.6071,39.7145]}},{"type":"Feature","properties":{"id":3815,"t":"kort"},"geometry":{"type":"Point","coordinates":[-84.4504,33.7779]}},{"type":"Feature","properties":{"id":3816,"t":"kort"},"geometry":{"type":"Point","coordinates":[-82.7364,27.864]}},{"type":"Feature","properties":{"id":3817,"t":"tri"},"geometry":{"type":"Point","coordinates":[-80.1669,26.3536]}},{"type":"Feature","properties":{"id":3818,"t":"ultra"},"geometry":{"type":"Point","coordinates":[-72.8331,40.9446]}},{"type":"Feature","properties":{"id":3819,"t":"kort"},"geometry":{"type":"Point","coordinates":[-122.3854,47.1235]}},{"type":"Feature","properties":{"id":3820,"t":"kort"},"geometry":{"type":"Point","coordinates":[-77.6601,39.1473]}},{"type":"Feature","properties":{"id":3821,"t":"kort"},"geometry":{"type":"Point","coordinates":[-82.1921,36.5704]}},{"type":"Feature","properties":{"id":3822,"t":"half"},"geometry":{"type":"Point","coordinates":[-80.6033,28.3415]}},{"type":"Feature","properties":{"id":3823,"t":"kort"},"geometry":{"type":"Point","coordinates":[-76.4374,41.0113]}},{"type":"Feature","properties":{"id":3824,"t":"kort"},"geometry":{"type":"Point","coordinates":[-75.221,40.644]}},{"type":"Feature","properties":{"id":3825,"t":"kort"},"geometry":{"type":"Point","coordinates":[-70.9505,42.5752]}},{"type":"Feature","properties":{"id":3826,"t":"kort"},"geometry":{"type":"Point","coordinates":[-84.0025,34.1118]}},{"type":"Feature","properties":{"id":3827,"t":"kort"},"geometry":{"type":"Point","coordinates":[-84.4934,38.095]}},{"type":"Feature","properties":{"id":3828,"t":"kort"},"geometry":{"type":"Point","coordinates":[-95.5793,29.9699]}},{"type":"Feature","properties":{"id":3829,"t":"kort"},"geometry":{"type":"Point","coordinates":[-95.1043,29.5177]}},{"type":"Feature","properties":{"id":3830,"t":"kort"},"geometry":{"type":"Point","coordinates":[-149.8671,61.2036]}},{"type":"Feature","properties":{"id":3831,"t":"kort"},"geometry":{"type":"Point","coordinates":[-83.0868,42.373]}},{"type":"Feature","properties":{"id":3832,"t":"kort"},"geometry":{"type":"Point","coordinates":[-71.2429,42.2736]}},{"type":"Feature","properties":{"id":3833,"t":"marathon"},"geometry":{"type":"Point","coordinates":[-75.1631,39.9485]}},{"type":"Feature","properties":{"id":3834,"t":"kort"},"geometry":{"type":"Point","coordinates":[-89.2826,31.1703]}},{"type":"Feature","properties":{"id":3835,"t":"kort"},"geometry":{"type":"Point","coordinates":[-94.51,38.8721]}},{"type":"Feature","properties":{"id":3836,"t":"kort"},"geometry":{"type":"Point","coordinates":[-74.8353,40.2116]}},{"type":"Feature","properties":{"id":3837,"t":"kort"},"geometry":{"type":"Point","coordinates":[-90.6204,38.504]}},{"type":"Feature","properties":{"id":3838,"t":"kort"},"geometry":{"type":"Point","coordinates":[-81.3002,31.8886]}},{"type":"Feature","properties":{"id":3839,"t":"half"},"geometry":{"type":"Point","coordinates":[-78.8391,35.6329]}},{"type":"Feature","properties":{"id":3840,"t":"kort"},"geometry":{"type":"Point","coordinates":[-117.6818,33.6485]}},{"type":"Feature","properties":{"id":3841,"t":"kort"},"geometry":{"type":"Point","coordinates":[-86.8847,36.495]}},{"type":"Feature","properties":{"id":3842,"t":"kort"},"geometry":{"type":"Point","coordinates":[-81.0464,32.0467]}},{"type":"Feature","properties":{"id":3843,"t":"kort"},"geometry":{"type":"Point","coordinates":[-91.9164,35.0939]}},{"type":"Feature","properties":{"id":3844,"t":"kort"},"geometry":{"type":"Point","coordinates":[-80.311,26.1608]}},{"type":"Feature","properties":{"id":3845,"t":"kort"},"geometry":{"type":"Point","coordinates":[-85.9154,42.9739]}},{"type":"Feature","properties":{"id":3846,"t":"kort"},"geometry":{"type":"Point","coordinates":[-80.2889,26.0241]}},{"type":"Feature","properties":{"id":3847,"t":"kort"},"geometry":{"type":"Point","coordinates":[-83.0633,43.0391]}},{"type":"Feature","properties":{"id":3848,"t":"kort"},"geometry":{"type":"Point","coordinates":[-86.4513,37.0084]}},{"type":"Feature","properties":{"id":3849,"t":"kort"},"geometry":{"type":"Point","coordinates":[-79.9405,32.8038]}},{"type":"Feature","properties":{"id":3850,"t":"kort"},"geometry":{"type":"Point","coordinates":[-90.0936,30.4914]}},{"type":"Feature","properties":{"id":3851,"t":"kort"},"geometry":{"type":"Point","coordinates":[-110.0951,35.4058]}},{"type":"Feature","properties":{"id":3852,"t":"kort"},"geometry":{"type":"Point","coordinates":[-84.5886,33.2849]}},{"type":"Feature","properties":{"id":3853,"t":"kort"},"geometry":{"type":"Point","coordinates":[-78.4838,37.8147]}},{"type":"Feature","properties":{"id":3854,"t":"kort"},"geometry":{"type":"Point","coordinates":[-86.1692,42.6534]}},{"type":"Feature","properties":{"id":3855,"t":"kort"},"geometry":{"type":"Point","coordinates":[-75.401,38.194]}},{"type":"Feature","properties":{"id":3856,"t":"kort"},"geometry":{"type":"Point","coordinates":[-85.2505,41.0414]}},{"type":"Feature","properties":{"id":3857,"t":"kort"},"geometry":{"type":"Point","coordinates":[-92.5999,34.4955]}},{"type":"Feature","properties":{"id":3858,"t":"kort"},"geometry":{"type":"Point","coordinates":[-70.6176,43.5948]}},{"type":"Feature","properties":{"id":3859,"t":"kort"},"geometry":{"type":"Point","coordinates":[-80.0748,26.453]}},{"type":"Feature","properties":{"id":3860,"t":"kort"},"geometry":{"type":"Point","coordinates":[-110.9579,32.2177]}},{"type":"Feature","properties":{"id":3861,"t":"kort"},"geometry":{"type":"Point","coordinates":[-78.4859,38.0363]}},{"type":"Feature","properties":{"id":3862,"t":"kort"},"geometry":{"type":"Point","coordinates":[-97.3355,37.6907]}},{"type":"Feature","properties":{"id":3863,"t":"kort"},"geometry":{"type":"Point","coordinates":[-81.6277,28.5569]}},{"type":"Feature","properties":{"id":3864,"t":"ultra"},"geometry":{"type":"Point","coordinates":[-77.7,39.5522]}},{"type":"Feature","properties":{"id":3865,"t":"kort"},"geometry":{"type":"Point","coordinates":[-74.138,39.9468]}},{"type":"Feature","properties":{"id":3866,"t":"kort"},"geometry":{"type":"Point","coordinates":[-83.4205,33.8562]}},{"type":"Feature","properties":{"id":3867,"t":"kort"},"geometry":{"type":"Point","coordinates":[-117.1544,32.6802]}},{"type":"Feature","properties":{"id":3868,"t":"kort"},"geometry":{"type":"Point","coordinates":[-93.6774,32.4844]}},{"type":"Feature","properties":{"id":3869,"t":"kort"},"geometry":{"type":"Point","coordinates":[-117.4033,34.2082]}},{"type":"Feature","properties":{"id":3870,"t":"kort"},"geometry":{"type":"Point","coordinates":[-81.8697,27.1769]}},{"type":"Feature","properties":{"id":3871,"t":"kort"},"geometry":{"type":"Point","coordinates":[-89.0322,37.7933]}},{"type":"Feature","properties":{"id":3872,"t":"half"},"geometry":{"type":"Point","coordinates":[-83.7623,31.172]}},{"type":"Feature","properties":{"id":3873,"t":"kort"},"geometry":{"type":"Point","coordinates":[-84.9564,32.4718]}},{"type":"Feature","properties":{"id":3874,"t":"kort"},"geometry":{"type":"Point","coordinates":[-80.2407,26.0286]}},{"type":"Feature","properties":{"id":3875,"t":"kort"},"geometry":{"type":"Point","coordinates":[-85.2391,43.0863]}},{"type":"Feature","properties":{"id":3876,"t":"kort"},"geometry":{"type":"Point","coordinates":[-82.8837,42.8445]}},{"type":"Feature","properties":{"id":3877,"t":"kort"},"geometry":{"type":"Point","coordinates":[-83.1509,42.2106]}},{"type":"Feature","properties":{"id":3878,"t":"half"},"geometry":{"type":"Point","coordinates":[-80.0966,32.7834]}},{"type":"Feature","properties":{"id":3879,"t":"kort"},"geometry":{"type":"Point","coordinates":[-74.7072,40.1439]}},{"type":"Feature","properties":{"id":3880,"t":"kort"},"geometry":{"type":"Point","coordinates":[-91.1773,30.448]}},{"type":"Feature","properties":{"id":3881,"t":"kort"},"geometry":{"type":"Point","coordinates":[-76.0044,36.8577]}},{"type":"Feature","properties":{"id":3882,"t":"kort"},"geometry":{"type":"Point","coordinates":[-89.964,32.299]}},{"type":"Feature","properties":{"id":3883,"t":"kort"},"geometry":{"type":"Point","coordinates":[-80.7398,35.1948]}},{"type":"Feature","properties":{"id":3884,"t":"half"},"geometry":{"type":"Point","coordinates":[-81.1858,34.0718]}},{"type":"Feature","properties":{"id":3885,"t":"kort"},"geometry":{"type":"Point","coordinates":[-74.1788,40.3821]}},{"type":"Feature","properties":{"id":3886,"t":"kort"},"geometry":{"type":"Point","coordinates":[-91.9519,30.1267]}},{"type":"Feature","properties":{"id":3887,"t":"kort"},"geometry":{"type":"Point","coordinates":[-96.7844,33.235]}},{"type":"Feature","properties":{"id":3888,"t":"kort"},"geometry":{"type":"Point","coordinates":[-91.2451,30.4638]}},{"type":"Feature","properties":{"id":3889,"t":"kort"},"geometry":{"type":"Point","coordinates":[-121.9014,47.6364]}},{"type":"Feature","properties":{"id":3890,"t":"kort"},"geometry":{"type":"Point","coordinates":[-81.5828,28.3117]}},{"type":"Feature","properties":{"id":3891,"t":"kort"},"geometry":{"type":"Point","coordinates":[-105.5187,40.3578]}},{"type":"Feature","properties":{"id":3892,"t":"kort"},"geometry":{"type":"Point","coordinates":[-98.6107,29.6413]}},{"type":"Feature","properties":{"id":3893,"t":"kort"},"geometry":{"type":"Point","coordinates":[-83.4417,35.4225]}},{"type":"Feature","properties":{"id":3894,"t":"kort"},"geometry":{"type":"Point","coordinates":[-84.2396,39.5544]}},{"type":"Feature","properties":{"id":3895,"t":"kort"},"geometry":{"type":"Point","coordinates":[-118.0611,33.8666]}},{"type":"Feature","properties":{"id":3896,"t":"half"},"geometry":{"type":"Point","coordinates":[-85.9313,34.046]}},{"type":"Feature","properties":{"id":3897,"t":"kort"},"geometry":{"type":"Point","coordinates":[-94.7867,38.8683]}},{"type":"Feature","properties":{"id":3898,"t":"kort"},"geometry":{"type":"Point","coordinates":[-83.811,39.7506]}},{"type":"Feature","properties":{"id":3899,"t":"kort"},"geometry":{"type":"Point","coordinates":[-77.4403,38.465]}},{"type":"Feature","properties":{"id":3900,"t":"kort"},"geometry":{"type":"Point","coordinates":[-87.6508,34.8319]}},{"type":"Feature","properties":{"id":3901,"t":"kort"},"geometry":{"type":"Point","coordinates":[-75.6767,39.4887]}},{"type":"Feature","properties":{"id":3902,"t":"kort"},"geometry":{"type":"Point","coordinates":[-101.295,48.2361]}},{"type":"Feature","properties":{"id":3903,"t":"kort"},"geometry":{"type":"Point","coordinates":[-121.7471,38.5438]}},{"type":"Feature","properties":{"id":3904,"t":"kort"},"geometry":{"type":"Point","coordinates":[-121.7408,38.5608]}},{"type":"Feature","properties":{"id":3905,"t":"kort"},"geometry":{"type":"Point","coordinates":[-86.7793,33.2842]}},{"type":"Feature","properties":{"id":3906,"t":"kort"},"geometry":{"type":"Point","coordinates":[-114.3538,34.4724]}},{"type":"Feature","properties":{"id":3907,"t":"kort"},"geometry":{"type":"Point","coordinates":[-81.3993,41.6386]}},{"type":"Feature","properties":{"id":3908,"t":"kort"},"geometry":{"type":"Point","coordinates":[-93.2535,44.9822]}},{"type":"Feature","properties":{"id":3909,"t":"kort"},"geometry":{"type":"Point","coordinates":[-71.4767,42.7572]}},{"type":"Feature","properties":{"id":3910,"t":"kort"},"geometry":{"type":"Point","coordinates":[-118.4845,34.012]}},{"type":"Feature","properties":{"id":3911,"t":"half"},"geometry":{"type":"Point","coordinates":[-74.3007,41.8035]}},{"type":"Feature","properties":{"id":3912,"t":"kort"},"geometry":{"type":"Point","coordinates":[-117.7004,33.7066]}},{"type":"Feature","properties":{"id":3913,"t":"ultra"},"geometry":{"type":"Point","coordinates":[-117.8581,33.831]}},{"type":"Feature","properties":{"id":3914,"t":"kort"},"geometry":{"type":"Point","coordinates":[-83.8873,33.8749]}},{"type":"Feature","properties":{"id":3915,"t":"kort"},"geometry":{"type":"Point","coordinates":[-72.8317,41.4542]}},{"type":"Feature","properties":{"id":3916,"t":"kort"},"geometry":{"type":"Point","coordinates":[-79.522,40.8087]}},{"type":"Feature","properties":{"id":3917,"t":"kort"},"geometry":{"type":"Point","coordinates":[-77.194,38.7025]}},{"type":"Feature","properties":{"id":3918,"t":"kort"},"geometry":{"type":"Point","coordinates":[-87.6499,41.5622]}},{"type":"Feature","properties":{"id":3919,"t":"kort"},"geometry":{"type":"Point","coordinates":[-69.9759,41.6925]}},{"type":"Feature","properties":{"id":3920,"t":"kort"},"geometry":{"type":"Point","coordinates":[-75.4104,40.0696]}},{"type":"Feature","properties":{"id":3921,"t":"ultra"},"geometry":{"type":"Point","coordinates":[-86.127,41.9884]}},{"type":"Feature","properties":{"id":3922,"t":"kort"},"geometry":{"type":"Point","coordinates":[-88.3854,44.2803]}},{"type":"Feature","properties":{"id":3923,"t":"kort"},"geometry":{"type":"Point","coordinates":[-83.3535,33.9845]}},{"type":"Feature","properties":{"id":3924,"t":"kort"},"geometry":{"type":"Point","coordinates":[-77.471,38.3081]}},{"type":"Feature","properties":{"id":3925,"t":"kort"},"geometry":{"type":"Point","coordinates":[-84.9522,39.0795]}},{"type":"Feature","properties":{"id":3926,"t":"kort"},"geometry":{"type":"Point","coordinates":[-92.0189,30.1588]}},{"type":"Feature","properties":{"id":3927,"t":"kort"},"geometry":{"type":"Point","coordinates":[-80.3353,40.6886]}},{"type":"Feature","properties":{"id":3928,"t":"kort"},"geometry":{"type":"Point","coordinates":[-84.8464,35.1977]}},{"type":"Feature","properties":{"id":3929,"t":"kort"},"geometry":{"type":"Point","coordinates":[-80.8808,35.8673]}},{"type":"Feature","properties":{"id":3930,"t":"kort"},"geometry":{"type":"Point","coordinates":[-97.9829,30.3355]}},{"type":"Feature","properties":{"id":3931,"t":"kort"},"geometry":{"type":"Point","coordinates":[-117.6166,33.5426]}},{"type":"Feature","properties":{"id":3932,"t":"kort"},"geometry":{"type":"Point","coordinates":[-75.6526,40.3397]}},{"type":"Feature","properties":{"id":3933,"t":"kort"},"geometry":{"type":"Point","coordinates":[-74.9303,40.3699]}},{"type":"Feature","properties":{"id":3934,"t":"kort"},"geometry":{"type":"Point","coordinates":[-75.2593,40.211]}},{"type":"Feature","properties":{"id":3935,"t":"kort"},"geometry":{"type":"Point","coordinates":[-80.628,40.4747]}},{"type":"Feature","properties":{"id":3936,"t":"kort"},"geometry":{"type":"Point","coordinates":[-83.1699,42.5713]}},{"type":"Feature","properties":{"id":3937,"t":"kort"},"geometry":{"type":"Point","coordinates":[-121.9027,37.6853]}},{"type":"Feature","properties":{"id":3938,"t":"kort"},"geometry":{"type":"Point","coordinates":[-78.8726,42.8858]}},{"type":"Feature","properties":{"id":3939,"t":"kort"},"geometry":{"type":"Point","coordinates":[-117.7931,33.731]}},{"type":"Feature","properties":{"id":3940,"t":"kort"},"geometry":{"type":"Point","coordinates":[-74.3929,40.7331]}},{"type":"Feature","properties":{"id":3941,"t":"kort"},"geometry":{"type":"Point","coordinates":[-79.77,34.193]}},{"type":"Feature","properties":{"id":3942,"t":"kort"},"geometry":{"type":"Point","coordinates":[-95.4426,29.0355]}},{"type":"Feature","properties":{"id":3943,"t":"kort"},"geometry":{"type":"Point","coordinates":[-77.7865,40.7823]}},{"type":"Feature","properties":{"id":3944,"t":"kort"},"geometry":{"type":"Point","coordinates":[-80.2182,35.4347]}},{"type":"Feature","properties":{"id":3945,"t":"kort"},"geometry":{"type":"Point","coordinates":[-85.2077,35.1687]}},{"type":"Feature","properties":{"id":3946,"t":"kort"},"geometry":{"type":"Point","coordinates":[-81.5863,38.3099]}},{"type":"Feature","properties":{"id":3947,"t":"kort"},"geometry":{"type":"Point","coordinates":[-81.7617,26.4681]}},{"type":"Feature","properties":{"id":3948,"t":"kort"},"geometry":{"type":"Point","coordinates":[-80.1153,26.099]}},{"type":"Feature","properties":{"id":3949,"t":"kort"},"geometry":{"type":"Point","coordinates":[-80.1051,40.682]}},{"type":"Feature","properties":{"id":3950,"t":"kort"},"geometry":{"type":"Point","coordinates":[-72.5161,42.0606]}},{"type":"Feature","properties":{"id":3951,"t":"kort"},"geometry":{"type":"Point","coordinates":[-75.6972,35.2137]}},{"type":"Feature","properties":{"id":3952,"t":"kort"},"geometry":{"type":"Point","coordinates":[-82.113,39.325]}},{"type":"Feature","properties":{"id":3953,"t":"half"},"geometry":{"type":"Point","coordinates":[-83.8338,34.3159]}},{"type":"Feature","properties":{"id":3954,"t":"kort"},"geometry":{"type":"Point","coordinates":[-81.2205,34.9901]}},{"type":"Feature","properties":{"id":3955,"t":"kort"},"geometry":{"type":"Point","coordinates":[-88.0136,43.3058]}},{"type":"Feature","properties":{"id":3956,"t":"kort"},"geometry":{"type":"Point","coordinates":[-78.9691,33.6376]}},{"type":"Feature","properties":{"id":3957,"t":"kort"},"geometry":{"type":"Point","coordinates":[-83.5781,34.097]}},{"type":"Feature","properties":{"id":3958,"t":"ultra"},"geometry":{"type":"Point","coordinates":[-84.0195,43.4697]}},{"type":"Feature","properties":{"id":3959,"t":"kort"},"geometry":{"type":"Point","coordinates":[-80.2211,26.3911]}},{"type":"Feature","properties":{"id":3960,"t":"kort"},"geometry":{"type":"Point","coordinates":[-81.0562,32.0545]}},{"type":"Feature","properties":{"id":3961,"t":"kort"},"geometry":{"type":"Point","coordinates":[-80.5547,35.6873]}},{"type":"Feature","properties":{"id":3962,"t":"kort"},"geometry":{"type":"Point","coordinates":[-77.6441,37.5175]}},{"type":"Feature","properties":{"id":3963,"t":"kort"},"geometry":{"type":"Point","coordinates":[-80.3779,27.6918]}},{"type":"Feature","properties":{"id":3964,"t":"kort"},"geometry":{"type":"Point","coordinates":[-77.1259,42.161]}},{"type":"Feature","properties":{"id":3965,"t":"kort"},"geometry":{"type":"Point","coordinates":[-81.7018,33.5113]}},{"type":"Feature","properties":{"id":3966,"t":"kort"},"geometry":{"type":"Point","coordinates":[-72.3005,42.9627]}},{"type":"Feature","properties":{"id":3967,"t":"kort"},"geometry":{"type":"Point","coordinates":[-87.5634,37.8234]}},{"type":"Feature","properties":{"id":3968,"t":"kort"},"geometry":{"type":"Point","coordinates":[-121.6999,37.9278]}},{"type":"Feature","properties":{"id":3969,"t":"kort"},"geometry":{"type":"Point","coordinates":[-119.61,38.8735]}},{"type":"Feature","properties":{"id":3970,"t":"kort"},"geometry":{"type":"Point","coordinates":[-120.888,35.437]}},{"type":"Feature","properties":{"id":3971,"t":"kort"},"geometry":{"type":"Point","coordinates":[-74.8428,40.5094]}},{"type":"Feature","properties":{"id":3972,"t":"kort"},"geometry":{"type":"Point","coordinates":[-81.4211,41.4576]}},{"type":"Feature","properties":{"id":3973,"t":"kort"},"geometry":{"type":"Point","coordinates":[-80.801,35.4824]}},{"type":"Feature","properties":{"id":3974,"t":"kort"},"geometry":{"type":"Point","coordinates":[-75.7124,36.0684]}},{"type":"Feature","properties":{"id":3975,"t":"kort"},"geometry":{"type":"Point","coordinates":[-97.4893,35.6649]}},{"type":"Feature","properties":{"id":3976,"t":"kort"},"geometry":{"type":"Point","coordinates":[-82.1334,27.8337]}},{"type":"Feature","properties":{"id":3977,"t":"kort"},"geometry":{"type":"Point","coordinates":[-93.8718,45.1806]}},{"type":"Feature","properties":{"id":3978,"t":"kort"},"geometry":{"type":"Point","coordinates":[-81.7946,26.1354]}},{"type":"Feature","properties":{"id":3979,"t":"kort"},"geometry":{"type":"Point","coordinates":[-104.7197,47.099]}},{"type":"Feature","properties":{"id":3980,"t":"kort"},"geometry":{"type":"Point","coordinates":[-83.6165,42.7813]}},{"type":"Feature","properties":{"id":3981,"t":"kort"},"geometry":{"type":"Point","coordinates":[-83.8965,35.8003]}},{"type":"Feature","properties":{"id":3982,"t":"kort"},"geometry":{"type":"Point","coordinates":[-81.4311,40.9687]}},{"type":"Feature","properties":{"id":3983,"t":"kort"},"geometry":{"type":"Point","coordinates":[-74.0164,42.4027]}},{"type":"Feature","properties":{"id":3984,"t":"kort"},"geometry":{"type":"Point","coordinates":[-77.6996,39.6647]}},{"type":"Feature","properties":{"id":3985,"t":"kort"},"geometry":{"type":"Point","coordinates":[-81.4434,41.2482]}},{"type":"Feature","properties":{"id":3986,"t":"kort"},"geometry":{"type":"Point","coordinates":[-92.0455,30.1855]}},{"type":"Feature","properties":{"id":3987,"t":"kort"},"geometry":{"type":"Point","coordinates":[-81.3518,41.1539]}},{"type":"Feature","properties":{"id":3988,"t":"kort"},"geometry":{"type":"Point","coordinates":[-117.9288,33.8696]}},{"type":"Feature","properties":{"id":3989,"t":"kort"},"geometry":{"type":"Point","coordinates":[-92.772,38.0271]}},{"type":"Feature","properties":{"id":3990,"t":"kort"},"geometry":{"type":"Point","coordinates":[-105.0825,40.4202]}},{"type":"Feature","properties":{"id":3991,"t":"kort"},"geometry":{"type":"Point","coordinates":[-74.4365,40.8928]}},{"type":"Feature","properties":{"id":3992,"t":"kort"},"geometry":{"type":"Point","coordinates":[-122.3144,47.9119]}},{"type":"Feature","properties":{"id":3993,"t":"kort"},"geometry":{"type":"Point","coordinates":[-85.5684,38.2593]}},{"type":"Feature","properties":{"id":3994,"t":"kort"},"geometry":{"type":"Point","coordinates":[-88.9913,42.4177]}},{"type":"Feature","properties":{"id":3995,"t":"kort"},"geometry":{"type":"Point","coordinates":[-118.5375,34.0489]}},{"type":"Feature","properties":{"id":3996,"t":"kort"},"geometry":{"type":"Point","coordinates":[-97.6264,30.4325]}},{"type":"Feature","properties":{"id":3997,"t":"kort"},"geometry":{"type":"Point","coordinates":[-73.9851,40.6695]}},{"type":"Feature","properties":{"id":3998,"t":"kort"},"geometry":{"type":"Point","coordinates":[-77.3456,38.9603]}},{"type":"Feature","properties":{"id":3999,"t":"kort"},"geometry":{"type":"Point","coordinates":[-119.8156,39.5366]}},{"type":"Feature","properties":{"id":4000,"t":"kort"},"geometry":{"type":"Point","coordinates":[-73.9936,40.9994]}},{"type":"Feature","properties":{"id":4001,"t":"kort"},"geometry":{"type":"Point","coordinates":[-94.8511,39.7957]}},{"type":"Feature","properties":{"id":4002,"t":"kort"},"geometry":{"type":"Point","coordinates":[-73.2351,41.4717]}},{"type":"Feature","properties":{"id":4003,"t":"kort"},"geometry":{"type":"Point","coordinates":[-77.0689,42.6661]}},{"type":"Feature","properties":{"id":4004,"t":"kort"},"geometry":{"type":"Point","coordinates":[-94.1817,33.4157]}},{"type":"Feature","properties":{"id":4005,"t":"ultra"},"geometry":{"type":"Point","coordinates":[-89.7043,41.3881]}},{"type":"Feature","properties":{"id":4006,"t":"kort"},"geometry":{"type":"Point","coordinates":[-122.4049,40.5655]}},{"type":"Feature","properties":{"id":4007,"t":"kort"},"geometry":{"type":"Point","coordinates":[-76.1882,42.5946]}},{"type":"Feature","properties":{"id":4008,"t":"kort"},"geometry":{"type":"Point","coordinates":[-71.7313,42.2836]}},{"type":"Feature","properties":{"id":4009,"t":"ultra"},"geometry":{"type":"Point","coordinates":[-82.2983,29.6975]}},{"type":"Feature","properties":{"id":4010,"t":"kort"},"geometry":{"type":"Point","coordinates":[-80.8179,35.2898]}},{"type":"Feature","properties":{"id":4011,"t":"kort"},"geometry":{"type":"Point","coordinates":[-87.0721,41.4565]}},{"type":"Feature","properties":{"id":4012,"t":"kort"},"geometry":{"type":"Point","coordinates":[-96.7346,40.3833]}},{"type":"Feature","properties":{"id":4013,"t":"kort"},"geometry":{"type":"Point","coordinates":[-85.2947,43.4299]}},{"type":"Feature","properties":{"id":4014,"t":"kort"},"geometry":{"type":"Point","coordinates":[-78.7946,35.5716]}},{"type":"Feature","properties":{"id":4015,"t":"kort"},"geometry":{"type":"Point","coordinates":[-76.5308,41.9824]}},{"type":"Feature","properties":{"id":4016,"t":"half"},"geometry":{"type":"Point","coordinates":[-80.8711,35.4771]}},{"type":"Feature","properties":{"id":4017,"t":"kort"},"geometry":{"type":"Point","coordinates":[-78.9222,33.6944]}},{"type":"Feature","properties":{"id":4018,"t":"kort"},"geometry":{"type":"Point","coordinates":[-82.3725,36.3095]}},{"type":"Feature","properties":{"id":4019,"t":"kort"},"geometry":{"type":"Point","coordinates":[-109.8655,32.9035]}},{"type":"Feature","properties":{"id":4020,"t":"kort"},"geometry":{"type":"Point","coordinates":[-76.7523,39.2836]}},{"type":"Feature","properties":{"id":4021,"t":"kort"},"geometry":{"type":"Point","coordinates":[-88.8231,35.6787]}},{"type":"Feature","properties":{"id":4022,"t":"kort"},"geometry":{"type":"Point","coordinates":[-76.8653,39.1101]}},{"type":"Feature","properties":{"id":4023,"t":"kort"},"geometry":{"type":"Point","coordinates":[-84.5483,33.9424]}},{"type":"Feature","properties":{"id":4024,"t":"kort"},"geometry":{"type":"Point","coordinates":[-95.2939,32.278]}},{"type":"Feature","properties":{"id":4025,"t":"kort"},"geometry":{"type":"Point","coordinates":[-117.1471,32.7235]}},{"type":"Feature","properties":{"id":4026,"t":"kort"},"geometry":{"type":"Point","coordinates":[-84.335,39.2543]}},{"type":"Feature","properties":{"id":4027,"t":"kort"},"geometry":{"type":"Point","coordinates":[-76.4215,37.6715]}},{"type":"Feature","properties":{"id":4028,"t":"kort"},"geometry":{"type":"Point","coordinates":[-87.1705,41.577]}},{"type":"Feature","properties":{"id":4029,"t":"kort"},"geometry":{"type":"Point","coordinates":[-80.8052,41.8607]}},{"type":"Feature","properties":{"id":4030,"t":"kort"},"geometry":{"type":"Point","coordinates":[-119.7105,39.5476]}},{"type":"Feature","properties":{"id":4031,"t":"kort"},"geometry":{"type":"Point","coordinates":[-84.3543,41.2861]}},{"type":"Feature","properties":{"id":4032,"t":"kort"},"geometry":{"type":"Point","coordinates":[-86.0252,30.2921]}},{"type":"Feature","properties":{"id":4033,"t":"kort"},"geometry":{"type":"Point","coordinates":[-95.8364,32.1913]}},{"type":"Feature","properties":{"id":4034,"t":"kort"},"geometry":{"type":"Point","coordinates":[-71.1181,42.3965]}},{"type":"Feature","properties":{"id":4035,"t":"kort"},"geometry":{"type":"Point","coordinates":[-86.6523,34.7335]}},{"type":"Feature","properties":{"id":4036,"t":"kort"},"geometry":{"type":"Point","coordinates":[-70.9535,42.2059]}},{"type":"Feature","properties":{"id":4037,"t":"kort"},"geometry":{"type":"Point","coordinates":[-81.4897,27.4615]}},{"type":"Feature","properties":{"id":4038,"t":"kort"},"geometry":{"type":"Point","coordinates":[-95.4805,30.1357]}},{"type":"Feature","properties":{"id":4039,"t":"kort"},"geometry":{"type":"Point","coordinates":[-89.3429,34.0136]}},{"type":"Feature","properties":{"id":4040,"t":"kort"},"geometry":{"type":"Point","coordinates":[-82.2326,41.2829]}},{"type":"Feature","properties":{"id":4041,"t":"kort"},"geometry":{"type":"Point","coordinates":[-81.2755,29.034]}},{"type":"Feature","properties":{"id":4042,"t":"kort"},"geometry":{"type":"Point","coordinates":[-90.4236,38.5781]}},{"type":"Feature","properties":{"id":4043,"t":"kort"},"geometry":{"type":"Point","coordinates":[-78.4862,38.0369]}},{"type":"Feature","properties":{"id":4044,"t":"kort"},"geometry":{"type":"Point","coordinates":[-85.7752,38.1537]}},{"type":"Feature","properties":{"id":4045,"t":"kort"},"geometry":{"type":"Point","coordinates":[-89.056,41.2894]}},{"type":"Feature","properties":{"id":4046,"t":"kort"},"geometry":{"type":"Point","coordinates":[-81.5311,39.2688]}},{"type":"Feature","properties":{"id":4047,"t":"kort"},"geometry":{"type":"Point","coordinates":[-85.6559,30.1532]}},{"type":"Feature","properties":{"id":4048,"t":"ultra"},"geometry":{"type":"Point","coordinates":[-97.5782,30.5317]}},{"type":"Feature","properties":{"id":4049,"t":"kort"},"geometry":{"type":"Point","coordinates":[-122.7715,44.9866]}},{"type":"Feature","properties":{"id":4050,"t":"kort"},"geometry":{"type":"Point","coordinates":[-87.29,33.824]}},{"type":"Feature","properties":{"id":4051,"t":"kort"},"geometry":{"type":"Point","coordinates":[-80.0122,35.9758]}},{"type":"Feature","properties":{"id":4052,"t":"kort"},"geometry":{"type":"Point","coordinates":[-73.9423,41.1417]}},{"type":"Feature","properties":{"id":4053,"t":"kort"},"geometry":{"type":"Point","coordinates":[-106.5017,31.7807]}},{"type":"Feature","properties":{"id":4054,"t":"kort"},"geometry":{"type":"Point","coordinates":[-77.4558,43.218]}},{"type":"Feature","properties":{"id":4055,"t":"kort"},"geometry":{"type":"Point","coordinates":[-87.8127,41.9174]}},{"type":"Feature","properties":{"id":4056,"t":"kort"},"geometry":{"type":"Point","coordinates":[-75.2493,40.0826]}},{"type":"Feature","properties":{"id":4057,"t":"kort"},"geometry":{"type":"Point","coordinates":[-97.4325,35.83]}},{"type":"Feature","properties":{"id":4058,"t":"kort"},"geometry":{"type":"Point","coordinates":[-92.7411,44.032]}},{"type":"Feature","properties":{"id":4059,"t":"kort"},"geometry":{"type":"Point","coordinates":[-98.4548,29.7689]}},{"type":"Feature","properties":{"id":4060,"t":"kort"},"geometry":{"type":"Point","coordinates":[-81.9459,26.6007]}},{"type":"Feature","properties":{"id":4061,"t":"kort"},"geometry":{"type":"Point","coordinates":[-122.0634,47.3899]}},{"type":"Feature","properties":{"id":4062,"t":"kort"},"geometry":{"type":"Point","coordinates":[-78.6551,33.8335]}},{"type":"Feature","properties":{"id":4063,"t":"kort"},"geometry":{"type":"Point","coordinates":[-84.627,38.8895]}},{"type":"Feature","properties":{"id":4064,"t":"kort"},"geometry":{"type":"Point","coordinates":[-71.0108,42.5908]}},{"type":"Feature","properties":{"id":4065,"t":"kort"},"geometry":{"type":"Point","coordinates":[-77.3481,38.9555]}},{"type":"Feature","properties":{"id":4066,"t":"kort"},"geometry":{"type":"Point","coordinates":[-82.0772,35.903]}},{"type":"Feature","properties":{"id":4067,"t":"kort"},"geometry":{"type":"Point","coordinates":[-78.9751,35.1888]}},{"type":"Feature","properties":{"id":4068,"t":"kort"},"geometry":{"type":"Point","coordinates":[-82.7248,27.9152]}},{"type":"Feature","properties":{"id":4069,"t":"kort"},"geometry":{"type":"Point","coordinates":[-95.18,30.0557]}},{"type":"Feature","properties":{"id":4070,"t":"kort"},"geometry":{"type":"Point","coordinates":[-73.9735,44.2806]}},{"type":"Feature","properties":{"id":4071,"t":"kort"},"geometry":{"type":"Point","coordinates":[-105.1356,39.9759]}},{"type":"Feature","properties":{"id":4072,"t":"kort"},"geometry":{"type":"Point","coordinates":[-81.863,28.5566]}},{"type":"Feature","properties":{"id":4073,"t":"kort"},"geometry":{"type":"Point","coordinates":[-85.144,34.2435]}},{"type":"Feature","properties":{"id":4074,"t":"kort"},"geometry":{"type":"Point","coordinates":[-106.6073,35.1849]}},{"type":"Feature","properties":{"id":4075,"t":"kort"},"geometry":{"type":"Point","coordinates":[-112.3949,33.479]}},{"type":"Feature","properties":{"id":4076,"t":"kort"},"geometry":{"type":"Point","coordinates":[-105.2961,40.0242]}},{"type":"Feature","properties":{"id":4077,"t":"kort"},"geometry":{"type":"Point","coordinates":[-79.2956,37.127]}},{"type":"Feature","properties":{"id":4078,"t":"kort"},"geometry":{"type":"Point","coordinates":[-93.6111,42.0293]}},{"type":"Feature","properties":{"id":4079,"t":"kort"},"geometry":{"type":"Point","coordinates":[-74.1804,42.9355]}},{"type":"Feature","properties":{"id":4080,"t":"kort"},"geometry":{"type":"Point","coordinates":[-79.2545,42.0904]}},{"type":"Feature","properties":{"id":4081,"t":"kort"},"geometry":{"type":"Point","coordinates":[-93.6386,41.7236]}},{"type":"Feature","properties":{"id":4082,"t":"kort"},"geometry":{"type":"Point","coordinates":[-76.4878,38.9568]}},{"type":"Feature","properties":{"id":4083,"t":"kort"},"geometry":{"type":"Point","coordinates":[-87.9816,42.0661]}},{"type":"Feature","properties":{"id":4084,"t":"kort"},"geometry":{"type":"Point","coordinates":[-77.0887,38.8821]}},{"type":"Feature","properties":{"id":4085,"t":"kort"},"geometry":{"type":"Point","coordinates":[-112.212,33.6344]}},{"type":"Feature","properties":{"id":4086,"t":"kort"},"geometry":{"type":"Point","coordinates":[-77.4855,39.0353]}},{"type":"Feature","properties":{"id":4087,"t":"kort"},"geometry":{"type":"Point","coordinates":[-74.1967,40.8112]}},{"type":"Feature","properties":{"id":4088,"t":"kort"},"geometry":{"type":"Point","coordinates":[-82.548,35.5951]}},{"type":"Feature","properties":{"id":4089,"t":"kort"},"geometry":{"type":"Point","coordinates":[-81.3379,41.3178]}},{"type":"Feature","properties":{"id":4090,"t":"kort"},"geometry":{"type":"Point","coordinates":[-71.5733,42.5595]}},{"type":"Feature","properties":{"id":4091,"t":"kort"},"geometry":{"type":"Point","coordinates":[-86.5821,39.1351]}},{"type":"Feature","properties":{"id":4092,"t":"kort"},"geometry":{"type":"Point","coordinates":[-155.0854,19.7041]}},{"type":"Feature","properties":{"id":4093,"t":"kort"},"geometry":{"type":"Point","coordinates":[-85.418,44.2462]}},{"type":"Feature","properties":{"id":4094,"t":"kort"},"geometry":{"type":"Point","coordinates":[-119.0936,35.2997]}},{"type":"Feature","properties":{"id":4095,"t":"kort"},"geometry":{"type":"Point","coordinates":[-75.0689,38.525]}},{"type":"Feature","properties":{"id":4096,"t":"kort"},"geometry":{"type":"Point","coordinates":[-88.3782,39.4878]}},{"type":"Feature","properties":{"id":4097,"t":"kort"},"geometry":{"type":"Point","coordinates":[-88.2475,39.2722]}},{"type":"Feature","properties":{"id":4098,"t":"kort"},"geometry":{"type":"Point","coordinates":[-69.8221,43.9008]}},{"type":"Feature","properties":{"id":4099,"t":"kort"},"geometry":{"type":"Point","coordinates":[-91.1873,30.4454]}},{"type":"Feature","properties":{"id":4100,"t":"kort"},"geometry":{"type":"Point","coordinates":[-89.4609,30.3044]}},{"type":"Feature","properties":{"id":4101,"t":"kort"},"geometry":{"type":"Point","coordinates":[-82.4184,28.1883]}},{"type":"Feature","properties":{"id":4102,"t":"kort"},"geometry":{"type":"Point","coordinates":[-74.1212,40.669]}},{"type":"Feature","properties":{"id":4103,"t":"kort"},"geometry":{"type":"Point","coordinates":[-74.9116,40.1717]}},{"type":"Feature","properties":{"id":4104,"t":"kort"},"geometry":{"type":"Point","coordinates":[-77.3547,35.5808]}},{"type":"Feature","properties":{"id":4105,"t":"kort"},"geometry":{"type":"Point","coordinates":[-86.4788,38.8691]}},{"type":"Feature","properties":{"id":4106,"t":"kort"},"geometry":{"type":"Point","coordinates":[-73.3901,41.3751]}},{"type":"Feature","properties":{"id":4107,"t":"kort"},"geometry":{"type":"Point","coordinates":[-95.4184,30.1344]}},{"type":"Feature","properties":{"id":4108,"t":"kort"},"geometry":{"type":"Point","coordinates":[-82.9296,39.9551]}},{"type":"Feature","properties":{"id":4109,"t":"kort"},"geometry":{"type":"Point","coordinates":[-116.9158,34.2316]}},{"type":"Feature","properties":{"id":4110,"t":"kort"},"geometry":{"type":"Point","coordinates":[-89.4459,43.0342]}},{"type":"Feature","properties":{"id":4111,"t":"ultra"},"geometry":{"type":"Point","coordinates":[-79.1024,35.9158]}},{"type":"Feature","properties":{"id":4112,"t":"kort"},"geometry":{"type":"Point","coordinates":[-121.9427,37.7634]}},{"type":"Feature","properties":{"id":4113,"t":"kort"},"geometry":{"type":"Point","coordinates":[-82.2897,35.5964]}},{"type":"Feature","properties":{"id":4114,"t":"kort"},"geometry":{"type":"Point","coordinates":[-80.4449,40.787]}},{"type":"Feature","properties":{"id":4115,"t":"kort"},"geometry":{"type":"Point","coordinates":[-80.4407,37.2617]}},{"type":"Feature","properties":{"id":4116,"t":"kort"},"geometry":{"type":"Point","coordinates":[-84.3334,34.8459]}},{"type":"Feature","properties":{"id":4117,"t":"kort"},"geometry":{"type":"Point","coordinates":[-76.7274,37.2748]}},{"type":"Feature","properties":{"id":4118,"t":"kort"},"geometry":{"type":"Point","coordinates":[-116.1994,43.6412]}},{"type":"Feature","properties":{"id":4119,"t":"kort"},"geometry":{"type":"Point","coordinates":[-86.1175,39.979]}},{"type":"Feature","properties":{"id":4120,"t":"kort"},"geometry":{"type":"Point","coordinates":[-93.8788,42.0634]}},{"type":"Feature","properties":{"id":4121,"t":"kort"},"geometry":{"type":"Point","coordinates":[-86.3995,35.836]}},{"type":"Feature","properties":{"id":4122,"t":"kort"},"geometry":{"type":"Point","coordinates":[-82.6062,27.4813]}},{"type":"Feature","properties":{"id":4123,"t":"kort"},"geometry":{"type":"Point","coordinates":[-77.5479,38.7339]}},{"type":"Feature","properties":{"id":4124,"t":"kort"},"geometry":{"type":"Point","coordinates":[-72.8061,41.2746]}},{"type":"Feature","properties":{"id":4125,"t":"kort"},"geometry":{"type":"Point","coordinates":[-96.6575,31.1536]}},{"type":"Feature","properties":{"id":4126,"t":"kort"},"geometry":{"type":"Point","coordinates":[-78.8058,41.2482]}},{"type":"Feature","properties":{"id":4127,"t":"kort"},"geometry":{"type":"Point","coordinates":[-105.0592,39.9149]}},{"type":"Feature","properties":{"id":4128,"t":"kort"},"geometry":{"type":"Point","coordinates":[-117.4053,47.6328]}},{"type":"Feature","properties":{"id":4129,"t":"kort"},"geometry":{"type":"Point","coordinates":[-106.1591,38.837]}},{"type":"Feature","properties":{"id":4130,"t":"kort"},"geometry":{"type":"Point","coordinates":[-88.2672,42.6644]}},{"type":"Feature","properties":{"id":4131,"t":"kort"},"geometry":{"type":"Point","coordinates":[-88.2691,42.661]}},{"type":"Feature","properties":{"id":4132,"t":"kort"},"geometry":{"type":"Point","coordinates":[-83.0134,40.0975]}},{"type":"Feature","properties":{"id":4133,"t":"kort"},"geometry":{"type":"Point","coordinates":[-111.3038,47.4926]}},{"type":"Feature","properties":{"id":4134,"t":"kort"},"geometry":{"type":"Point","coordinates":[-96.8173,46.8574]}},{"type":"Feature","properties":{"id":4135,"t":"kort"},"geometry":{"type":"Point","coordinates":[-79.8112,40.1662]}},{"type":"Feature","properties":{"id":4136,"t":"kort"},"geometry":{"type":"Point","coordinates":[-92.0203,34.9543]}},{"type":"Feature","properties":{"id":4137,"t":"kort"},"geometry":{"type":"Point","coordinates":[-78.5759,33.9131]}},{"type":"Feature","properties":{"id":4138,"t":"kort"},"geometry":{"type":"Point","coordinates":[-73.3864,43.045]}},{"type":"Feature","properties":{"id":4139,"t":"kort"},"geometry":{"type":"Point","coordinates":[-76.5352,38.9049]}},{"type":"Feature","properties":{"id":4140,"t":"kort"},"geometry":{"type":"Point","coordinates":[-77.14,34.6959]}},{"type":"Feature","properties":{"id":4141,"t":"kort"},"geometry":{"type":"Point","coordinates":[-77.9479,34.2343]}},{"type":"Feature","properties":{"id":4142,"t":"kort"},"geometry":{"type":"Point","coordinates":[-77.2015,40.2413]}},{"type":"Feature","properties":{"id":4143,"t":"kort"},"geometry":{"type":"Point","coordinates":[-97.3815,31.0702]}},{"type":"Feature","properties":{"id":4144,"t":"kort"},"geometry":{"type":"Point","coordinates":[-118.2101,34.2155]}},{"type":"Feature","properties":{"id":4145,"t":"kort"},"geometry":{"type":"Point","coordinates":[-91.6446,41.9683]}},{"type":"Feature","properties":{"id":4146,"t":"kort"},"geometry":{"type":"Point","coordinates":[-96.7553,33.3097]}},{"type":"Feature","properties":{"id":4147,"t":"kort"},"geometry":{"type":"Point","coordinates":[-93.5366,44.8765]}},{"type":"Feature","properties":{"id":4148,"t":"kort"},"geometry":{"type":"Point","coordinates":[-82.0612,26.906]}},{"type":"Feature","properties":{"id":4149,"t":"kort"},"geometry":{"type":"Point","coordinates":[-78.5553,38.096]}},{"type":"Feature","properties":{"id":4150,"t":"kort"},"geometry":{"type":"Point","coordinates":[-76.4073,39.3311]}},{"type":"Feature","properties":{"id":4151,"t":"kort"},"geometry":{"type":"Point","coordinates":[-69.977,41.6797]}},{"type":"Feature","properties":{"id":4152,"t":"kort"},"geometry":{"type":"Point","coordinates":[-75.7243,40.0143]}},{"type":"Feature","properties":{"id":4153,"t":"kort"},"geometry":{"type":"Point","coordinates":[-90.5425,38.6519]}},{"type":"Feature","properties":{"id":4154,"t":"kort"},"geometry":{"type":"Point","coordinates":[-77.555,37.3913]}},{"type":"Feature","properties":{"id":4155,"t":"kort"},"geometry":{"type":"Point","coordinates":[-90.6172,38.634]}},{"type":"Feature","properties":{"id":4156,"t":"kort"},"geometry":{"type":"Point","coordinates":[-87.6149,41.8888]}},{"type":"Feature","properties":{"id":4157,"t":"kort"},"geometry":{"type":"Point","coordinates":[-78.9973,34.6355]}},{"type":"Feature","properties":{"id":4158,"t":"kort"},"geometry":{"type":"Point","coordinates":[-82.1362,28.0074]}},{"type":"Feature","properties":{"id":4159,"t":"kort"},"geometry":{"type":"Point","coordinates":[-82.9275,39.6022]}},{"type":"Feature","properties":{"id":4160,"t":"kort"},"geometry":{"type":"Point","coordinates":[-88.9893,40.4789]}},{"type":"Feature","properties":{"id":4161,"t":"kort"},"geometry":{"type":"Point","coordinates":[-121.3018,38.886]}},{"type":"Feature","properties":{"id":4162,"t":"kort"},"geometry":{"type":"Point","coordinates":[-117.6551,34.1434]}},{"type":"Feature","properties":{"id":4163,"t":"kort"},"geometry":{"type":"Point","coordinates":[-123.4419,48.1163]}},{"type":"Feature","properties":{"id":4164,"t":"kort"},"geometry":{"type":"Point","coordinates":[-117.7073,34.1072]}},{"type":"Feature","properties":{"id":4165,"t":"kort"},"geometry":{"type":"Point","coordinates":[-87.1273,39.5262]}},{"type":"Feature","properties":{"id":4166,"t":"kort"},"geometry":{"type":"Point","coordinates":[-87.8415,37.4786]}},{"type":"Feature","properties":{"id":4167,"t":"kort"},"geometry":{"type":"Point","coordinates":[-81.6683,41.513]}},{"type":"Feature","properties":{"id":4168,"t":"kort"},"geometry":{"type":"Point","coordinates":[-119.7051,36.8135]}},{"type":"Feature","properties":{"id":4169,"t":"kort"},"geometry":{"type":"Point","coordinates":[-120.3381,36.1546]}},{"type":"Feature","properties":{"id":4170,"t":"kort"},"geometry":{"type":"Point","coordinates":[-80.6204,28.3419]}},{"type":"Feature","properties":{"id":4171,"t":"kort"},"geometry":{"type":"Point","coordinates":[-83.3922,35.1868]}},{"type":"Feature","properties":{"id":4172,"t":"kort"},"geometry":{"type":"Point","coordinates":[-73.1329,41.3091]}},{"type":"Feature","properties":{"id":4173,"t":"kort"},"geometry":{"type":"Point","coordinates":[-121.9868,37.9589]}},{"type":"Feature","properties":{"id":4174,"t":"kort"},"geometry":{"type":"Point","coordinates":[-71.4083,41.8383]}},{"type":"Feature","properties":{"id":4175,"t":"kort"},"geometry":{"type":"Point","coordinates":[-85.3871,40.4561]}},{"type":"Feature","properties":{"id":4176,"t":"kort"},"geometry":{"type":"Point","coordinates":[-75.8257,36.3118]}},{"type":"Feature","properties":{"id":4177,"t":"kort"},"geometry":{"type":"Point","coordinates":[-97.0701,36.1081]}},{"type":"Feature","properties":{"id":4178,"t":"kort"},"geometry":{"type":"Point","coordinates":[-80.7962,35.1579]}},{"type":"Feature","properties":{"id":4179,"t":"half"},"geometry":{"type":"Point","coordinates":[-97.3854,32.746]}},{"type":"Feature","properties":{"id":4180,"t":"kort"},"geometry":{"type":"Point","coordinates":[-112.0198,46.6127]}},{"type":"Feature","properties":{"id":4181,"t":"kort"},"geometry":{"type":"Point","coordinates":[-74.2615,40.7471]}},{"type":"Feature","properties":{"id":4182,"t":"kort"},"geometry":{"type":"Point","coordinates":[-93.0844,37.6463]}},{"type":"Feature","properties":{"id":4183,"t":"kort"},"geometry":{"type":"Point","coordinates":[-83.5324,41.6602]}},{"type":"Feature","properties":{"id":4184,"t":"kort"},"geometry":{"type":"Point","coordinates":[-96.0505,44.9335]}},{"type":"Feature","properties":{"id":4185,"t":"kort"},"geometry":{"type":"Point","coordinates":[-81.0083,29.2303]}},{"type":"Feature","properties":{"id":4186,"t":"kort"},"geometry":{"type":"Point","coordinates":[-83.0721,40.2832]}},{"type":"Feature","properties":{"id":4187,"t":"kort"},"geometry":{"type":"Point","coordinates":[-75.3726,39.8811]}},{"type":"Feature","properties":{"id":4188,"t":"kort"},"geometry":{"type":"Point","coordinates":[-88.4126,39.0357]}},{"type":"Feature","properties":{"id":4189,"t":"kort"},"geometry":{"type":"Point","coordinates":[-83.4604,45.077]}},{"type":"Feature","properties":{"id":4190,"t":"kort"},"geometry":{"type":"Point","coordinates":[-87.7222,43.7432]}},{"type":"Feature","properties":{"id":4191,"t":"kort"},"geometry":{"type":"Point","coordinates":[-76.8786,39.2199]}},{"type":"Feature","properties":{"id":4192,"t":"kort"},"geometry":{"type":"Point","coordinates":[-97.1307,33.2305]}},{"type":"Feature","properties":{"id":4193,"t":"kort"},"geometry":{"type":"Point","coordinates":[-86.9263,38.365]}},{"type":"Feature","properties":{"id":4194,"t":"kort"},"geometry":{"type":"Point","coordinates":[-79.4029,36.6128]}},{"type":"Feature","properties":{"id":4195,"t":"kort"},"geometry":{"type":"Point","coordinates":[-90.3725,38.4927]}},{"type":"Feature","properties":{"id":4196,"t":"kort"},"geometry":{"type":"Point","coordinates":[-92.4563,35.0831]}},{"type":"Feature","properties":{"id":4197,"t":"kort"},"geometry":{"type":"Point","coordinates":[-91.2278,43.7889]}},{"type":"Feature","properties":{"id":4198,"t":"kort"},"geometry":{"type":"Point","coordinates":[-121.8833,37.3325]}},{"type":"Feature","properties":{"id":4199,"t":"kort"},"geometry":{"type":"Point","coordinates":[-86.4114,39.7549]}},{"type":"Feature","properties":{"id":4200,"t":"kort"},"geometry":{"type":"Point","coordinates":[-76.1757,43.1107]}},{"type":"Feature","properties":{"id":4201,"t":"kort"},"geometry":{"type":"Point","coordinates":[-77.666,42.8149]}},{"type":"Feature","properties":{"id":4202,"t":"kort"},"geometry":{"type":"Point","coordinates":[-96.736,43.5552]}},{"type":"Feature","properties":{"id":4203,"t":"kort"},"geometry":{"type":"Point","coordinates":[-77.3356,38.9559]}},{"type":"Feature","properties":{"id":4204,"t":"kort"},"geometry":{"type":"Point","coordinates":[-85.775,35.6876]}},{"type":"Feature","properties":{"id":4205,"t":"kort"},"geometry":{"type":"Point","coordinates":[-85.7802,39.5005]}},{"type":"Feature","properties":{"id":4206,"t":"kort"},"geometry":{"type":"Point","coordinates":[-80.1868,36.0471]}},{"type":"Feature","properties":{"id":4207,"t":"kort"},"geometry":{"type":"Point","coordinates":[-81.5156,29.9433]}},{"type":"Feature","properties":{"id":4208,"t":"half"},"geometry":{"type":"Point","coordinates":[-83.5034,42.5826]}},{"type":"Feature","properties":{"id":4209,"t":"half"},"geometry":{"type":"Point","coordinates":[-79.4334,35.8998]}},{"type":"Feature","properties":{"id":4210,"t":"kort"},"geometry":{"type":"Point","coordinates":[-74.2743,40.241]}},{"type":"Feature","properties":{"id":4211,"t":"kort"},"geometry":{"type":"Point","coordinates":[-111.9569,41.3178]}},{"type":"Feature","properties":{"id":4212,"t":"kort"},"geometry":{"type":"Point","coordinates":[-105.9938,38.5319]}},{"type":"Feature","properties":{"id":4213,"t":"ultra"},"geometry":{"type":"Point","coordinates":[-97.5019,30.1056]}},{"type":"Feature","properties":{"id":4214,"t":"kort"},"geometry":{"type":"Point","coordinates":[-86.2365,42.5125]}},{"type":"Feature","properties":{"id":4215,"t":"kort"},"geometry":{"type":"Point","coordinates":[-75.07,38.7269]}},{"type":"Feature","properties":{"id":4216,"t":"kort"},"geometry":{"type":"Point","coordinates":[-87.6551,41.7]}},{"type":"Feature","properties":{"id":4217,"t":"kort"},"geometry":{"type":"Point","coordinates":[-89.1231,42.287]}},{"type":"Feature","properties":{"id":4218,"t":"kort"},"geometry":{"type":"Point","coordinates":[-81.823,38.3822]}},{"type":"Feature","properties":{"id":4219,"t":"half"},"geometry":{"type":"Point","coordinates":[-81.9464,33.5175]}},{"type":"Feature","properties":{"id":4220,"t":"kort"},"geometry":{"type":"Point","coordinates":[-94.6647,37.0728]}},{"type":"Feature","properties":{"id":4221,"t":"ultra"},"geometry":{"type":"Point","coordinates":[-122.2688,47.5364]}},{"type":"Feature","properties":{"id":4222,"t":"kort"},"geometry":{"type":"Point","coordinates":[-119.2554,35.7619]}},{"type":"Feature","properties":{"id":4223,"t":"kort"},"geometry":{"type":"Point","coordinates":[-76.7209,37.2814]}},{"type":"Feature","properties":{"id":4224,"t":"kort"},"geometry":{"type":"Point","coordinates":[-96.6273,33.2042]}},{"type":"Feature","properties":{"id":4225,"t":"kort"},"geometry":{"type":"Point","coordinates":[-74.3581,39.4067]}},{"type":"Feature","properties":{"id":4226,"t":"kort"},"geometry":{"type":"Point","coordinates":[-87.8815,42.5994]}},{"type":"Feature","properties":{"id":4227,"t":"kort"},"geometry":{"type":"Point","coordinates":[-80.7446,35.1832]}},{"type":"Feature","properties":{"id":4228,"t":"kort"},"geometry":{"type":"Point","coordinates":[-82.4951,35.4513]}},{"type":"Feature","properties":{"id":4229,"t":"kort"},"geometry":{"type":"Point","coordinates":[-81.0868,35.2618]}},{"type":"Feature","properties":{"id":4230,"t":"kort"},"geometry":{"type":"Point","coordinates":[-74.4068,42.4204]}},{"type":"Feature","properties":{"id":4231,"t":"half"},"geometry":{"type":"Point","coordinates":[-84.3929,39.1599]}},{"type":"Feature","properties":{"id":4232,"t":"kort"},"geometry":{"type":"Point","coordinates":[-75.3725,43.0666]}},{"type":"Feature","properties":{"id":4233,"t":"half"},"geometry":{"type":"Point","coordinates":[-87.5723,30.2834]}},{"type":"Feature","properties":{"id":4234,"t":"half"},"geometry":{"type":"Point","coordinates":[-84.4215,33.8394]}},{"type":"Feature","properties":{"id":4235,"t":"half"},"geometry":{"type":"Point","coordinates":[-97.8291,30.5014]}},{"type":"Feature","properties":{"id":4236,"t":"half"},"geometry":{"type":"Point","coordinates":[-87.6612,41.9659]}},{"type":"Feature","properties":{"id":4237,"t":"half"},"geometry":{"type":"Point","coordinates":[-97.3962,32.7478]}},{"type":"Feature","properties":{"id":4238,"t":"half"},"geometry":{"type":"Point","coordinates":[-104.7359,39.5984]}},{"type":"Feature","properties":{"id":4239,"t":"half"},"geometry":{"type":"Point","coordinates":[-95.4056,29.7563]}},{"type":"Feature","properties":{"id":4240,"t":"half"},"geometry":{"type":"Point","coordinates":[-94.5687,39.0271]}},{"type":"Feature","properties":{"id":4241,"t":"half"},"geometry":{"type":"Point","coordinates":[-115.0985,36.0828]}},{"type":"Feature","properties":{"id":4242,"t":"half"},"geometry":{"type":"Point","coordinates":[-118.5275,34.0457]}},{"type":"Feature","properties":{"id":4243,"t":"half"},"geometry":{"type":"Point","coordinates":[-90.0438,35.1376]}},{"type":"Feature","properties":{"id":4244,"t":"half"},"geometry":{"type":"Point","coordinates":[-80.1587,25.6901]}},{"type":"Feature","properties":{"id":4245,"t":"half"},"geometry":{"type":"Point","coordinates":[-75.102,39.9421]}},{"type":"Feature","properties":{"id":4246,"t":"half"},"geometry":{"type":"Point","coordinates":[-73.9969,40.7414]}},{"type":"Feature","properties":{"id":4247,"t":"half"},"geometry":{"type":"Point","coordinates":[-75.102,39.9367]}},{"type":"Feature","properties":{"id":4248,"t":"half"},"geometry":{"type":"Point","coordinates":[-111.9975,33.4918]}},{"type":"Feature","properties":{"id":4249,"t":"half"},"geometry":{"type":"Point","coordinates":[-121.458,38.5736]}},{"type":"Feature","properties":{"id":4250,"t":"half"},"geometry":{"type":"Point","coordinates":[-98.4907,29.4358]}},{"type":"Feature","properties":{"id":4251,"t":"half"},"geometry":{"type":"Point","coordinates":[-117.2515,32.8051]}},{"type":"Feature","properties":{"id":4252,"t":"half"},"geometry":{"type":"Point","coordinates":[-122.331,37.5833]}},{"type":"Feature","properties":{"id":4253,"t":"half"},"geometry":{"type":"Point","coordinates":[-122.3066,47.6811]}},{"type":"Feature","properties":{"id":4254,"t":"half"},"geometry":{"type":"Point","coordinates":[-82.5683,28.0133]}},{"type":"Feature","properties":{"id":4255,"t":"kort"},"geometry":{"type":"Point","coordinates":[-81.4056,31.0682]}},{"type":"Feature","properties":{"id":4256,"t":"kort"},"geometry":{"type":"Point","coordinates":[-83.0154,39.9751]}},{"type":"Feature","properties":{"id":4257,"t":"kort"},"geometry":{"type":"Point","coordinates":[-83.7573,40.2717]}},{"type":"Feature","properties":{"id":4258,"t":"half"},"geometry":{"type":"Point","coordinates":[-84.2403,39.7534]}},{"type":"Feature","properties":{"id":4259,"t":"kort"},"geometry":{"type":"Point","coordinates":[-119.2815,46.244]}},{"type":"Feature","properties":{"id":4260,"t":"kort"},"geometry":{"type":"Point","coordinates":[-75.0597,38.5354]}},{"type":"Feature","properties":{"id":4261,"t":"kort"},"geometry":{"type":"Point","coordinates":[-74.4012,40.8601]}},{"type":"Feature","properties":{"id":4262,"t":"kort"},"geometry":{"type":"Point","coordinates":[-75.1586,40.3004]}},{"type":"Feature","properties":{"id":4263,"t":"kort"},"geometry":{"type":"Point","coordinates":[-76.3015,39.4672]}},{"type":"Feature","properties":{"id":4264,"t":"kort"},"geometry":{"type":"Point","coordinates":[-75.9261,42.1221]}},{"type":"Feature","properties":{"id":4265,"t":"kort"},"geometry":{"type":"Point","coordinates":[-83.4327,41.8142]}},{"type":"Feature","properties":{"id":4266,"t":"kort"},"geometry":{"type":"Point","coordinates":[-86.5503,34.6299]}},{"type":"Feature","properties":{"id":4267,"t":"kort"},"geometry":{"type":"Point","coordinates":[-81.8151,26.4966]}},{"type":"Feature","properties":{"id":4268,"t":"kort"},"geometry":{"type":"Point","coordinates":[-111.1492,45.7755]}},{"type":"Feature","properties":{"id":4269,"t":"kort"},"geometry":{"type":"Point","coordinates":[-82.3254,28.2457]}},{"type":"Feature","properties":{"id":4270,"t":"kort"},"geometry":{"type":"Point","coordinates":[-76.9907,35.1158]}},{"type":"Feature","properties":{"id":4271,"t":"kort"},"geometry":{"type":"Point","coordinates":[-84.1942,40.0388]}},{"type":"Feature","properties":{"id":4272,"t":"half"},"geometry":{"type":"Point","coordinates":[-80.8785,35.5928]}},{"type":"Feature","properties":{"id":4273,"t":"ultra"},"geometry":{"type":"Point","coordinates":[-105.9497,35.4317]}},{"type":"Feature","properties":{"id":4274,"t":"kort"},"geometry":{"type":"Point","coordinates":[-93.0473,44.9656]}},{"type":"Feature","properties":{"id":4275,"t":"kort"},"geometry":{"type":"Point","coordinates":[-87.5598,38.0585]}},{"type":"Feature","properties":{"id":4276,"t":"kort"},"geometry":{"type":"Point","coordinates":[-96.3199,30.5206]}},{"type":"Feature","properties":{"id":4277,"t":"kort"},"geometry":{"type":"Point","coordinates":[-74.9937,40.3578]}},{"type":"Feature","properties":{"id":4278,"t":"kort"},"geometry":{"type":"Point","coordinates":[-109.3482,36.7723]}},{"type":"Feature","properties":{"id":4279,"t":"kort"},"geometry":{"type":"Point","coordinates":[-77.1029,35.1066]}},{"type":"Feature","properties":{"id":4280,"t":"kort"},"geometry":{"type":"Point","coordinates":[-82.353,27.0684]}},{"type":"Feature","properties":{"id":4281,"t":"marathon"},"geometry":{"type":"Point","coordinates":[-98.489,29.4175]}},{"type":"Feature","properties":{"id":4282,"t":"marathon"},"geometry":{"type":"Point","coordinates":[-98.4983,29.4265]}},{"type":"Feature","properties":{"id":4283,"t":"kort"},"geometry":{"type":"Point","coordinates":[-81.6848,30.3417]}},{"type":"Feature","properties":{"id":4284,"t":"kort"},"geometry":{"type":"Point","coordinates":[-81.6773,30.3363]}},{"type":"Feature","properties":{"id":4285,"t":"kort"},"geometry":{"type":"Point","coordinates":[-85.0799,33.5818]}},{"type":"Feature","properties":{"id":4286,"t":"kort"},"geometry":{"type":"Point","coordinates":[-86.2231,39.8614]}},{"type":"Feature","properties":{"id":4287,"t":"kort"},"geometry":{"type":"Point","coordinates":[-76.6154,39.2623]}},{"type":"Feature","properties":{"id":4288,"t":"kort"},"geometry":{"type":"Point","coordinates":[-74.5919,41.6202]}},{"type":"Feature","properties":{"id":4289,"t":"kort"},"geometry":{"type":"Point","coordinates":[-122.2613,38.1578]}},{"type":"Feature","properties":{"id":4290,"t":"kort"},"geometry":{"type":"Point","coordinates":[-89.9785,38.5069]}},{"type":"Feature","properties":{"id":4291,"t":"kort"},"geometry":{"type":"Point","coordinates":[-92.4137,34.7499]}},{"type":"Feature","properties":{"id":4292,"t":"kort"},"geometry":{"type":"Point","coordinates":[-81.5052,27.6027]}},{"type":"Feature","properties":{"id":4293,"t":"kort"},"geometry":{"type":"Point","coordinates":[-84.3466,33.785]}},{"type":"Feature","properties":{"id":4294,"t":"kort"},"geometry":{"type":"Point","coordinates":[-97.8205,30.4972]}},{"type":"Feature","properties":{"id":4295,"t":"kort"},"geometry":{"type":"Point","coordinates":[-76.6488,39.3056]}},{"type":"Feature","properties":{"id":4296,"t":"kort"},"geometry":{"type":"Point","coordinates":[-86.8004,33.4703]}},{"type":"Feature","properties":{"id":4297,"t":"kort"},"geometry":{"type":"Point","coordinates":[-71.7796,42.2487]}},{"type":"Feature","properties":{"id":4298,"t":"kort"},"geometry":{"type":"Point","coordinates":[-81.5294,41.4759]}},{"type":"Feature","properties":{"id":4299,"t":"kort"},"geometry":{"type":"Point","coordinates":[-83.0052,39.9613]}},{"type":"Feature","properties":{"id":4300,"t":"kort"},"geometry":{"type":"Point","coordinates":[-72.863,41.3736]}},{"type":"Feature","properties":{"id":4301,"t":"kort"},"geometry":{"type":"Point","coordinates":[-96.8487,46.7922]}},{"type":"Feature","properties":{"id":4302,"t":"kort"},"geometry":{"type":"Point","coordinates":[-86.0335,39.9559]}},{"type":"Feature","properties":{"id":4303,"t":"kort"},"geometry":{"type":"Point","coordinates":[-83.9655,35.9987]}},{"type":"Feature","properties":{"id":4304,"t":"kort"},"geometry":{"type":"Point","coordinates":[-92.2724,34.7447]}},{"type":"Feature","properties":{"id":4305,"t":"kort"},"geometry":{"type":"Point","coordinates":[-73.6067,40.7176]}},{"type":"Feature","properties":{"id":4306,"t":"kort"},"geometry":{"type":"Point","coordinates":[-118.301,34.1094]}},{"type":"Feature","properties":{"id":4307,"t":"kort"},"geometry":{"type":"Point","coordinates":[-85.5697,38.2993]}},{"type":"Feature","properties":{"id":4308,"t":"kort"},"geometry":{"type":"Point","coordinates":[-77.3225,39.2076]}},{"type":"Feature","properties":{"id":4309,"t":"kort"},"geometry":{"type":"Point","coordinates":[-86.7481,36.1866]}},{"type":"Feature","properties":{"id":4310,"t":"kort"},"geometry":{"type":"Point","coordinates":[-96.0426,41.1597]}},{"type":"Feature","properties":{"id":4311,"t":"kort"},"geometry":{"type":"Point","coordinates":[-74.1695,40.3903]}},{"type":"Feature","properties":{"id":4312,"t":"kort"},"geometry":{"type":"Point","coordinates":[-76.4704,37.0636]}},{"type":"Feature","properties":{"id":4313,"t":"kort"},"geometry":{"type":"Point","coordinates":[-117.8621,33.8428]}},{"type":"Feature","properties":{"id":4314,"t":"kort"},"geometry":{"type":"Point","coordinates":[-79.9869,40.4384]}},{"type":"Feature","properties":{"id":4315,"t":"kort"},"geometry":{"type":"Point","coordinates":[-78.7908,35.7643]}},{"type":"Feature","properties":{"id":4316,"t":"kort"},"geometry":{"type":"Point","coordinates":[-111.8628,40.7142]}},{"type":"Feature","properties":{"id":4317,"t":"kort"},"geometry":{"type":"Point","coordinates":[-76.4651,38.3269]}},{"type":"Feature","properties":{"id":4318,"t":"kort"},"geometry":{"type":"Point","coordinates":[-93.2888,37.2001]}},{"type":"Feature","properties":{"id":4319,"t":"kort"},"geometry":{"type":"Point","coordinates":[-95.8951,35.9394]}},{"type":"Feature","properties":{"id":4320,"t":"kort"},"geometry":{"type":"Point","coordinates":[-84.4884,34.2451]}},{"type":"Feature","properties":{"id":4321,"t":"kort"},"geometry":{"type":"Point","coordinates":[-106.8126,39.1923]}},{"type":"Feature","properties":{"id":4322,"t":"kort"},"geometry":{"type":"Point","coordinates":[-82.4702,27.9407]}},{"type":"Feature","properties":{"id":4323,"t":"kort"},"geometry":{"type":"Point","coordinates":[-80.4116,27.6382]}},{"type":"Feature","properties":{"id":4324,"t":"kort"},"geometry":{"type":"Point","coordinates":[-94.4947,31.5573]}},{"type":"Feature","properties":{"id":4325,"t":"kort"},"geometry":{"type":"Point","coordinates":[-76.7367,34.6919]}},{"type":"Feature","properties":{"id":4326,"t":"kort"},"geometry":{"type":"Point","coordinates":[-81.0069,34.9189]}},{"type":"Feature","properties":{"id":4327,"t":"kort"},"geometry":{"type":"Point","coordinates":[-98.2704,30.7746]}},{"type":"Feature","properties":{"id":4328,"t":"kort"},"geometry":{"type":"Point","coordinates":[-90.3272,32.3315]}},{"type":"Feature","properties":{"id":4329,"t":"kort"},"geometry":{"type":"Point","coordinates":[-88.2649,30.7552]}},{"type":"Feature","properties":{"id":4330,"t":"kort"},"geometry":{"type":"Point","coordinates":[-94.8334,31.3509]}},{"type":"Feature","properties":{"id":4331,"t":"kort"},"geometry":{"type":"Point","coordinates":[-105.1086,39.8772]}},{"type":"Feature","properties":{"id":4332,"t":"kort"},"geometry":{"type":"Point","coordinates":[-82.6344,34.5325]}},{"type":"Feature","properties":{"id":4333,"t":"kort"},"geometry":{"type":"Point","coordinates":[-82.6346,27.7747]}},{"type":"Feature","properties":{"id":4334,"t":"kort"},"geometry":{"type":"Point","coordinates":[-81.4915,40.8116]}},{"type":"Feature","properties":{"id":4335,"t":"kort"},"geometry":{"type":"Point","coordinates":[-85.234,44.9827]}},{"type":"Feature","properties":{"id":4336,"t":"kort"},"geometry":{"type":"Point","coordinates":[-74.0518,40.2451]}},{"type":"Feature","properties":{"id":4337,"t":"kort"},"geometry":{"type":"Point","coordinates":[-80.5472,40.5997]}},{"type":"Feature","properties":{"id":4338,"t":"kort"},"geometry":{"type":"Point","coordinates":[-81.6715,29.6591]}},{"type":"Feature","properties":{"id":4339,"t":"kort"},"geometry":{"type":"Point","coordinates":[-81.553,40.1549]}},{"type":"Feature","properties":{"id":4340,"t":"kort"},"geometry":{"type":"Point","coordinates":[-86.8346,33.3907]}},{"type":"Feature","properties":{"id":4341,"t":"kort"},"geometry":{"type":"Point","coordinates":[-78.8892,37.8964]}},{"type":"Feature","properties":{"id":4342,"t":"kort"},"geometry":{"type":"Point","coordinates":[-97.0814,32.7284]}},{"type":"Feature","properties":{"id":4343,"t":"kort"},"geometry":{"type":"Point","coordinates":[-95.8263,29.4099]}},{"type":"Feature","properties":{"id":4344,"t":"kort"},"geometry":{"type":"Point","coordinates":[-86.1283,39.8677]}},{"type":"Feature","properties":{"id":4345,"t":"kort"},"geometry":{"type":"Point","coordinates":[-117.8611,34.0095]}},{"type":"Feature","properties":{"id":4346,"t":"kort"},"geometry":{"type":"Point","coordinates":[-78.8799,42.8951]}},{"type":"Feature","properties":{"id":4347,"t":"kort"},"geometry":{"type":"Point","coordinates":[-84.4769,34.4568]}},{"type":"Feature","properties":{"id":4348,"t":"kort"},"geometry":{"type":"Point","coordinates":[-74.9034,40.1757]}},{"type":"Feature","properties":{"id":4349,"t":"kort"},"geometry":{"type":"Point","coordinates":[-86.5204,42.0242]}},{"type":"Feature","properties":{"id":4350,"t":"kort"},"geometry":{"type":"Point","coordinates":[-104.8274,38.796]}},{"type":"Feature","properties":{"id":4351,"t":"kort"},"geometry":{"type":"Point","coordinates":[-96.5992,32.8471]}},{"type":"Feature","properties":{"id":4352,"t":"kort"},"geometry":{"type":"Point","coordinates":[-92.8981,44.9932]}},{"type":"Feature","properties":{"id":4353,"t":"kort"},"geometry":{"type":"Point","coordinates":[-85.4905,38.2615]}},{"type":"Feature","properties":{"id":4354,"t":"kort"},"geometry":{"type":"Point","coordinates":[-77.3295,39.4461]}},{"type":"Feature","properties":{"id":4355,"t":"kort"},"geometry":{"type":"Point","coordinates":[-87.0903,37.7489]}},{"type":"Feature","properties":{"id":4356,"t":"kort"},"geometry":{"type":"Point","coordinates":[-81.7552,26.252]}},{"type":"Feature","properties":{"id":4357,"t":"kort"},"geometry":{"type":"Point","coordinates":[-122.1299,47.7616]}},{"type":"Feature","properties":{"id":4358,"t":"kort"},"geometry":{"type":"Point","coordinates":[-85.2382,45.2562]}},{"type":"Feature","properties":{"id":4359,"t":"kort"},"geometry":{"type":"Point","coordinates":[-104.8466,38.9326]}},{"type":"Feature","properties":{"id":4360,"t":"kort"},"geometry":{"type":"Point","coordinates":[-76.2332,36.6336]}},{"type":"Feature","properties":{"id":4361,"t":"kort"},"geometry":{"type":"Point","coordinates":[-81.6201,38.3534]}},{"type":"Feature","properties":{"id":4362,"t":"ultra"},"geometry":{"type":"Point","coordinates":[-75.3206,40.0053]}},{"type":"Feature","properties":{"id":4363,"t":"kort"},"geometry":{"type":"Point","coordinates":[-117.6867,34.0193]}},{"type":"Feature","properties":{"id":4364,"t":"kort"},"geometry":{"type":"Point","coordinates":[-86.4881,34.3317]}},{"type":"Feature","properties":{"id":4365,"t":"kort"},"geometry":{"type":"Point","coordinates":[-81.9029,26.5615]}},{"type":"Feature","properties":{"id":4366,"t":"kort"},"geometry":{"type":"Point","coordinates":[-83.1345,34.0812]}},{"type":"Feature","properties":{"id":4367,"t":"kort"},"geometry":{"type":"Point","coordinates":[-90.2071,30.0069]}},{"type":"Feature","properties":{"id":4368,"t":"kort"},"geometry":{"type":"Point","coordinates":[-87.362,39.4673]}},{"type":"Feature","properties":{"id":4369,"t":"kort"},"geometry":{"type":"Point","coordinates":[-97.1389,29.2872]}},{"type":"Feature","properties":{"id":4370,"t":"kort"},"geometry":{"type":"Point","coordinates":[-84.5401,33.5834]}},{"type":"Feature","properties":{"id":4371,"t":"kort"},"geometry":{"type":"Point","coordinates":[-83.803,41.5142]}},{"type":"Feature","properties":{"id":4372,"t":"kort"},"geometry":{"type":"Point","coordinates":[-83.5516,35.7834]}},{"type":"Feature","properties":{"id":4373,"t":"kort"},"geometry":{"type":"Point","coordinates":[-84.2675,30.4362]}},{"type":"Feature","properties":{"id":4374,"t":"kort"},"geometry":{"type":"Point","coordinates":[-80.0968,26.3715]}},{"type":"Feature","properties":{"id":4375,"t":"kort"},"geometry":{"type":"Point","coordinates":[-81.7577,30.3962]}},{"type":"Feature","properties":{"id":4376,"t":"kort"},"geometry":{"type":"Point","coordinates":[-82.4631,28.0073]}},{"type":"Feature","properties":{"id":4377,"t":"kort"},"geometry":{"type":"Point","coordinates":[-81.4072,28.6583]}},{"type":"Feature","properties":{"id":4378,"t":"kort"},"geometry":{"type":"Point","coordinates":[-96.4762,32.0946]}},{"type":"Feature","properties":{"id":4379,"t":"kort"},"geometry":{"type":"Point","coordinates":[-84.1933,36.3096]}},{"type":"Feature","properties":{"id":4380,"t":"kort"},"geometry":{"type":"Point","coordinates":[-75.001,39.9172]}},{"type":"Feature","properties":{"id":4381,"t":"kort"},"geometry":{"type":"Point","coordinates":[-74.2957,40.66]}},{"type":"Feature","properties":{"id":4382,"t":"kort"},"geometry":{"type":"Point","coordinates":[-87.5909,41.4468]}},{"type":"Feature","properties":{"id":4383,"t":"ultra"},"geometry":{"type":"Point","coordinates":[-85.6908,38.0041]}},{"type":"Feature","properties":{"id":4384,"t":"kort"},"geometry":{"type":"Point","coordinates":[-98.2269,32.2126]}},{"type":"Feature","properties":{"id":4385,"t":"kort"},"geometry":{"type":"Point","coordinates":[-88.9721,40.6287]}},{"type":"Feature","properties":{"id":4386,"t":"kort"},"geometry":{"type":"Point","coordinates":[-86.5746,39.1281]}},{"type":"Feature","properties":{"id":4387,"t":"kort"},"geometry":{"type":"Point","coordinates":[-92.0425,30.333]}},{"type":"Feature","properties":{"id":4388,"t":"kort"},"geometry":{"type":"Point","coordinates":[-90.8272,38.667]}},{"type":"Feature","properties":{"id":4389,"t":"kort"},"geometry":{"type":"Point","coordinates":[-84.0846,42.6618]}},{"type":"Feature","properties":{"id":4390,"t":"kort"},"geometry":{"type":"Point","coordinates":[-79.4678,37.7865]}},{"type":"Feature","properties":{"id":4391,"t":"kort"},"geometry":{"type":"Point","coordinates":[-82.3626,31.2183]}},{"type":"Feature","properties":{"id":4392,"t":"kort"},"geometry":{"type":"Point","coordinates":[-88.6046,42.4217]}},{"type":"Feature","properties":{"id":4393,"t":"kort"},"geometry":{"type":"Point","coordinates":[-81.702,38.8092]}},{"type":"Feature","properties":{"id":4394,"t":"kort"},"geometry":{"type":"Point","coordinates":[-75.4001,40.0698]}},{"type":"Feature","properties":{"id":4395,"t":"kort"},"geometry":{"type":"Point","coordinates":[-86.1733,32.3728]}},{"type":"Feature","properties":{"id":4396,"t":"kort"},"geometry":{"type":"Point","coordinates":[-81.0768,32.0739]}},{"type":"Feature","properties":{"id":4397,"t":"half"},"geometry":{"type":"Point","coordinates":[-94.1612,36.0438]}},{"type":"Feature","properties":{"id":4398,"t":"kort"},"geometry":{"type":"Point","coordinates":[-94.2447,36.0432]}},{"type":"Feature","properties":{"id":4399,"t":"kort"},"geometry":{"type":"Point","coordinates":[-80.4428,25.0833]}},{"type":"Feature","properties":{"id":4400,"t":"kort"},"geometry":{"type":"Point","coordinates":[-91.3964,44.9273]}},{"type":"Feature","properties":{"id":4401,"t":"kort"},"geometry":{"type":"Point","coordinates":[-95.1623,35.9294]}},{"type":"Feature","properties":{"id":4402,"t":"kort"},"geometry":{"type":"Point","coordinates":[-77.2879,39.2399]}},{"type":"Feature","properties":{"id":4403,"t":"kort"},"geometry":{"type":"Point","coordinates":[-86.7856,33.1994]}},{"type":"Feature","properties":{"id":4404,"t":"kort"},"geometry":{"type":"Point","coordinates":[-81.7145,26.5294]}},{"type":"Feature","properties":{"id":4405,"t":"kort"},"geometry":{"type":"Point","coordinates":[-96.0369,36.0978]}},{"type":"Feature","properties":{"id":4406,"t":"kort"},"geometry":{"type":"Point","coordinates":[-97.6317,30.4485]}},{"type":"Feature","properties":{"id":4407,"t":"kort"},"geometry":{"type":"Point","coordinates":[-83.3475,33.9291]}},{"type":"Feature","properties":{"id":4408,"t":"kort"},"geometry":{"type":"Point","coordinates":[-82.6007,34.7843]}},{"type":"Feature","properties":{"id":4409,"t":"kort"},"geometry":{"type":"Point","coordinates":[-82.4044,34.8855]}},{"type":"Feature","properties":{"id":4410,"t":"kort"},"geometry":{"type":"Point","coordinates":[-75.0445,39.9028]}},{"type":"Feature","properties":{"id":4411,"t":"kort"},"geometry":{"type":"Point","coordinates":[-84.0384,34.0405]}},{"type":"Feature","properties":{"id":4412,"t":"kort"},"geometry":{"type":"Point","coordinates":[-95.3709,29.7686]}},{"type":"Feature","properties":{"id":4413,"t":"kort"},"geometry":{"type":"Point","coordinates":[-85.5885,30.1561]}},{"type":"Feature","properties":{"id":4414,"t":"kort"},"geometry":{"type":"Point","coordinates":[-86.6059,33.6313]}},{"type":"Feature","properties":{"id":4415,"t":"half"},"geometry":{"type":"Point","coordinates":[-81.3302,35.765]}},{"type":"Feature","properties":{"id":4416,"t":"kort"},"geometry":{"type":"Point","coordinates":[-80.6621,28.1344]}},{"type":"Feature","properties":{"id":4417,"t":"kort"},"geometry":{"type":"Point","coordinates":[-76.8664,40.2097]}},{"type":"Feature","properties":{"id":4418,"t":"half"},"geometry":{"type":"Point","coordinates":[-94.806,32.5203]}},{"type":"Feature","properties":{"id":4419,"t":"half"},"geometry":{"type":"Point","coordinates":[-111.9222,40.566]}},{"type":"Feature","properties":{"id":4420,"t":"half"},"geometry":{"type":"Point","coordinates":[-76.303,39.5297]}},{"type":"Feature","properties":{"id":4421,"t":"half"},"geometry":{"type":"Point","coordinates":[-77.2975,39.9251]}},{"type":"Feature","properties":{"id":4422,"t":"half"},"geometry":{"type":"Point","coordinates":[-80.8552,35.1408]}},{"type":"Feature","properties":{"id":4423,"t":"half"},"geometry":{"type":"Point","coordinates":[-81.31,28.8854]}},{"type":"Feature","properties":{"id":4424,"t":"half"},"geometry":{"type":"Point","coordinates":[-122.2903,47.8603]}},{"type":"Feature","properties":{"id":4425,"t":"half"},"geometry":{"type":"Point","coordinates":[-94.3706,35.3519]}},{"type":"Feature","properties":{"id":4426,"t":"half"},"geometry":{"type":"Point","coordinates":[-84.7351,42.7469]}},{"type":"Feature","properties":{"id":4427,"t":"half"},"geometry":{"type":"Point","coordinates":[-82.7665,28.1835]}},{"type":"Feature","properties":{"id":4428,"t":"half"},"geometry":{"type":"Point","coordinates":[-91.4988,41.6275]}},{"type":"Feature","properties":{"id":4429,"t":"half"},"geometry":{"type":"Point","coordinates":[-81.4999,30.3446]}},{"type":"Feature","properties":{"id":4430,"t":"half"},"geometry":{"type":"Point","coordinates":[-94.5287,38.9201]}},{"type":"Feature","properties":{"id":4431,"t":"half"},"geometry":{"type":"Point","coordinates":[-83.8473,35.9828]}},{"type":"Feature","properties":{"id":4432,"t":"half"},"geometry":{"type":"Point","coordinates":[-88.1551,30.6645]}},{"type":"Feature","properties":{"id":4433,"t":"half"},"geometry":{"type":"Point","coordinates":[-85.6573,33.8393]}},{"type":"Feature","properties":{"id":4434,"t":"half"},"geometry":{"type":"Point","coordinates":[-77.7566,35.9381]}},{"type":"Feature","properties":{"id":4435,"t":"half"},"geometry":{"type":"Point","coordinates":[-81.1044,31.9936]}},{"type":"Feature","properties":{"id":4436,"t":"half"},"geometry":{"type":"Point","coordinates":[-94.1717,36.1885]}},{"type":"Feature","properties":{"id":4437,"t":"half"},"geometry":{"type":"Point","coordinates":[-97.0553,36.1392]}},{"type":"Feature","properties":{"id":4438,"t":"half"},"geometry":{"type":"Point","coordinates":[-84.1043,30.4659]}},{"type":"Feature","properties":{"id":4439,"t":"half"},"geometry":{"type":"Point","coordinates":[-82.3525,27.0676]}},{"type":"Feature","properties":{"id":4440,"t":"half"},"geometry":{"type":"Point","coordinates":[-76.7602,37.3182]}},{"type":"Feature","properties":{"id":4441,"t":"half"},"geometry":{"type":"Point","coordinates":[-84.0277,39.7212]}},{"type":"Feature","properties":{"id":4442,"t":"marathon"},"geometry":{"type":"Point","coordinates":[-94.2625,30.086]}},{"type":"Feature","properties":{"id":4443,"t":"marathon"},"geometry":{"type":"Point","coordinates":[-81.7331,26.1258]}},{"type":"Feature","properties":{"id":4444,"t":"marathon"},"geometry":{"type":"Point","coordinates":[-82.0036,29.1237]}},{"type":"Feature","properties":{"id":4445,"t":"marathon"},"geometry":{"type":"Point","coordinates":[-97.3461,31.0901]}},{"type":"Feature","properties":{"id":4446,"t":"half"},"geometry":{"type":"Point","coordinates":[-83.8712,33.9837]}},{"type":"Feature","properties":{"id":4447,"t":"kort"},"geometry":{"type":"Point","coordinates":[-89.9783,38.6797]}},{"type":"Feature","properties":{"id":4448,"t":"kort"},"geometry":{"type":"Point","coordinates":[-82.4159,35.0135]}},{"type":"Feature","properties":{"id":4449,"t":"kort"},"geometry":{"type":"Point","coordinates":[-96.6696,33.1214]}},{"type":"Feature","properties":{"id":4450,"t":"kort"},"geometry":{"type":"Point","coordinates":[-95.543,32.2602]}},{"type":"Feature","properties":{"id":4451,"t":"kort"},"geometry":{"type":"Point","coordinates":[-88.8507,39.9447]}},{"type":"Feature","properties":{"id":4452,"t":"kort"},"geometry":{"type":"Point","coordinates":[-97.2039,32.6504]}},{"type":"Feature","properties":{"id":4453,"t":"half"},"geometry":{"type":"Point","coordinates":[-91.6364,35.7788]}},{"type":"Feature","properties":{"id":4454,"t":"kort"},"geometry":{"type":"Point","coordinates":[-82.9879,39.8234]}},{"type":"Feature","properties":{"id":4455,"t":"kort"},"geometry":{"type":"Point","coordinates":[-79.0959,35.9164]}},{"type":"Feature","properties":{"id":4456,"t":"kort"},"geometry":{"type":"Point","coordinates":[-79.1529,40.6192]}},{"type":"Feature","properties":{"id":4457,"t":"kort"},"geometry":{"type":"Point","coordinates":[-76.4848,42.4362]}},{"type":"Feature","properties":{"id":4458,"t":"marathon"},"geometry":{"type":"Point","coordinates":[-92.4232,34.7781]}},{"type":"Feature","properties":{"id":4459,"t":"kort"},"geometry":{"type":"Point","coordinates":[-123.1298,48.0849]}},{"type":"Feature","properties":{"id":4460,"t":"kort"},"geometry":{"type":"Point","coordinates":[-89.305,31.3128]}},{"type":"Feature","properties":{"id":4461,"t":"kort"},"geometry":{"type":"Point","coordinates":[-80.7967,41.8585]}},{"type":"Feature","properties":{"id":4462,"t":"kort"},"geometry":{"type":"Point","coordinates":[-75.8883,41.8368]}},{"type":"Feature","properties":{"id":4463,"t":"kort"},"geometry":{"type":"Point","coordinates":[-94.7512,36.6013]}},{"type":"Feature","properties":{"id":4464,"t":"kort"},"geometry":{"type":"Point","coordinates":[-122.9952,44.958]}},{"type":"Feature","properties":{"id":4465,"t":"kort"},"geometry":{"type":"Point","coordinates":[-84.3432,37.3925]}},{"type":"Feature","properties":{"id":4466,"t":"kort"},"geometry":{"type":"Point","coordinates":[-75.4878,40.6747]}},{"type":"Feature","properties":{"id":4467,"t":"kort"},"geometry":{"type":"Point","coordinates":[-97.6776,31.1072]}},{"type":"Feature","properties":{"id":4468,"t":"kort"},"geometry":{"type":"Point","coordinates":[-79.9758,35.2222]}},{"type":"Feature","properties":{"id":4469,"t":"kort"},"geometry":{"type":"Point","coordinates":[-94.7301,32.5174]}},{"type":"Feature","properties":{"id":4470,"t":"kort"},"geometry":{"type":"Point","coordinates":[-72.7343,40.9199]}},{"type":"Feature","properties":{"id":4471,"t":"kort"},"geometry":{"type":"Point","coordinates":[-81.3903,35.2548]}},{"type":"Feature","properties":{"id":4472,"t":"kort"},"geometry":{"type":"Point","coordinates":[-77.5185,38.9048]}},{"type":"Feature","properties":{"id":4473,"t":"kort"},"geometry":{"type":"Point","coordinates":[-83.7276,42.7777]}},{"type":"Feature","properties":{"id":4474,"t":"kort"},"geometry":{"type":"Point","coordinates":[-106.6402,35.076]}},{"type":"Feature","properties":{"id":4475,"t":"kort"},"geometry":{"type":"Point","coordinates":[-85.2685,34.693]}},{"type":"Feature","properties":{"id":4476,"t":"kort"},"geometry":{"type":"Point","coordinates":[-115.1512,36.1917]}},{"type":"Feature","properties":{"id":4477,"t":"ultra"},"geometry":{"type":"Point","coordinates":[-93.0987,37.1318]}},{"type":"Feature","properties":{"id":4478,"t":"kort"},"geometry":{"type":"Point","coordinates":[-95.5452,30.4348]}},{"type":"Feature","properties":{"id":4479,"t":"kort"},"geometry":{"type":"Point","coordinates":[-87.7366,39.0018]}},{"type":"Feature","properties":{"id":4480,"t":"kort"},"geometry":{"type":"Point","coordinates":[-86.1674,36.3955]}},{"type":"Feature","properties":{"id":4481,"t":"kort"},"geometry":{"type":"Point","coordinates":[-81.6117,34.2883]}},{"type":"Feature","properties":{"id":4482,"t":"marathon"},"geometry":{"type":"Point","coordinates":[-93.5669,34.5552]}},{"type":"Feature","properties":{"id":4483,"t":"kort"},"geometry":{"type":"Point","coordinates":[-81.8185,27.9019]}},{"type":"Feature","properties":{"id":4484,"t":"kort"},"geometry":{"type":"Point","coordinates":[-84.8169,36.8632]}},{"type":"Feature","properties":{"id":4485,"t":"kort"},"geometry":{"type":"Point","coordinates":[-96.7955,31.8496]}},{"type":"Feature","properties":{"id":4486,"t":"marathon"},"geometry":{"type":"Point","coordinates":[-73.2229,41.2648]}},{"type":"Feature","properties":{"id":4487,"t":"half"},"geometry":{"type":"Point","coordinates":[-74.0506,40.7163]}},{"type":"Feature","properties":{"id":4488,"t":"kort"},"geometry":{"type":"Point","coordinates":[-122.2086,47.9924]}},{"type":"Feature","properties":{"id":4489,"t":"kort"},"geometry":{"type":"Point","coordinates":[-73.7503,43.068]}},{"type":"Feature","properties":{"id":4490,"t":"kort"},"geometry":{"type":"Point","coordinates":[-87.8614,41.1194]}},{"type":"Feature","properties":{"id":4491,"t":"kort"},"geometry":{"type":"Point","coordinates":[-94.6675,38.8683]}},{"type":"Feature","properties":{"id":4492,"t":"kort"},"geometry":{"type":"Point","coordinates":[-115.2734,36.1948]}},{"type":"Feature","properties":{"id":4493,"t":"kort"},"geometry":{"type":"Point","coordinates":[-77.0359,38.8662]}},{"type":"Feature","properties":{"id":4494,"t":"kort"},"geometry":{"type":"Point","coordinates":[-71.6721,43.3041]}},{"type":"Feature","properties":{"id":4495,"t":"kort"},"geometry":{"type":"Point","coordinates":[-77.4498,37.5489]}},{"type":"Feature","properties":{"id":4496,"t":"kort"},"geometry":{"type":"Point","coordinates":[-85.07,35.0849]}},{"type":"Feature","properties":{"id":4497,"t":"kort"},"geometry":{"type":"Point","coordinates":[-74.2237,40.8171]}},{"type":"Feature","properties":{"id":4498,"t":"ultra"},"geometry":{"type":"Point","coordinates":[-106.5474,31.8481]}},{"type":"Feature","properties":{"id":4499,"t":"kort"},"geometry":{"type":"Point","coordinates":[-78.0244,39.3705]}},{"type":"Feature","properties":{"id":4500,"t":"kort"},"geometry":{"type":"Point","coordinates":[-77.3513,38.9667]}},{"type":"Feature","properties":{"id":4501,"t":"kort"},"geometry":{"type":"Point","coordinates":[-95.3631,29.7684]}},{"type":"Feature","properties":{"id":4502,"t":"kort"},"geometry":{"type":"Point","coordinates":[-90.0659,29.9346]}},{"type":"Feature","properties":{"id":4503,"t":"kort"},"geometry":{"type":"Point","coordinates":[-97.7156,30.3676]}},{"type":"Feature","properties":{"id":4504,"t":"kort"},"geometry":{"type":"Point","coordinates":[-94.9122,39.0588]}},{"type":"Feature","properties":{"id":4505,"t":"half"},"geometry":{"type":"Point","coordinates":[-82.4926,27.3764]}},{"type":"Feature","properties":{"id":4506,"t":"kort"},"geometry":{"type":"Point","coordinates":[-77.143,38.9711]}},{"type":"Feature","properties":{"id":4507,"t":"kort"},"geometry":{"type":"Point","coordinates":[-81.6396,26.7175]}},{"type":"Feature","properties":{"id":4508,"t":"kort"},"geometry":{"type":"Point","coordinates":[-105.0332,39.8657]}},{"type":"Feature","properties":{"id":4509,"t":"kort"},"geometry":{"type":"Point","coordinates":[-92.493,43.995]}},{"type":"Feature","properties":{"id":4510,"t":"kort"},"geometry":{"type":"Point","coordinates":[-86.1215,39.9087]}},{"type":"Feature","properties":{"id":4511,"t":"kort"},"geometry":{"type":"Point","coordinates":[-78.8387,42.9476]}},{"type":"Feature","properties":{"id":4512,"t":"kort"},"geometry":{"type":"Point","coordinates":[-76.7324,37.27]}},{"type":"Feature","properties":{"id":4513,"t":"kort"},"geometry":{"type":"Point","coordinates":[-72.9373,41.3102]}},{"type":"Feature","properties":{"id":4514,"t":"kort"},"geometry":{"type":"Point","coordinates":[-72.75,41.7598]}},{"type":"Feature","properties":{"id":4515,"t":"kort"},"geometry":{"type":"Point","coordinates":[-81.6971,41.4382]}},{"type":"Feature","properties":{"id":4516,"t":"ultra"},"geometry":{"type":"Point","coordinates":[-83.9392,35.8931]}},{"type":"Feature","properties":{"id":4517,"t":"kort"},"geometry":{"type":"Point","coordinates":[-79.7751,36.0262]}},{"type":"Feature","properties":{"id":4518,"t":"kort"},"geometry":{"type":"Point","coordinates":[-75.1913,39.8449]}},{"type":"Feature","properties":{"id":4519,"t":"ultra"},"geometry":{"type":"Point","coordinates":[-77.3149,38.7616]}},{"type":"Feature","properties":{"id":4520,"t":"kort"},"geometry":{"type":"Point","coordinates":[-117.2611,32.8485]}},{"type":"Feature","properties":{"id":4521,"t":"kort"},"geometry":{"type":"Point","coordinates":[-84.8637,38.2249]}},{"type":"Feature","properties":{"id":4522,"t":"half"},"geometry":{"type":"Point","coordinates":[-77.4747,38.3093]}},{"type":"Feature","properties":{"id":4523,"t":"kort"},"geometry":{"type":"Point","coordinates":[-89.6907,39.7689]}},{"type":"Feature","properties":{"id":4524,"t":"half"},"geometry":{"type":"Point","coordinates":[-71.0504,41.9242]}},{"type":"Feature","properties":{"id":4525,"t":"kort"},"geometry":{"type":"Point","coordinates":[-75.6107,40.2593]}},{"type":"Feature","properties":{"id":4526,"t":"kort"},"geometry":{"type":"Point","coordinates":[-80.2602,27.3886]}},{"type":"Feature","properties":{"id":4527,"t":"kort"},"geometry":{"type":"Point","coordinates":[-77.7367,39.6336]}},{"type":"Feature","properties":{"id":4528,"t":"kort"},"geometry":{"type":"Point","coordinates":[-97.564,35.5459]}},{"type":"Feature","properties":{"id":4529,"t":"kort"},"geometry":{"type":"Point","coordinates":[-95.7005,29.8828]}},{"type":"Feature","properties":{"id":4530,"t":"kort"},"geometry":{"type":"Point","coordinates":[-83.8203,34.3039]}},{"type":"Feature","properties":{"id":4531,"t":"kort"},"geometry":{"type":"Point","coordinates":[-74.7773,39.646]}},{"type":"Feature","properties":{"id":4532,"t":"kort"},"geometry":{"type":"Point","coordinates":[-110.9287,32.304]}},{"type":"Feature","properties":{"id":4533,"t":"half"},"geometry":{"type":"Point","coordinates":[-70.6686,42.6118]}},{"type":"Feature","properties":{"id":4534,"t":"kort"},"geometry":{"type":"Point","coordinates":[-122.8129,45.4126]}},{"type":"Feature","properties":{"id":4535,"t":"kort"},"geometry":{"type":"Point","coordinates":[-122.3114,47.1973]}},{"type":"Feature","properties":{"id":4536,"t":"kort"},"geometry":{"type":"Point","coordinates":[-74.0297,40.8516]}},{"type":"Feature","properties":{"id":4537,"t":"kort"},"geometry":{"type":"Point","coordinates":[-76.3611,39.5334]}},{"type":"Feature","properties":{"id":4538,"t":"half"},"geometry":{"type":"Point","coordinates":[-71.0633,42.7898]}},{"type":"Feature","properties":{"id":4539,"t":"half"},"geometry":{"type":"Point","coordinates":[-118.189,33.7644]}},{"type":"Feature","properties":{"id":4540,"t":"kort"},"geometry":{"type":"Point","coordinates":[-122.2171,47.473]}},{"type":"Feature","properties":{"id":4541,"t":"kort"},"geometry":{"type":"Point","coordinates":[-79.4771,36.0312]}},{"type":"Feature","properties":{"id":4542,"t":"half"},"geometry":{"type":"Point","coordinates":[-88.2108,42.9999]}},{"type":"Feature","properties":{"id":4543,"t":"kort"},"geometry":{"type":"Point","coordinates":[-87.9864,41.7066]}},{"type":"Feature","properties":{"id":4544,"t":"kort"},"geometry":{"type":"Point","coordinates":[-80.4331,35.266]}},{"type":"Feature","properties":{"id":4545,"t":"kort"},"geometry":{"type":"Point","coordinates":[-119.6387,36.7448]}},{"type":"Feature","properties":{"id":4546,"t":"kort"},"geometry":{"type":"Point","coordinates":[-81.5389,39.2622]}},{"type":"Feature","properties":{"id":4547,"t":"kort"},"geometry":{"type":"Point","coordinates":[-78.1781,39.1714]}},{"type":"Feature","properties":{"id":4548,"t":"kort"},"geometry":{"type":"Point","coordinates":[-86.1765,41.6925]}},{"type":"Feature","properties":{"id":4549,"t":"marathon"},"geometry":{"type":"Point","coordinates":[-96.9297,32.8723]}},{"type":"Feature","properties":{"id":4550,"t":"kort"},"geometry":{"type":"Point","coordinates":[-84.151,34.4573]}},{"type":"Feature","properties":{"id":4551,"t":"kort"},"geometry":{"type":"Point","coordinates":[-93.7415,32.4955]}},{"type":"Feature","properties":{"id":4552,"t":"kort"},"geometry":{"type":"Point","coordinates":[-77.3462,39.4443]}},{"type":"Feature","properties":{"id":4553,"t":"kort"},"geometry":{"type":"Point","coordinates":[-82.6504,27.7643]}},{"type":"Feature","properties":{"id":4554,"t":"kort"},"geometry":{"type":"Point","coordinates":[-118.2147,34.1247]}},{"type":"Feature","properties":{"id":4555,"t":"kort"},"geometry":{"type":"Point","coordinates":[-98.1863,26.1759]}},{"type":"Feature","properties":{"id":4556,"t":"kort"},"geometry":{"type":"Point","coordinates":[-81.4925,27.5945]}},{"type":"Feature","properties":{"id":4557,"t":"marathon"},"geometry":{"type":"Point","coordinates":[-80.1041,32.7968]}},{"type":"Feature","properties":{"id":4558,"t":"kort"},"geometry":{"type":"Point","coordinates":[-86.487,30.5231]}},{"type":"Feature","properties":{"id":4559,"t":"kort"},"geometry":{"type":"Point","coordinates":[-122.361,40.632]}},{"type":"Feature","properties":{"id":4560,"t":"kort"},"geometry":{"type":"Point","coordinates":[-95.5251,29.7688]}},{"type":"Feature","properties":{"id":4561,"t":"kort"},"geometry":{"type":"Point","coordinates":[-76.7446,37.2656]}},{"type":"Feature","properties":{"id":4562,"t":"kort"},"geometry":{"type":"Point","coordinates":[-73.4088,41.1361]}},{"type":"Feature","properties":{"id":4563,"t":"kort"},"geometry":{"type":"Point","coordinates":[-85.4562,32.5499]}},{"type":"Feature","properties":{"id":4564,"t":"kort"},"geometry":{"type":"Point","coordinates":[-81.7013,26.5292]}},{"type":"Feature","properties":{"id":4565,"t":"kort"},"geometry":{"type":"Point","coordinates":[-98.682,29.8869]}},{"type":"Feature","properties":{"id":4566,"t":"kort"},"geometry":{"type":"Point","coordinates":[-111.8369,33.4409]}},{"type":"Feature","properties":{"id":4567,"t":"kort"},"geometry":{"type":"Point","coordinates":[-122.4862,48.7428]}},{"type":"Feature","properties":{"id":4568,"t":"kort"},"geometry":{"type":"Point","coordinates":[-80.826,35.059]}},{"type":"Feature","properties":{"id":4569,"t":"kort"},"geometry":{"type":"Point","coordinates":[-87.6428,41.9315]}},{"type":"Feature","properties":{"id":4570,"t":"kort"},"geometry":{"type":"Point","coordinates":[-84.5089,39.0762]}},{"type":"Feature","properties":{"id":4571,"t":"kort"},"geometry":{"type":"Point","coordinates":[-95.4378,29.8288]}},{"type":"Feature","properties":{"id":4572,"t":"kort"},"geometry":{"type":"Point","coordinates":[-80.1407,25.7877]}},{"type":"Feature","properties":{"id":4573,"t":"kort"},"geometry":{"type":"Point","coordinates":[-82.8178,42.5817]}},{"type":"Feature","properties":{"id":4574,"t":"kort"},"geometry":{"type":"Point","coordinates":[-90.1176,29.9538]}},{"type":"Feature","properties":{"id":4575,"t":"kort"},"geometry":{"type":"Point","coordinates":[-81.3152,28.5728]}},{"type":"Feature","properties":{"id":4576,"t":"kort"},"geometry":{"type":"Point","coordinates":[-75.1857,39.8923]}},{"type":"Feature","properties":{"id":4577,"t":"kort"},"geometry":{"type":"Point","coordinates":[-98.4246,29.4006]}},{"type":"Feature","properties":{"id":4578,"t":"kort"},"geometry":{"type":"Point","coordinates":[-73.7088,41.0408]}},{"type":"Feature","properties":{"id":4579,"t":"kort"},"geometry":{"type":"Point","coordinates":[-97.3763,37.7026]}},{"type":"Feature","properties":{"id":4580,"t":"kort"},"geometry":{"type":"Point","coordinates":[-81.0824,31.965]}},{"type":"Feature","properties":{"id":4581,"t":"kort"},"geometry":{"type":"Point","coordinates":[-84.6809,33.9045]}},{"type":"Feature","properties":{"id":4582,"t":"kort"},"geometry":{"type":"Point","coordinates":[-79.9403,32.7791]}},{"type":"Feature","properties":{"id":4583,"t":"kort"},"geometry":{"type":"Point","coordinates":[-121.7876,37.963]}},{"type":"Feature","properties":{"id":4584,"t":"kort"},"geometry":{"type":"Point","coordinates":[-82.5306,27.248]}},{"type":"Feature","properties":{"id":4585,"t":"kort"},"geometry":{"type":"Point","coordinates":[-81.9809,29.8058]}},{"type":"Feature","properties":{"id":4586,"t":"kort"},"geometry":{"type":"Point","coordinates":[-84.151,34.0194]}},{"type":"Feature","properties":{"id":4587,"t":"kort"},"geometry":{"type":"Point","coordinates":[-86.1213,39.976]}},{"type":"Feature","properties":{"id":4588,"t":"kort"},"geometry":{"type":"Point","coordinates":[-72.0123,41.968]}},{"type":"Feature","properties":{"id":4589,"t":"kort"},"geometry":{"type":"Point","coordinates":[-80.3794,26.125]}},{"type":"Feature","properties":{"id":4590,"t":"half"},"geometry":{"type":"Point","coordinates":[-77.2092,38.8349]}},{"type":"Feature","properties":{"id":4591,"t":"kort"},"geometry":{"type":"Point","coordinates":[-87.0427,35.6194]}},{"type":"Feature","properties":{"id":4592,"t":"kort"},"geometry":{"type":"Point","coordinates":[-98.4801,45.4673]}},{"type":"Feature","properties":{"id":4593,"t":"kort"},"geometry":{"type":"Point","coordinates":[-81.8079,28.7009]}},{"type":"Feature","properties":{"id":4594,"t":"kort"},"geometry":{"type":"Point","coordinates":[-80.737,28.3734]}},{"type":"Feature","properties":{"id":4595,"t":"kort"},"geometry":{"type":"Point","coordinates":[-122.6189,48.5]}},{"type":"Feature","properties":{"id":4596,"t":"half"},"geometry":{"type":"Point","coordinates":[-113.377,37.142]}},{"type":"Feature","properties":{"id":4597,"t":"kort"},"geometry":{"type":"Point","coordinates":[-81.5756,30.1367]}},{"type":"Feature","properties":{"id":4598,"t":"kort"},"geometry":{"type":"Point","coordinates":[-84.8259,33.379]}},{"type":"Feature","properties":{"id":4599,"t":"kort"},"geometry":{"type":"Point","coordinates":[-81.7809,36.6395]}},{"type":"Feature","properties":{"id":4600,"t":"kort"},"geometry":{"type":"Point","coordinates":[-84.3915,39.3374]}},{"type":"Feature","properties":{"id":4601,"t":"kort"},"geometry":{"type":"Point","coordinates":[-84.5108,39.3975]}},{"type":"Feature","properties":{"id":4602,"t":"kort"},"geometry":{"type":"Point","coordinates":[-95.6146,29.5705]}},{"type":"Feature","properties":{"id":4603,"t":"kort"},"geometry":{"type":"Point","coordinates":[-92.3244,34.8323]}},{"type":"Feature","properties":{"id":4604,"t":"kort"},"geometry":{"type":"Point","coordinates":[-96.0334,36.1088]}},{"type":"Feature","properties":{"id":4605,"t":"kort"},"geometry":{"type":"Point","coordinates":[-83.6299,42.2303]}},{"type":"Feature","properties":{"id":4606,"t":"kort"},"geometry":{"type":"Point","coordinates":[-87.9843,42.0076]}},{"type":"Feature","properties":{"id":4607,"t":"kort"},"geometry":{"type":"Point","coordinates":[-93.3063,37.2087]}},{"type":"Feature","properties":{"id":4608,"t":"kort"},"geometry":{"type":"Point","coordinates":[-80.5938,28.3861]}},{"type":"Feature","properties":{"id":4609,"t":"kort"},"geometry":{"type":"Point","coordinates":[-77.6499,37.4757]}},{"type":"Feature","properties":{"id":4610,"t":"kort"},"geometry":{"type":"Point","coordinates":[-91.5434,35.9481]}},{"type":"Feature","properties":{"id":4611,"t":"kort"},"geometry":{"type":"Point","coordinates":[-76.6486,39.3108]}},{"type":"Feature","properties":{"id":4612,"t":"kort"},"geometry":{"type":"Point","coordinates":[-80.3942,27.3121]}},{"type":"Feature","properties":{"id":4613,"t":"kort"},"geometry":{"type":"Point","coordinates":[-85.2396,35.0041]}},{"type":"Feature","properties":{"id":4614,"t":"kort"},"geometry":{"type":"Point","coordinates":[-92.3567,38.941]}},{"type":"Feature","properties":{"id":4615,"t":"kort"},"geometry":{"type":"Point","coordinates":[-81.2998,28.8882]}},{"type":"Feature","properties":{"id":4616,"t":"kort"},"geometry":{"type":"Point","coordinates":[-84.537,36.9437]}},{"type":"Feature","properties":{"id":4617,"t":"kort"},"geometry":{"type":"Point","coordinates":[-84.3337,32.8923]}},{"type":"Feature","properties":{"id":4618,"t":"kort"},"geometry":{"type":"Point","coordinates":[-122.2822,47.384]}},{"type":"Feature","properties":{"id":4619,"t":"kort"},"geometry":{"type":"Point","coordinates":[-83.7518,43.3382]}},{"type":"Feature","properties":{"id":4620,"t":"kort"},"geometry":{"type":"Point","coordinates":[-81.6996,25.9324]}},{"type":"Feature","properties":{"id":4621,"t":"kort"},"geometry":{"type":"Point","coordinates":[-81.828,30.2775]}},{"type":"Feature","properties":{"id":4622,"t":"kort"},"geometry":{"type":"Point","coordinates":[-84.0085,35.9226]}},{"type":"Feature","properties":{"id":4623,"t":"kort"},"geometry":{"type":"Point","coordinates":[-77.9527,34.2207]}},{"type":"Feature","properties":{"id":4624,"t":"ultra"},"geometry":{"type":"Point","coordinates":[-81.4077,30.2867]}},{"type":"Feature","properties":{"id":4625,"t":"kort"},"geometry":{"type":"Point","coordinates":[-79.2853,37.1306]}},{"type":"Feature","properties":{"id":4626,"t":"kort"},"geometry":{"type":"Point","coordinates":[-76.3074,44.1152]}},{"type":"Feature","properties":{"id":4627,"t":"ultra"},"geometry":{"type":"Point","coordinates":[-81.546,35.9081]}},{"type":"Feature","properties":{"id":4628,"t":"kort"},"geometry":{"type":"Point","coordinates":[-79.6425,34.2089]}},{"type":"Feature","properties":{"id":4629,"t":"kort"},"geometry":{"type":"Point","coordinates":[-98.1176,26.182]}},{"type":"Feature","properties":{"id":4630,"t":"kort"},"geometry":{"type":"Point","coordinates":[-80.9779,32.4719]}},{"type":"Feature","properties":{"id":4631,"t":"ultra"},"geometry":{"type":"Point","coordinates":[-87.3066,30.3721]}},{"type":"Feature","properties":{"id":4632,"t":"kort"},"geometry":{"type":"Point","coordinates":[-83.8955,34.2414]}},{"type":"Feature","properties":{"id":4633,"t":"kort"},"geometry":{"type":"Point","coordinates":[-78.4081,37.2935]}},{"type":"Feature","properties":{"id":4634,"t":"kort"},"geometry":{"type":"Point","coordinates":[-85.4895,40.1766]}},{"type":"Feature","properties":{"id":4635,"t":"kort"},"geometry":{"type":"Point","coordinates":[-86.1726,41.6437]}},{"type":"Feature","properties":{"id":4636,"t":"kort"},"geometry":{"type":"Point","coordinates":[-85.1563,41.0667]}},{"type":"Feature","properties":{"id":4637,"t":"kort"},"geometry":{"type":"Point","coordinates":[-78.8877,35.7972]}},{"type":"Feature","properties":{"id":4638,"t":"kort"},"geometry":{"type":"Point","coordinates":[-78.77,39.4904]}},{"type":"Feature","properties":{"id":4639,"t":"kort"},"geometry":{"type":"Point","coordinates":[-111.9525,46.7]}},{"type":"Feature","properties":{"id":4640,"t":"kort"},"geometry":{"type":"Point","coordinates":[-77.4351,38.452]}},{"type":"Feature","properties":{"id":4641,"t":"kort"},"geometry":{"type":"Point","coordinates":[-98.1055,32.8083]}},{"type":"Feature","properties":{"id":4642,"t":"kort"},"geometry":{"type":"Point","coordinates":[-76.4607,37.0522]}},{"type":"Feature","properties":{"id":4643,"t":"kort"},"geometry":{"type":"Point","coordinates":[-75.3567,39.9647]}},{"type":"Feature","properties":{"id":4644,"t":"kort"},"geometry":{"type":"Point","coordinates":[-90.1813,41.4596]}},{"type":"Feature","properties":{"id":4645,"t":"half"},"geometry":{"type":"Point","coordinates":[-97.6657,30.639]}},{"type":"Feature","properties":{"id":4646,"t":"kort"},"geometry":{"type":"Point","coordinates":[-96.6782,33.0271]}},{"type":"Feature","properties":{"id":4647,"t":"kort"},"geometry":{"type":"Point","coordinates":[-97.594,27.845]}},{"type":"Feature","properties":{"id":4648,"t":"half"},"geometry":{"type":"Point","coordinates":[-85.9197,39.2099]}},{"type":"Feature","properties":{"id":4649,"t":"half"},"geometry":{"type":"Point","coordinates":[-82.3196,34.8663]}},{"type":"Feature","properties":{"id":4650,"t":"kort"},"geometry":{"type":"Point","coordinates":[-87.1982,30.463]}},{"type":"Feature","properties":{"id":4651,"t":"kort"},"geometry":{"type":"Point","coordinates":[-74.0449,40.7417]}},{"type":"Feature","properties":{"id":4652,"t":"kort"},"geometry":{"type":"Point","coordinates":[-77.1991,38.7715]}},{"type":"Feature","properties":{"id":4653,"t":"kort"},"geometry":{"type":"Point","coordinates":[-82.3833,29.6128]}},{"type":"Feature","properties":{"id":4654,"t":"kort"},"geometry":{"type":"Point","coordinates":[-78.642,35.9413]}},{"type":"Feature","properties":{"id":4655,"t":"kort"},"geometry":{"type":"Point","coordinates":[-76.9892,39.5716]}},{"type":"Feature","properties":{"id":4656,"t":"kort"},"geometry":{"type":"Point","coordinates":[-80.2409,26.0368]}},{"type":"Feature","properties":{"id":4657,"t":"kort"},"geometry":{"type":"Point","coordinates":[-77.6359,37.4857]}},{"type":"Feature","properties":{"id":4658,"t":"kort"},"geometry":{"type":"Point","coordinates":[-82.7372,28.1395]}},{"type":"Feature","properties":{"id":4659,"t":"half"},"geometry":{"type":"Point","coordinates":[-82.0213,33.4747]}},{"type":"Feature","properties":{"id":4660,"t":"half"},"geometry":{"type":"Point","coordinates":[-76.9376,38.8272]}},{"type":"Feature","properties":{"id":4661,"t":"half"},"geometry":{"type":"Point","coordinates":[-95.8416,29.8606]}},{"type":"Feature","properties":{"id":4662,"t":"half"},"geometry":{"type":"Point","coordinates":[-97.6417,30.4409]}},{"type":"Feature","properties":{"id":4663,"t":"half"},"geometry":{"type":"Point","coordinates":[-84.299,37.758]}},{"type":"Feature","properties":{"id":4664,"t":"half"},"geometry":{"type":"Point","coordinates":[-76.7812,40.0069]}},{"type":"Feature","properties":{"id":4665,"t":"half"},"geometry":{"type":"Point","coordinates":[-83.3413,33.9249]}},{"type":"Feature","properties":{"id":4666,"t":"half"},"geometry":{"type":"Point","coordinates":[-86.449,37.0246]}},{"type":"Feature","properties":{"id":4667,"t":"half"},"geometry":{"type":"Point","coordinates":[-93.2533,36.6694]}},{"type":"Feature","properties":{"id":4668,"t":"half"},"geometry":{"type":"Point","coordinates":[-122.4174,45.6062]}},{"type":"Feature","properties":{"id":4669,"t":"half"},"geometry":{"type":"Point","coordinates":[-81.3379,29.0324]}},{"type":"Feature","properties":{"id":4670,"t":"half"},"geometry":{"type":"Point","coordinates":[-93.5785,41.5559]}},{"type":"Feature","properties":{"id":4671,"t":"half"},"geometry":{"type":"Point","coordinates":[-122.203,47.8916]}},{"type":"Feature","properties":{"id":4672,"t":"half"},"geometry":{"type":"Point","coordinates":[-85.9251,34.05]}},{"type":"Feature","properties":{"id":4673,"t":"half"},"geometry":{"type":"Point","coordinates":[-88.8281,35.6829]}},{"type":"Feature","properties":{"id":4674,"t":"half"},"geometry":{"type":"Point","coordinates":[-92.5082,34.7888]}},{"type":"Feature","properties":{"id":4675,"t":"half"},"geometry":{"type":"Point","coordinates":[-81.7536,26.251]}},{"type":"Feature","properties":{"id":4676,"t":"half"},"geometry":{"type":"Point","coordinates":[-122.8778,47.0145]}},{"type":"Feature","properties":{"id":4677,"t":"half"},"geometry":{"type":"Point","coordinates":[-82.0482,26.922]}},{"type":"Feature","properties":{"id":4678,"t":"half"},"geometry":{"type":"Point","coordinates":[-96.1059,36.0044]}},{"type":"Feature","properties":{"id":4679,"t":"half"},"geometry":{"type":"Point","coordinates":[-97.3303,31.0795]}},{"type":"Feature","properties":{"id":4680,"t":"half"},"geometry":{"type":"Point","coordinates":[-80.3062,36.133]}},{"type":"Feature","properties":{"id":4681,"t":"marathon"},"geometry":{"type":"Point","coordinates":[-80.6055,35.4207]}},{"type":"Feature","properties":{"id":4682,"t":"marathon"},"geometry":{"type":"Point","coordinates":[-80.1748,26.6664]}},{"type":"Feature","properties":{"id":4683,"t":"half"},"geometry":{"type":"Point","coordinates":[-82.7573,27.9093]}},{"type":"Feature","properties":{"id":4684,"t":"half"},"geometry":{"type":"Point","coordinates":[-119.7106,34.4209]}},{"type":"Feature","properties":{"id":4685,"t":"kort"},"geometry":{"type":"Point","coordinates":[-116.37,43.7163]}},{"type":"Feature","properties":{"id":4686,"t":"kort"},"geometry":{"type":"Point","coordinates":[-80.092,26.3817]}},{"type":"Feature","properties":{"id":4687,"t":"kort"},"geometry":{"type":"Point","coordinates":[-96.9995,28.818]}},{"type":"Feature","properties":{"id":4688,"t":"kort"},"geometry":{"type":"Point","coordinates":[-86.9193,31.4496]}},{"type":"Feature","properties":{"id":4689,"t":"kort"},"geometry":{"type":"Point","coordinates":[-81.9505,28.008]}},{"type":"Feature","properties":{"id":4690,"t":"kort"},"geometry":{"type":"Point","coordinates":[-83.7205,33.9951]}},{"type":"Feature","properties":{"id":4691,"t":"ultra"},"geometry":{"type":"Point","coordinates":[-85.4254,41.3466]}},{"type":"Feature","properties":{"id":4692,"t":"half"},"geometry":{"type":"Point","coordinates":[-80.6287,24.9277]}},{"type":"Feature","properties":{"id":4693,"t":"kort"},"geometry":{"type":"Point","coordinates":[-76.7913,42.9172]}},{"type":"Feature","properties":{"id":4694,"t":"kort"},"geometry":{"type":"Point","coordinates":[-81.2767,28.6751]}},{"type":"Feature","properties":{"id":4695,"t":"kort"},"geometry":{"type":"Point","coordinates":[-95.2721,31.9678]}},{"type":"Feature","properties":{"id":4696,"t":"kort"},"geometry":{"type":"Point","coordinates":[-80.6745,32.4224]}},{"type":"Feature","properties":{"id":4697,"t":"kort"},"geometry":{"type":"Point","coordinates":[-79.7267,40.3099]}},{"type":"Feature","properties":{"id":4698,"t":"kort"},"geometry":{"type":"Point","coordinates":[-88.0274,42.9859]}},{"type":"Feature","properties":{"id":4699,"t":"kort"},"geometry":{"type":"Point","coordinates":[-80.1029,26.2405]}},{"type":"Feature","properties":{"id":4700,"t":"kort"},"geometry":{"type":"Point","coordinates":[-78.8976,36.0035]}},{"type":"Feature","properties":{"id":4701,"t":"kort"},"geometry":{"type":"Point","coordinates":[-77.4788,39.0401]}},{"type":"Feature","properties":{"id":4702,"t":"kort"},"geometry":{"type":"Point","coordinates":[-119.7921,36.8023]}},{"type":"Feature","properties":{"id":4703,"t":"kort"},"geometry":{"type":"Point","coordinates":[-73.973,44.2872]}},{"type":"Feature","properties":{"id":4704,"t":"kort"},"geometry":{"type":"Point","coordinates":[-76.3075,39.5359]}},{"type":"Feature","properties":{"id":4705,"t":"kort"},"geometry":{"type":"Point","coordinates":[-76.2455,36.6484]}},{"type":"Feature","properties":{"id":4706,"t":"kort"},"geometry":{"type":"Point","coordinates":[-116.5302,33.8352]}},{"type":"Feature","properties":{"id":4707,"t":"kort"},"geometry":{"type":"Point","coordinates":[-83.3066,36.2344]}},{"type":"Feature","properties":{"id":4708,"t":"ultra"},"geometry":{"type":"Point","coordinates":[-98.3951,29.5891]}},{"type":"Feature","properties":{"id":4709,"t":"kort"},"geometry":{"type":"Point","coordinates":[-82.1544,28.0659]}},{"type":"Feature","properties":{"id":4710,"t":"marathon"},"geometry":{"type":"Point","coordinates":[-88.9046,30.4093]}},{"type":"Feature","properties":{"id":4711,"t":"half"},"geometry":{"type":"Point","coordinates":[-90.2604,29.9812]}},{"type":"Feature","properties":{"id":4712,"t":"kort"},"geometry":{"type":"Point","coordinates":[-95.1803,30.0565]}},{"type":"Feature","properties":{"id":4713,"t":"half"},"geometry":{"type":"Point","coordinates":[-93.2156,30.1613]}},{"type":"Feature","properties":{"id":4714,"t":"kort"},"geometry":{"type":"Point","coordinates":[-82.2478,28.3252]}},{"type":"Feature","properties":{"id":4715,"t":"kort"},"geometry":{"type":"Point","coordinates":[-118.0627,34.0932]}},{"type":"Feature","properties":{"id":4716,"t":"kort"},"geometry":{"type":"Point","coordinates":[-81.5787,27.8956]}},{"type":"Feature","properties":{"id":4717,"t":"kort"},"geometry":{"type":"Point","coordinates":[-80.6172,35.4071]}},{"type":"Feature","properties":{"id":4718,"t":"kort"},"geometry":{"type":"Point","coordinates":[-117.284,33.5635]}},{"type":"Feature","properties":{"id":4719,"t":"kort"},"geometry":{"type":"Point","coordinates":[-80.1041,40.4408]}},{"type":"Feature","properties":{"id":4720,"t":"kort"},"geometry":{"type":"Point","coordinates":[-92.3141,31.2162]}},{"type":"Feature","properties":{"id":4721,"t":"kort"},"geometry":{"type":"Point","coordinates":[-124.1964,43.2103]}},{"type":"Feature","properties":{"id":4722,"t":"kort"},"geometry":{"type":"Point","coordinates":[-83.4613,33.6007]}},{"type":"Feature","properties":{"id":4723,"t":"kort"},"geometry":{"type":"Point","coordinates":[-82.5029,27.8914]}},{"type":"Feature","properties":{"id":4724,"t":"kort"},"geometry":{"type":"Point","coordinates":[-75.8862,42.0729]}},{"type":"Feature","properties":{"id":4725,"t":"marathon"},"geometry":{"type":"Point","coordinates":[-157.8439,21.2944]}},{"type":"Feature","properties":{"id":4726,"t":"kort"},"geometry":{"type":"Point","coordinates":[-104.9608,39.7168]}},{"type":"Feature","properties":{"id":4727,"t":"kort"},"geometry":{"type":"Point","coordinates":[-117.2173,32.7176]}},{"type":"Feature","properties":{"id":4728,"t":"kort"},"geometry":{"type":"Point","coordinates":[-122.3326,47.6637]}},{"type":"Feature","properties":{"id":4729,"t":"kort"},"geometry":{"type":"Point","coordinates":[-82.4986,28.0101]}},{"type":"Feature","properties":{"id":4730,"t":"kort"},"geometry":{"type":"Point","coordinates":[-80.2802,25.8512]}},{"type":"Feature","properties":{"id":4731,"t":"kort"},"geometry":{"type":"Point","coordinates":[-95.6048,29.5853]}},{"type":"Feature","properties":{"id":4732,"t":"tri"},"geometry":{"type":"Point","coordinates":[-117.0179,33.7321]}},{"type":"Feature","properties":{"id":4733,"t":"kort"},"geometry":{"type":"Point","coordinates":[-80.1504,25.7959]}},{"type":"Feature","properties":{"id":4734,"t":"ultra"},"geometry":{"type":"Point","coordinates":[-83.9745,43.4312]}},{"type":"Feature","properties":{"id":4735,"t":"kort"},"geometry":{"type":"Point","coordinates":[-71.1309,42.4005]}},{"type":"Feature","properties":{"id":4736,"t":"kort"},"geometry":{"type":"Point","coordinates":[-83.4183,34.0138]}},{"type":"Feature","properties":{"id":4737,"t":"kort"},"geometry":{"type":"Point","coordinates":[-87.5598,38.0685]}},{"type":"Feature","properties":{"id":4738,"t":"kort"},"geometry":{"type":"Point","coordinates":[-82.9233,39.9447]}},{"type":"Feature","properties":{"id":4739,"t":"kort"},"geometry":{"type":"Point","coordinates":[-84.552,42.7671]}},{"type":"Feature","properties":{"id":4740,"t":"kort"},"geometry":{"type":"Point","coordinates":[-96.6514,40.781]}},{"type":"Feature","properties":{"id":4741,"t":"kort"},"geometry":{"type":"Point","coordinates":[-97.5534,35.4359]}},{"type":"Feature","properties":{"id":4742,"t":"kort"},"geometry":{"type":"Point","coordinates":[-81.7612,28.5435]}},{"type":"Feature","properties":{"id":4743,"t":"kort"},"geometry":{"type":"Point","coordinates":[-98.6738,29.5042]}},{"type":"Feature","properties":{"id":4744,"t":"kort"},"geometry":{"type":"Point","coordinates":[-94.2274,36.3657]}},{"type":"Feature","properties":{"id":4745,"t":"kort"},"geometry":{"type":"Point","coordinates":[-101.8434,33.5779]}},{"type":"Feature","properties":{"id":4746,"t":"kort"},"geometry":{"type":"Point","coordinates":[-82.7155,27.7946]}},{"type":"Feature","properties":{"id":4747,"t":"kort"},"geometry":{"type":"Point","coordinates":[-81.9273,41.2338]}},{"type":"Feature","properties":{"id":4748,"t":"kort"},"geometry":{"type":"Point","coordinates":[-84.1532,34.2295]}},{"type":"Feature","properties":{"id":4749,"t":"kort"},"geometry":{"type":"Point","coordinates":[-71.3965,41.8791]}},{"type":"Feature","properties":{"id":4750,"t":"ultra"},"geometry":{"type":"Point","coordinates":[-98.6039,29.3561]}},{"type":"Feature","properties":{"id":4751,"t":"kort"},"geometry":{"type":"Point","coordinates":[-73.433,41.193]}},{"type":"Feature","properties":{"id":4752,"t":"kort"},"geometry":{"type":"Point","coordinates":[-70.8953,42.5193]}},{"type":"Feature","properties":{"id":4753,"t":"kort"},"geometry":{"type":"Point","coordinates":[-87.0498,41.6135]}},{"type":"Feature","properties":{"id":4754,"t":"kort"},"geometry":{"type":"Point","coordinates":[-79.0961,40.3911]}},{"type":"Feature","properties":{"id":4755,"t":"half"},"geometry":{"type":"Point","coordinates":[-77.182,39.0398]}},{"type":"Feature","properties":{"id":4756,"t":"kort"},"geometry":{"type":"Point","coordinates":[-77.0609,41.1845]}},{"type":"Feature","properties":{"id":4757,"t":"kort"},"geometry":{"type":"Point","coordinates":[-75.0424,39.9563]}},{"type":"Feature","properties":{"id":4758,"t":"kort"},"geometry":{"type":"Point","coordinates":[-76.6722,39.4857]}},{"type":"Feature","properties":{"id":4759,"t":"kort"},"geometry":{"type":"Point","coordinates":[-97.4292,32.899]}},{"type":"Feature","properties":{"id":4760,"t":"kort"},"geometry":{"type":"Point","coordinates":[-80.1957,25.763]}},{"type":"Feature","properties":{"id":4761,"t":"kort"},"geometry":{"type":"Point","coordinates":[-94.6176,38.9689]}},{"type":"Feature","properties":{"id":4762,"t":"kort"},"geometry":{"type":"Point","coordinates":[-115.2454,36.092]}},{"type":"Feature","properties":{"id":4763,"t":"kort"},"geometry":{"type":"Point","coordinates":[-76.3258,39.5249]}},{"type":"Feature","properties":{"id":4764,"t":"kort"},"geometry":{"type":"Point","coordinates":[-77.0085,38.8741]}},{"type":"Feature","properties":{"id":4765,"t":"kort"},"geometry":{"type":"Point","coordinates":[-73.4898,40.6847]}},{"type":"Feature","properties":{"id":4766,"t":"kort"},"geometry":{"type":"Point","coordinates":[-81.5935,38.3241]}},{"type":"Feature","properties":{"id":4767,"t":"kort"},"geometry":{"type":"Point","coordinates":[-85.8073,39.7934]}},{"type":"Feature","properties":{"id":4768,"t":"kort"},"geometry":{"type":"Point","coordinates":[-76.3185,39.5299]}},{"type":"Feature","properties":{"id":4769,"t":"kort"},"geometry":{"type":"Point","coordinates":[-81.5142,29.9533]}},{"type":"Feature","properties":{"id":4770,"t":"kort"},"geometry":{"type":"Point","coordinates":[-80.1771,33.0161]}},{"type":"Feature","properties":{"id":4771,"t":"kort"},"geometry":{"type":"Point","coordinates":[-97.3731,32.7002]}},{"type":"Feature","properties":{"id":4772,"t":"kort"},"geometry":{"type":"Point","coordinates":[-90.5093,38.8048]}},{"type":"Feature","properties":{"id":4773,"t":"kort"},"geometry":{"type":"Point","coordinates":[-86.6062,36.3128]}},{"type":"Feature","properties":{"id":4774,"t":"kort"},"geometry":{"type":"Point","coordinates":[-83.4699,33.8029]}},{"type":"Feature","properties":{"id":4775,"t":"kort"},"geometry":{"type":"Point","coordinates":[-81.7516,28.5461]}},{"type":"Feature","properties":{"id":4776,"t":"kort"},"geometry":{"type":"Point","coordinates":[-80.8079,28.5711]}},{"type":"Feature","properties":{"id":4777,"t":"kort"},"geometry":{"type":"Point","coordinates":[-82.7471,27.9908]}},{"type":"Feature","properties":{"id":4778,"t":"kort"},"geometry":{"type":"Point","coordinates":[-119.0946,35.3071]}},{"type":"Feature","properties":{"id":4779,"t":"kort"},"geometry":{"type":"Point","coordinates":[-84.9783,32.4752]}},{"type":"Feature","properties":{"id":4780,"t":"kort"},"geometry":{"type":"Point","coordinates":[-97.5249,25.9329]}},{"type":"Feature","properties":{"id":4781,"t":"kort"},"geometry":{"type":"Point","coordinates":[-122.1972,48.4258]}},{"type":"Feature","properties":{"id":4782,"t":"half"},"geometry":{"type":"Point","coordinates":[-92.0076,30.2371]}},{"type":"Feature","properties":{"id":4783,"t":"kort"},"geometry":{"type":"Point","coordinates":[-97.7715,30.324]}},{"type":"Feature","properties":{"id":4784,"t":"kort"},"geometry":{"type":"Point","coordinates":[-97.2938,32.7846]}},{"type":"Feature","properties":{"id":4785,"t":"kort"},"geometry":{"type":"Point","coordinates":[-84.4801,34.2415]}},{"type":"Feature","properties":{"id":4786,"t":"kort"},"geometry":{"type":"Point","coordinates":[-94.2719,39.0126]}},{"type":"Feature","properties":{"id":4787,"t":"kort"},"geometry":{"type":"Point","coordinates":[-88.0153,42.9021]}},{"type":"Feature","properties":{"id":4788,"t":"kort"},"geometry":{"type":"Point","coordinates":[-86.6701,36.1593]}},{"type":"Feature","properties":{"id":4789,"t":"kort"},"geometry":{"type":"Point","coordinates":[-96.039,41.2294]}},{"type":"Feature","properties":{"id":4790,"t":"kort"},"geometry":{"type":"Point","coordinates":[-90.6265,38.7728]}},{"type":"Feature","properties":{"id":4791,"t":"kort"},"geometry":{"type":"Point","coordinates":[-87.7011,41.6004]}},{"type":"Feature","properties":{"id":4792,"t":"kort"},"geometry":{"type":"Point","coordinates":[-86.7643,33.3004]}},{"type":"Feature","properties":{"id":4793,"t":"kort"},"geometry":{"type":"Point","coordinates":[-119.7124,36.8103]}},{"type":"Feature","properties":{"id":4794,"t":"kort"},"geometry":{"type":"Point","coordinates":[-85.8333,41.6288]}},{"type":"Feature","properties":{"id":4795,"t":"kort"},"geometry":{"type":"Point","coordinates":[-85.8276,41.632]}},{"type":"Feature","properties":{"id":4796,"t":"kort"},"geometry":{"type":"Point","coordinates":[-118.4693,33.9958]}},{"type":"Feature","properties":{"id":4797,"t":"kort"},"geometry":{"type":"Point","coordinates":[-80.0684,26.4538]}},{"type":"Feature","properties":{"id":4798,"t":"half"},"geometry":{"type":"Point","coordinates":[-93.2673,30.8327]}},{"type":"Feature","properties":{"id":4799,"t":"kort"},"geometry":{"type":"Point","coordinates":[-82.7896,28.027]}},{"type":"Feature","properties":{"id":4800,"t":"kort"},"geometry":{"type":"Point","coordinates":[-81.5948,28.5501]}},{"type":"Feature","properties":{"id":4801,"t":"kort"},"geometry":{"type":"Point","coordinates":[-84.5078,39.1102]}},{"type":"Feature","properties":{"id":4802,"t":"kort"},"geometry":{"type":"Point","coordinates":[-84.0217,33.8174]}},{"type":"Feature","properties":{"id":4803,"t":"kort"},"geometry":{"type":"Point","coordinates":[-81.7672,26.2438]}},{"type":"Feature","properties":{"id":4804,"t":"half"},"geometry":{"type":"Point","coordinates":[-118.1456,33.7661]}},{"type":"Feature","properties":{"id":4805,"t":"kort"},"geometry":{"type":"Point","coordinates":[-106.5772,35.0652]}},{"type":"Feature","properties":{"id":4806,"t":"kort"},"geometry":{"type":"Point","coordinates":[-81.176,35.4841]}},{"type":"Feature","properties":{"id":4807,"t":"kort"},"geometry":{"type":"Point","coordinates":[-73.1251,41.2064]}},{"type":"Feature","properties":{"id":4808,"t":"kort"},"geometry":{"type":"Point","coordinates":[-82.3753,29.6218]}},{"type":"Feature","properties":{"id":4809,"t":"kort"},"geometry":{"type":"Point","coordinates":[-92.2534,34.7574]}},{"type":"Feature","properties":{"id":4810,"t":"kort"},"geometry":{"type":"Point","coordinates":[-118.1665,34.0886]}},{"type":"Feature","properties":{"id":4811,"t":"kort"},"geometry":{"type":"Point","coordinates":[-96.5471,33.434]}},{"type":"Feature","properties":{"id":4812,"t":"kort"},"geometry":{"type":"Point","coordinates":[-76.2024,40.1637]}},{"type":"Feature","properties":{"id":4813,"t":"kort"},"geometry":{"type":"Point","coordinates":[-80.6448,28.2836]}},{"type":"Feature","properties":{"id":4814,"t":"kort"},"geometry":{"type":"Point","coordinates":[-85.5871,30.1587]}},{"type":"Feature","properties":{"id":4815,"t":"kort"},"geometry":{"type":"Point","coordinates":[-86.6046,33.6339]}},{"type":"Feature","properties":{"id":4816,"t":"half"},"geometry":{"type":"Point","coordinates":[-78.6488,35.9555]}},{"type":"Feature","properties":{"id":4817,"t":"marathon"},"geometry":{"type":"Point","coordinates":[-81.2232,28.5939]}},{"type":"Feature","properties":{"id":4818,"t":"kort"},"geometry":{"type":"Point","coordinates":[-95.8179,36.2879]}},{"type":"Feature","properties":{"id":4819,"t":"half"},"geometry":{"type":"Point","coordinates":[-81.9973,29.1197]}},{"type":"Feature","properties":{"id":4820,"t":"half"},"geometry":{"type":"Point","coordinates":[-77.9139,34.1598]}},{"type":"Feature","properties":{"id":4821,"t":"half"},"geometry":{"type":"Point","coordinates":[-97.671,30.189]}},{"type":"Feature","properties":{"id":4822,"t":"half"},"geometry":{"type":"Point","coordinates":[-90.491,41.5531]}},{"type":"Feature","properties":{"id":4823,"t":"half"},"geometry":{"type":"Point","coordinates":[-82.4029,27.4968]}},{"type":"Feature","properties":{"id":4824,"t":"half"},"geometry":{"type":"Point","coordinates":[-77.3938,37.2688]}},{"type":"Feature","properties":{"id":4825,"t":"half"},"geometry":{"type":"Point","coordinates":[-84.0276,43.0346]}},{"type":"Feature","properties":{"id":4826,"t":"half"},"geometry":{"type":"Point","coordinates":[-81.3088,28.888]}},{"type":"Feature","properties":{"id":4827,"t":"half"},"geometry":{"type":"Point","coordinates":[-122.2258,47.9449]}},{"type":"Feature","properties":{"id":4828,"t":"half"},"geometry":{"type":"Point","coordinates":[-80.4087,27.5425]}},{"type":"Feature","properties":{"id":4829,"t":"half"},"geometry":{"type":"Point","coordinates":[-94.3694,35.3345]}},{"type":"Feature","properties":{"id":4830,"t":"half"},"geometry":{"type":"Point","coordinates":[-82.6288,28.3476]}},{"type":"Feature","properties":{"id":4831,"t":"half"},"geometry":{"type":"Point","coordinates":[-81.4984,30.3472]}},{"type":"Feature","properties":{"id":4832,"t":"half"},"geometry":{"type":"Point","coordinates":[-83.8461,35.9854]}},{"type":"Feature","properties":{"id":4833,"t":"half"},"geometry":{"type":"Point","coordinates":[-88.1538,30.6671]}},{"type":"Feature","properties":{"id":4834,"t":"half"},"geometry":{"type":"Point","coordinates":[-81.7253,26.1222]}},{"type":"Feature","properties":{"id":4835,"t":"half"},"geometry":{"type":"Point","coordinates":[-81.2582,32.1179]}},{"type":"Feature","properties":{"id":4836,"t":"half"},"geometry":{"type":"Point","coordinates":[-89.7782,30.2692]}},{"type":"Feature","properties":{"id":4837,"t":"half"},"geometry":{"type":"Point","coordinates":[-84.2115,33.5727]}},{"type":"Feature","properties":{"id":4838,"t":"half"},"geometry":{"type":"Point","coordinates":[-76.7587,37.3208]}},{"type":"Feature","properties":{"id":4839,"t":"half"},"geometry":{"type":"Point","coordinates":[-80.3059,36.1392]}},{"type":"Feature","properties":{"id":4840,"t":"marathon"},"geometry":{"type":"Point","coordinates":[-97.4,31.0742]}},{"type":"Feature","properties":{"id":4841,"t":"half"},"geometry":{"type":"Point","coordinates":[-122.6889,45.7112]}},{"type":"Feature","properties":{"id":4842,"t":"half"},"geometry":{"type":"Point","coordinates":[-111.0246,32.238]}},{"type":"Feature","properties":{"id":4843,"t":"kort"},"geometry":{"type":"Point","coordinates":[-81.0764,29.2761]}},{"type":"Feature","properties":{"id":4844,"t":"kort"},"geometry":{"type":"Point","coordinates":[-122.3013,47.6937]}},{"type":"Feature","properties":{"id":4845,"t":"kort"},"geometry":{"type":"Point","coordinates":[-94.8518,39.8029]}},{"type":"Feature","properties":{"id":4846,"t":"kort"},"geometry":{"type":"Point","coordinates":[-79.133,37.2511]}},{"type":"Feature","properties":{"id":4847,"t":"kort"},"geometry":{"type":"Point","coordinates":[-95.3686,29.7656]}},{"type":"Feature","properties":{"id":4848,"t":"kort"},"geometry":{"type":"Point","coordinates":[-72.8577,43.1639]}},{"type":"Feature","properties":{"id":4849,"t":"marathon"},"geometry":{"type":"Point","coordinates":[-96.9276,32.8639]}},{"type":"Feature","properties":{"id":4850,"t":"kort"},"geometry":{"type":"Point","coordinates":[-85.8867,38.9485]}},{"type":"Feature","properties":{"id":4851,"t":"kort"},"geometry":{"type":"Point","coordinates":[-80.6429,28.1406]}},{"type":"Feature","properties":{"id":4852,"t":"kort"},"geometry":{"type":"Point","coordinates":[-118.927,34.1784]}},{"type":"Feature","properties":{"id":4853,"t":"kort"},"geometry":{"type":"Point","coordinates":[-85.3264,35.0441]}},{"type":"Feature","properties":{"id":4854,"t":"kort"},"geometry":{"type":"Point","coordinates":[-80.1535,25.6939]}},{"type":"Feature","properties":{"id":4855,"t":"kort"},"geometry":{"type":"Point","coordinates":[-80.3481,25.7285]}},{"type":"Feature","properties":{"id":4856,"t":"kort"},"geometry":{"type":"Point","coordinates":[-118.2248,34.6083]}},{"type":"Feature","properties":{"id":4857,"t":"kort"},"geometry":{"type":"Point","coordinates":[-88.6363,40.875]}},{"type":"Feature","properties":{"id":4858,"t":"kort"},"geometry":{"type":"Point","coordinates":[-78.6255,35.8572]}},{"type":"Feature","properties":{"id":4859,"t":"kort"},"geometry":{"type":"Point","coordinates":[-76.7271,37.2764]}},{"type":"Feature","properties":{"id":4860,"t":"kort"},"geometry":{"type":"Point","coordinates":[-79.8732,36.9853]}},{"type":"Feature","properties":{"id":4861,"t":"kort"},"geometry":{"type":"Point","coordinates":[-97.1355,31.5417]}},{"type":"Feature","properties":{"id":4862,"t":"half"},"geometry":{"type":"Point","coordinates":[-97.6809,31.0466]}},{"type":"Feature","properties":{"id":4863,"t":"kort"},"geometry":{"type":"Point","coordinates":[-119.1665,46.2203]}},{"type":"Feature","properties":{"id":4864,"t":"ultra"},"geometry":{"type":"Point","coordinates":[-97.9661,30.4566]}},{"type":"Feature","properties":{"id":4865,"t":"kort"},"geometry":{"type":"Point","coordinates":[-76.4542,37.059]}},{"type":"Feature","properties":{"id":4866,"t":"ultra"},"geometry":{"type":"Point","coordinates":[-90.6542,38.5788]}},{"type":"Feature","properties":{"id":4867,"t":"kort"},"geometry":{"type":"Point","coordinates":[-80.2306,26.6491]}},{"type":"Feature","properties":{"id":4868,"t":"kort"},"geometry":{"type":"Point","coordinates":[-77.328,38.8368]}},{"type":"Feature","properties":{"id":4869,"t":"kort"},"geometry":{"type":"Point","coordinates":[-84.3546,33.7774]}},{"type":"Feature","properties":{"id":4870,"t":"ultra"},"geometry":{"type":"Point","coordinates":[-83.1501,42.8385]}},{"type":"Feature","properties":{"id":4871,"t":"kort"},"geometry":{"type":"Point","coordinates":[-85.2294,35.0049]}},{"type":"Feature","properties":{"id":4872,"t":"kort"},"geometry":{"type":"Point","coordinates":[-93.4659,41.6445]}},{"type":"Feature","properties":{"id":4873,"t":"kort"},"geometry":{"type":"Point","coordinates":[-85.5251,42.8149]}},{"type":"Feature","properties":{"id":4874,"t":"kort"},"geometry":{"type":"Point","coordinates":[-89.8686,35.1217]}},{"type":"Feature","properties":{"id":4875,"t":"kort"},"geometry":{"type":"Point","coordinates":[-97.4368,37.6953]}},{"type":"Feature","properties":{"id":4876,"t":"half"},"geometry":{"type":"Point","coordinates":[-118.188,33.7788]}},{"type":"Feature","properties":{"id":4877,"t":"kort"},"geometry":{"type":"Point","coordinates":[-80.4622,41.2274]}},{"type":"Feature","properties":{"id":4878,"t":"kort"},"geometry":{"type":"Point","coordinates":[-81.2418,28.8977]}},{"type":"Feature","properties":{"id":4879,"t":"kort"},"geometry":{"type":"Point","coordinates":[-76.1071,39.5611]}},{"type":"Feature","properties":{"id":4880,"t":"kort"},"geometry":{"type":"Point","coordinates":[-93.2891,37.2083]}},{"type":"Feature","properties":{"id":4881,"t":"kort"},"geometry":{"type":"Point","coordinates":[-82.7939,27.8466]}},{"type":"Feature","properties":{"id":4882,"t":"kort"},"geometry":{"type":"Point","coordinates":[-98.6179,29.3575]}},{"type":"Feature","properties":{"id":4883,"t":"kort"},"geometry":{"type":"Point","coordinates":[-85.0635,41.1335]}},{"type":"Feature","properties":{"id":4884,"t":"kort"},"geometry":{"type":"Point","coordinates":[-93.6832,32.4766]}},{"type":"Feature","properties":{"id":4885,"t":"kort"},"geometry":{"type":"Point","coordinates":[-98.4789,29.5955]}},{"type":"Feature","properties":{"id":4886,"t":"kort"},"geometry":{"type":"Point","coordinates":[-96.6787,32.4337]}},{"type":"Feature","properties":{"id":4887,"t":"kort"},"geometry":{"type":"Point","coordinates":[-156.4688,20.875]}},{"type":"Feature","properties":{"id":4888,"t":"kort"},"geometry":{"type":"Point","coordinates":[-96.0743,41.1846]}},{"type":"Feature","properties":{"id":4889,"t":"kort"},"geometry":{"type":"Point","coordinates":[-86.5663,34.7331]}},{"type":"Feature","properties":{"id":4890,"t":"kort"},"geometry":{"type":"Point","coordinates":[-155.9891,19.6559]}},{"type":"Feature","properties":{"id":4891,"t":"kort"},"geometry":{"type":"Point","coordinates":[-80.1352,26.1102]}},{"type":"Feature","properties":{"id":4892,"t":"kort"},"geometry":{"type":"Point","coordinates":[-84.3074,39.3445]}},{"type":"Feature","properties":{"id":4893,"t":"kort"},"geometry":{"type":"Point","coordinates":[-122.8264,42.2792]}},{"type":"Feature","properties":{"id":4894,"t":"kort"},"geometry":{"type":"Point","coordinates":[-149.7825,61.1]}},{"type":"Feature","properties":{"id":4895,"t":"kort"},"geometry":{"type":"Point","coordinates":[-82.245,41.3525]}},{"type":"Feature","properties":{"id":4896,"t":"kort"},"geometry":{"type":"Point","coordinates":[-122.2694,47.1392]}},{"type":"Feature","properties":{"id":4897,"t":"kort"},"geometry":{"type":"Point","coordinates":[-97.1321,32.5825]}},{"type":"Feature","properties":{"id":4898,"t":"kort"},"geometry":{"type":"Point","coordinates":[-81.4282,41.2496]}},{"type":"Feature","properties":{"id":4899,"t":"kort"},"geometry":{"type":"Point","coordinates":[-81.2409,28.9902]}},{"type":"Feature","properties":{"id":4900,"t":"kort"},"geometry":{"type":"Point","coordinates":[-97.3785,32.744]}},{"type":"Feature","properties":{"id":4901,"t":"half"},"geometry":{"type":"Point","coordinates":[-118.1414,33.7601]}},{"type":"Feature","properties":{"id":4902,"t":"half"},"geometry":{"type":"Point","coordinates":[-84.4203,33.8532]}},{"type":"Feature","properties":{"id":4903,"t":"half"},"geometry":{"type":"Point","coordinates":[-97.6615,30.1706]}},{"type":"Feature","properties":{"id":4904,"t":"half"},"geometry":{"type":"Point","coordinates":[-87.6722,41.9801]}},{"type":"Feature","properties":{"id":4905,"t":"half"},"geometry":{"type":"Point","coordinates":[-97.385,32.7328]}},{"type":"Feature","properties":{"id":4906,"t":"half"},"geometry":{"type":"Point","coordinates":[-104.7324,39.6098]}},{"type":"Feature","properties":{"id":4907,"t":"half"},"geometry":{"type":"Point","coordinates":[-95.4124,29.7509]}},{"type":"Feature","properties":{"id":4908,"t":"half"},"geometry":{"type":"Point","coordinates":[-94.5824,39.0393]}},{"type":"Feature","properties":{"id":4909,"t":"half"},"geometry":{"type":"Point","coordinates":[-115.097,36.095]}},{"type":"Feature","properties":{"id":4910,"t":"half"},"geometry":{"type":"Point","coordinates":[-118.5165,34.0579]}},{"type":"Feature","properties":{"id":4911,"t":"half"},"geometry":{"type":"Point","coordinates":[-90.0505,35.1522]}},{"type":"Feature","properties":{"id":4912,"t":"half"},"geometry":{"type":"Point","coordinates":[-80.155,25.6927]}},{"type":"Feature","properties":{"id":4913,"t":"half"},"geometry":{"type":"Point","coordinates":[-75.1087,39.9387]}},{"type":"Feature","properties":{"id":4914,"t":"half"},"geometry":{"type":"Point","coordinates":[-73.9985,40.7536]}},{"type":"Feature","properties":{"id":4915,"t":"half"},"geometry":{"type":"Point","coordinates":[-73.9595,40.7885]}},{"type":"Feature","properties":{"id":4916,"t":"half"},"geometry":{"type":"Point","coordinates":[-75.1032,39.9293]}},{"type":"Feature","properties":{"id":4917,"t":"half"},"geometry":{"type":"Point","coordinates":[-111.9963,33.5056]}},{"type":"Feature","properties":{"id":4918,"t":"half"},"geometry":{"type":"Point","coordinates":[-121.4647,38.5702]}},{"type":"Feature","properties":{"id":4919,"t":"half"},"geometry":{"type":"Point","coordinates":[-98.4965,29.4472]}},{"type":"Feature","properties":{"id":4920,"t":"half"},"geometry":{"type":"Point","coordinates":[-117.236,32.7276]}},{"type":"Feature","properties":{"id":4921,"t":"half"},"geometry":{"type":"Point","coordinates":[-122.3275,37.5747]}},{"type":"Feature","properties":{"id":4922,"t":"half"},"geometry":{"type":"Point","coordinates":[-122.288,47.6757]}},{"type":"Feature","properties":{"id":4923,"t":"half"},"geometry":{"type":"Point","coordinates":[-82.5895,28.0159]}},{"type":"Feature","properties":{"id":4924,"t":"kort"},"geometry":{"type":"Point","coordinates":[-82.383,29.6052]}},{"type":"Feature","properties":{"id":4925,"t":"kort"},"geometry":{"type":"Point","coordinates":[-83.9323,36.0443]}},{"type":"Feature","properties":{"id":4926,"t":"kort"},"geometry":{"type":"Point","coordinates":[-112.1058,33.6306]}},{"type":"Feature","properties":{"id":4927,"t":"half"},"geometry":{"type":"Point","coordinates":[-95.3056,32.267]}},{"type":"Feature","properties":{"id":4928,"t":"kort"},"geometry":{"type":"Point","coordinates":[-83.799,32.6259]}},{"type":"Feature","properties":{"id":4929,"t":"kort"},"geometry":{"type":"Point","coordinates":[-89.3042,31.3112]}},{"type":"Feature","properties":{"id":4930,"t":"kort"},"geometry":{"type":"Point","coordinates":[-76.4283,40.1712]}},{"type":"Feature","properties":{"id":4931,"t":"half"},"geometry":{"type":"Point","coordinates":[-82.0211,33.4671]}},{"type":"Feature","properties":{"id":4932,"t":"half"},"geometry":{"type":"Point","coordinates":[-81.6785,36.208]}},{"type":"Feature","properties":{"id":4933,"t":"half"},"geometry":{"type":"Point","coordinates":[-82.986,39.3288]}},{"type":"Feature","properties":{"id":4934,"t":"half"},"geometry":{"type":"Point","coordinates":[-95.7062,29.88]}},{"type":"Feature","properties":{"id":4935,"t":"half"},"geometry":{"type":"Point","coordinates":[-80.1821,26.6624]}},{"type":"Feature","properties":{"id":4936,"t":"half"},"geometry":{"type":"Point","coordinates":[-86.4488,37.017]}},{"type":"Feature","properties":{"id":4937,"t":"half"},"geometry":{"type":"Point","coordinates":[-122.4172,45.5986]}},{"type":"Feature","properties":{"id":4938,"t":"half"},"geometry":{"type":"Point","coordinates":[-77.3938,37.275]}},{"type":"Feature","properties":{"id":4939,"t":"half"},"geometry":{"type":"Point","coordinates":[-81.2565,28.8941]}},{"type":"Feature","properties":{"id":4940,"t":"half"},"geometry":{"type":"Point","coordinates":[-85.9251,34.0424]}},{"type":"Feature","properties":{"id":4941,"t":"half"},"geometry":{"type":"Point","coordinates":[-76.7028,41.2624]}},{"type":"Feature","properties":{"id":4942,"t":"half"},"geometry":{"type":"Point","coordinates":[-94.4713,39.2757]}},{"type":"Feature","properties":{"id":4943,"t":"half"},"geometry":{"type":"Point","coordinates":[-86.1761,32.3678]}},{"type":"Feature","properties":{"id":4944,"t":"half"},"geometry":{"type":"Point","coordinates":[-81.7536,26.2434]}},{"type":"Feature","properties":{"id":4945,"t":"half"},"geometry":{"type":"Point","coordinates":[-82.6844,28.2197]}},{"type":"Feature","properties":{"id":4946,"t":"half"},"geometry":{"type":"Point","coordinates":[-97.3551,35.3171]}},{"type":"Feature","properties":{"id":4947,"t":"half"},"geometry":{"type":"Point","coordinates":[-122.8775,47.0069]}},{"type":"Feature","properties":{"id":4948,"t":"half"},"geometry":{"type":"Point","coordinates":[-93.7587,32.5069]}},{"type":"Feature","properties":{"id":4949,"t":"half"},"geometry":{"type":"Point","coordinates":[-117.3868,47.6463]}},{"type":"Feature","properties":{"id":4950,"t":"half"},"geometry":{"type":"Point","coordinates":[-97.3858,31.0734]}},{"type":"Feature","properties":{"id":4951,"t":"marathon"},"geometry":{"type":"Point","coordinates":[-80.4028,25.5371]}},{"type":"Feature","properties":{"id":4952,"t":"marathon"},"geometry":{"type":"Point","coordinates":[-82.7495,27.9055]}},{"type":"Feature","properties":{"id":4953,"t":"marathon"},"geometry":{"type":"Point","coordinates":[-85.9206,30.3169]}},{"type":"Feature","properties":{"id":4954,"t":"half"},"geometry":{"type":"Point","coordinates":[-84.558,42.6974]}},{"type":"Feature","properties":{"id":4955,"t":"ultra"},"geometry":{"type":"Point","coordinates":[-86.6291,30.4232]}},{"type":"Feature","properties":{"id":4956,"t":"kort"},"geometry":{"type":"Point","coordinates":[-74.0528,40.2475]}},{"type":"Feature","properties":{"id":4957,"t":"kort"},"geometry":{"type":"Point","coordinates":[-82.5027,27.8856]}},{"type":"Feature","properties":{"id":4958,"t":"half"},"geometry":{"type":"Point","coordinates":[-118.1349,33.7541]}},{"type":"Feature","properties":{"id":4959,"t":"kort"},"geometry":{"type":"Point","coordinates":[-81.2964,28.6014]}},{"type":"Feature","properties":{"id":4960,"t":"kort"},"geometry":{"type":"Point","coordinates":[-73.8468,40.6978]}},{"type":"Feature","properties":{"id":4961,"t":"kort"},"geometry":{"type":"Point","coordinates":[-75.9894,40.4184]}},{"type":"Feature","properties":{"id":4962,"t":"kort"},"geometry":{"type":"Point","coordinates":[-80.7887,41.8769]}},{"type":"Feature","properties":{"id":4963,"t":"kort"},"geometry":{"type":"Point","coordinates":[-78.8466,35.8434]}},{"type":"Feature","properties":{"id":4964,"t":"kort"},"geometry":{"type":"Point","coordinates":[-85.1259,41.0991]}},{"type":"Feature","properties":{"id":4965,"t":"kort"},"geometry":{"type":"Point","coordinates":[-83.127,42.6623]}},{"type":"Feature","properties":{"id":4966,"t":"kort"},"geometry":{"type":"Point","coordinates":[-111.1853,32.3386]}},{"type":"Feature","properties":{"id":4967,"t":"kort"},"geometry":{"type":"Point","coordinates":[-81.4262,41.1718]}},{"type":"Feature","properties":{"id":4968,"t":"kort"},"geometry":{"type":"Point","coordinates":[-71.6921,42.4588]}},{"type":"Feature","properties":{"id":4969,"t":"kort"},"geometry":{"type":"Point","coordinates":[-83.428,34.0128]}},{"type":"Feature","properties":{"id":4970,"t":"kort"},"geometry":{"type":"Point","coordinates":[-75.0767,38.7159]}},{"type":"Feature","properties":{"id":4971,"t":"kort"},"geometry":{"type":"Point","coordinates":[-96.7463,32.8156]}},{"type":"Feature","properties":{"id":4972,"t":"kort"},"geometry":{"type":"Point","coordinates":[-85.6148,42.9364]}},{"type":"Feature","properties":{"id":4973,"t":"kort"},"geometry":{"type":"Point","coordinates":[-93.2075,37.0091]}},{"type":"Feature","properties":{"id":4974,"t":"kort"},"geometry":{"type":"Point","coordinates":[-77.4657,38.2971]}},{"type":"Feature","properties":{"id":4975,"t":"kort"},"geometry":{"type":"Point","coordinates":[-85.3165,35.078]}},{"type":"Feature","properties":{"id":4976,"t":"kort"},"geometry":{"type":"Point","coordinates":[-82.0504,26.9102]}},{"type":"Feature","properties":{"id":4977,"t":"kort"},"geometry":{"type":"Point","coordinates":[-72.5895,44.2589]}},{"type":"Feature","properties":{"id":4978,"t":"kort"},"geometry":{"type":"Point","coordinates":[-77.5611,37.7218]}},{"type":"Feature","properties":{"id":4979,"t":"kort"},"geometry":{"type":"Point","coordinates":[-81.124,35.2174]}},{"type":"Feature","properties":{"id":4980,"t":"kort"},"geometry":{"type":"Point","coordinates":[-111.7206,41.064]}},{"type":"Feature","properties":{"id":4981,"t":"kort"},"geometry":{"type":"Point","coordinates":[-75.1653,39.9667]}},{"type":"Feature","properties":{"id":4982,"t":"kort"},"geometry":{"type":"Point","coordinates":[-72.6409,42.1127]}},{"type":"Feature","properties":{"id":4983,"t":"kort"},"geometry":{"type":"Point","coordinates":[-80.1401,40.859]}},{"type":"Feature","properties":{"id":4984,"t":"kort"},"geometry":{"type":"Point","coordinates":[-82.3518,27.0704]}},{"type":"Feature","properties":{"id":4985,"t":"kort"},"geometry":{"type":"Point","coordinates":[-88.0661,42.2113]}},{"type":"Feature","properties":{"id":4986,"t":"kort"},"geometry":{"type":"Point","coordinates":[-105.3236,40.2357]}},{"type":"Feature","properties":{"id":4987,"t":"kort"},"geometry":{"type":"Point","coordinates":[-74.0596,40.1309]}},{"type":"Feature","properties":{"id":4988,"t":"kort"},"geometry":{"type":"Point","coordinates":[-88.0776,42.2249]}},{"type":"Feature","properties":{"id":4989,"t":"half"},"geometry":{"type":"Point","coordinates":[-122.4825,48.7554]}},{"type":"Feature","properties":{"id":4990,"t":"half"},"geometry":{"type":"Point","coordinates":[-118.1359,33.7559]}},{"type":"Feature","properties":{"id":4991,"t":"kort"},"geometry":{"type":"Point","coordinates":[-83.6693,34.3862]}},{"type":"Feature","properties":{"id":4992,"t":"ultra"},"geometry":{"type":"Point","coordinates":[-105.3823,40.0868]}},{"type":"Feature","properties":{"id":4993,"t":"kort"},"geometry":{"type":"Point","coordinates":[-96.6509,33.092]}},{"type":"Feature","properties":{"id":4994,"t":"kort"},"geometry":{"type":"Point","coordinates":[-83.1325,42.6611]}},{"type":"Feature","properties":{"id":4995,"t":"kort"},"geometry":{"type":"Point","coordinates":[-94.2194,36.3631]}},{"type":"Feature","properties":{"id":4996,"t":"kort"},"geometry":{"type":"Point","coordinates":[-74.1186,40.9347]}},{"type":"Feature","properties":{"id":4997,"t":"kort"},"geometry":{"type":"Point","coordinates":[-74.6511,40.2312]}},{"type":"Feature","properties":{"id":4998,"t":"kort"},"geometry":{"type":"Point","coordinates":[-80.0045,32.7995]}},{"type":"Feature","properties":{"id":4999,"t":"kort"},"geometry":{"type":"Point","coordinates":[-74.6262,40.4713]}},{"type":"Feature","properties":{"id":5000,"t":"kort"},"geometry":{"type":"Point","coordinates":[-81.8273,34.8857]}},{"type":"Feature","properties":{"id":5001,"t":"kort"},"geometry":{"type":"Point","coordinates":[-71.7762,42.432]}},{"type":"Feature","properties":{"id":5002,"t":"kort"},"geometry":{"type":"Point","coordinates":[-77.3309,38.9789]}},{"type":"Feature","properties":{"id":5003,"t":"kort"},"geometry":{"type":"Point","coordinates":[-71.2669,41.6843]}},{"type":"Feature","properties":{"id":5004,"t":"kort"},"geometry":{"type":"Point","coordinates":[-121.0712,38.9079]}},{"type":"Feature","properties":{"id":5005,"t":"kort"},"geometry":{"type":"Point","coordinates":[-116.9017,36.4626]}},{"type":"Feature","properties":{"id":5006,"t":"kort"},"geometry":{"type":"Point","coordinates":[-75.5546,35.2675]}},{"type":"Feature","properties":{"id":5007,"t":"kort"},"geometry":{"type":"Point","coordinates":[-122.0894,37.7033]}},{"type":"Feature","properties":{"id":5008,"t":"kort"},"geometry":{"type":"Point","coordinates":[-122.0864,37.7017]}},{"type":"Feature","properties":{"id":5009,"t":"kort"},"geometry":{"type":"Point","coordinates":[-73.4045,41.4644]}},{"type":"Feature","properties":{"id":5010,"t":"ultra"},"geometry":{"type":"Point","coordinates":[-98.266,30.776]}},{"type":"Feature","properties":{"id":5011,"t":"kort"},"geometry":{"type":"Point","coordinates":[-80.7554,35.3223]}},{"type":"Feature","properties":{"id":5012,"t":"kort"},"geometry":{"type":"Point","coordinates":[-88.0204,41.9778]}},{"type":"Feature","properties":{"id":5013,"t":"kort"},"geometry":{"type":"Point","coordinates":[-82.5065,27.8888]}},{"type":"Feature","properties":{"id":5014,"t":"kort"},"geometry":{"type":"Point","coordinates":[-88.0269,41.9818]}},{"type":"Feature","properties":{"id":5015,"t":"kort"},"geometry":{"type":"Point","coordinates":[-86.1215,39.9155]}},{"type":"Feature","properties":{"id":5016,"t":"kort"},"geometry":{"type":"Point","coordinates":[-82.6783,27.7351]}},{"type":"Feature","properties":{"id":5017,"t":"ultra"},"geometry":{"type":"Point","coordinates":[-80.2379,39.2944]}},{"type":"Feature","properties":{"id":5018,"t":"kort"},"geometry":{"type":"Point","coordinates":[-95.6337,31.7614]}},{"type":"Feature","properties":{"id":5019,"t":"kort"},"geometry":{"type":"Point","coordinates":[-88.0664,42.2193]}},{"type":"Feature","properties":{"id":5020,"t":"kort"},"geometry":{"type":"Point","coordinates":[-80.1684,33.0129]}},{"type":"Feature","properties":{"id":5021,"t":"kort"},"geometry":{"type":"Point","coordinates":[-121.812,39.7174]}},{"type":"Feature","properties":{"id":5022,"t":"kort"},"geometry":{"type":"Point","coordinates":[-94.3666,35.3369]}},{"type":"Feature","properties":{"id":5023,"t":"kort"},"geometry":{"type":"Point","coordinates":[-84.6981,38.1553]}},{"type":"Feature","properties":{"id":5024,"t":"kort"},"geometry":{"type":"Point","coordinates":[-89.5609,40.6699]}},{"type":"Feature","properties":{"id":5025,"t":"kort"},"geometry":{"type":"Point","coordinates":[-72.743,42.1329]}},{"type":"Feature","properties":{"id":5026,"t":"kort"},"geometry":{"type":"Point","coordinates":[-97.1373,32.5833]}},{"type":"Feature","properties":{"id":5027,"t":"kort"},"geometry":{"type":"Point","coordinates":[-74.9668,39.6712]}},{"type":"Feature","properties":{"id":5028,"t":"kort"},"geometry":{"type":"Point","coordinates":[-77.8012,39.5846]}},{"type":"Feature","properties":{"id":5029,"t":"kort"},"geometry":{"type":"Point","coordinates":[-95.3534,29.759]}},{"type":"Feature","properties":{"id":5030,"t":"kort"},"geometry":{"type":"Point","coordinates":[-98.766,29.6251]}},{"type":"Feature","properties":{"id":5031,"t":"kort"},"geometry":{"type":"Point","coordinates":[-74.818,40.6442]}},{"type":"Feature","properties":{"id":5032,"t":"half"},"geometry":{"type":"Point","coordinates":[-75.5065,40.6739]}},{"type":"Feature","properties":{"id":5033,"t":"kort"},"geometry":{"type":"Point","coordinates":[-74.1809,42.9477]}},{"type":"Feature","properties":{"id":5034,"t":"kort"},"geometry":{"type":"Point","coordinates":[-77.4918,39.0317]}},{"type":"Feature","properties":{"id":5035,"t":"kort"},"geometry":{"type":"Point","coordinates":[-82.62,39.8641]}},{"type":"Feature","properties":{"id":5036,"t":"kort"},"geometry":{"type":"Point","coordinates":[-86.4281,35.8804]}},{"type":"Feature","properties":{"id":5037,"t":"kort"},"geometry":{"type":"Point","coordinates":[-122.094,47.2936]}},{"type":"Feature","properties":{"id":5038,"t":"kort"},"geometry":{"type":"Point","coordinates":[-96.8021,32.7838]}},{"type":"Feature","properties":{"id":5039,"t":"kort"},"geometry":{"type":"Point","coordinates":[-82.2617,34.747]}},{"type":"Feature","properties":{"id":5040,"t":"kort"},"geometry":{"type":"Point","coordinates":[-106.6425,35.1335]}},{"type":"Feature","properties":{"id":5041,"t":"half"},"geometry":{"type":"Point","coordinates":[-84.1706,34.2831]}},{"type":"Feature","properties":{"id":5042,"t":"half"},"geometry":{"type":"Point","coordinates":[-78.5735,34.6533]}},{"type":"Feature","properties":{"id":5043,"t":"half"},"geometry":{"type":"Point","coordinates":[-93.6647,32.4888]}},{"type":"Feature","properties":{"id":5044,"t":"kort"},"geometry":{"type":"Point","coordinates":[-75.5268,38.3606]}},{"type":"Feature","properties":{"id":5045,"t":"kort"},"geometry":{"type":"Point","coordinates":[-81.8143,41.4829]}},{"type":"Feature","properties":{"id":5046,"t":"kort"},"geometry":{"type":"Point","coordinates":[-81.8355,38.3762]}},{"type":"Feature","properties":{"id":5047,"t":"kort"},"geometry":{"type":"Point","coordinates":[-105.1262,39.8159]}},{"type":"Feature","properties":{"id":5048,"t":"kort"},"geometry":{"type":"Point","coordinates":[-80.138,26.102]}},{"type":"Feature","properties":{"id":5049,"t":"kort"},"geometry":{"type":"Point","coordinates":[-76.8212,39.1971]}},{"type":"Feature","properties":{"id":5050,"t":"kort"},"geometry":{"type":"Point","coordinates":[-76.5995,39.288]}},{"type":"Feature","properties":{"id":5051,"t":"kort"},"geometry":{"type":"Point","coordinates":[-122.2866,47.6841]}},{"type":"Feature","properties":{"id":5052,"t":"kort"},"geometry":{"type":"Point","coordinates":[-87.6647,41.5214]}},{"type":"Feature","properties":{"id":5053,"t":"kort"},"geometry":{"type":"Point","coordinates":[-121.0112,39.2167]}},{"type":"Feature","properties":{"id":5054,"t":"kort"},"geometry":{"type":"Point","coordinates":[-112.0119,40.6522]}},{"type":"Feature","properties":{"id":5055,"t":"kort"},"geometry":{"type":"Point","coordinates":[-82.568,27.5465]}},{"type":"Feature","properties":{"id":5056,"t":"kort"},"geometry":{"type":"Point","coordinates":[-74.0618,40.0814]}},{"type":"Feature","properties":{"id":5057,"t":"half"},"geometry":{"type":"Point","coordinates":[-118.0166,33.6867]}},{"type":"Feature","properties":{"id":5058,"t":"kort"},"geometry":{"type":"Point","coordinates":[-80.4049,36.0313]}},{"type":"Feature","properties":{"id":5059,"t":"half"},"geometry":{"type":"Point","coordinates":[-73.8286,40.7616]}},{"type":"Feature","properties":{"id":5060,"t":"kort"},"geometry":{"type":"Point","coordinates":[-77.4618,37.5558]}},{"type":"Feature","properties":{"id":5061,"t":"kort"},"geometry":{"type":"Point","coordinates":[-89.5151,43.1128]}},{"type":"Feature","properties":{"id":5062,"t":"kort"},"geometry":{"type":"Point","coordinates":[-75.139,39.8511]}},{"type":"Feature","properties":{"id":5063,"t":"ultra"},"geometry":{"type":"Point","coordinates":[-81.4051,30.3411]}},{"type":"Feature","properties":{"id":5064,"t":"kort"},"geometry":{"type":"Point","coordinates":[-81.4849,31.1799]}},{"type":"Feature","properties":{"id":5065,"t":"kort"},"geometry":{"type":"Point","coordinates":[-70.8588,42.8435]}},{"type":"Feature","properties":{"id":5066,"t":"kort"},"geometry":{"type":"Point","coordinates":[-77.7859,34.231]}},{"type":"Feature","properties":{"id":5067,"t":"kort"},"geometry":{"type":"Point","coordinates":[-80.2306,26.0661]}},{"type":"Feature","properties":{"id":5068,"t":"kort"},"geometry":{"type":"Point","coordinates":[-82.3362,28.2435]}},{"type":"Feature","properties":{"id":5069,"t":"kort"},"geometry":{"type":"Point","coordinates":[-91.5372,34.4774]}},{"type":"Feature","properties":{"id":5070,"t":"kort"},"geometry":{"type":"Point","coordinates":[-84.0362,39.7282]}},{"type":"Feature","properties":{"id":5071,"t":"kort"},"geometry":{"type":"Point","coordinates":[-75.2259,43.1073]}},{"type":"Feature","properties":{"id":5072,"t":"kort"},"geometry":{"type":"Point","coordinates":[-98.4658,29.3943]}},{"type":"Feature","properties":{"id":5073,"t":"kort"},"geometry":{"type":"Point","coordinates":[-89.8966,35.3267]}},{"type":"Feature","properties":{"id":5074,"t":"kort"},"geometry":{"type":"Point","coordinates":[-95.6024,29.5709]}},{"type":"Feature","properties":{"id":5075,"t":"kort"},"geometry":{"type":"Point","coordinates":[-122.0705,37.3984]}},{"type":"Feature","properties":{"id":5076,"t":"kort"},"geometry":{"type":"Point","coordinates":[-83.7883,31.952]}},{"type":"Feature","properties":{"id":5077,"t":"ultra"},"geometry":{"type":"Point","coordinates":[-77.9005,34.0298]}},{"type":"Feature","properties":{"id":5078,"t":"kort"},"geometry":{"type":"Point","coordinates":[-104.2428,32.4141]}},{"type":"Feature","properties":{"id":5079,"t":"kort"},"geometry":{"type":"Point","coordinates":[-81.42,28.3081]}},{"type":"Feature","properties":{"id":5080,"t":"half"},"geometry":{"type":"Point","coordinates":[-113.5513,37.0759]}},{"type":"Feature","properties":{"id":5081,"t":"ultra"},"geometry":{"type":"Point","coordinates":[-112.0922,33.554]}},{"type":"Feature","properties":{"id":5082,"t":"ultra"},"geometry":{"type":"Point","coordinates":[-81.882,29.0653]}},{"type":"Feature","properties":{"id":5083,"t":"kort"},"geometry":{"type":"Point","coordinates":[-86.4443,37.013]}},{"type":"Feature","properties":{"id":5084,"t":"kort"},"geometry":{"type":"Point","coordinates":[-80.7497,28.3734]}},{"type":"Feature","properties":{"id":5085,"t":"ultra"},"geometry":{"type":"Point","coordinates":[-95.1915,35.663]}},{"type":"Feature","properties":{"id":5086,"t":"kort"},"geometry":{"type":"Point","coordinates":[-82.2495,34.7576]}},{"type":"Feature","properties":{"id":5087,"t":"kort"},"geometry":{"type":"Point","coordinates":[-118.463,33.9691]}},{"type":"Feature","properties":{"id":5088,"t":"kort"},"geometry":{"type":"Point","coordinates":[-96.9568,33.168]}},{"type":"Feature","properties":{"id":5089,"t":"half"},"geometry":{"type":"Point","coordinates":[-94.2557,30.0806]}},{"type":"Feature","properties":{"id":5090,"t":"half"},"geometry":{"type":"Point","coordinates":[-82.7558,28.1983]}},{"type":"Feature","properties":{"id":5091,"t":"half"},"geometry":{"type":"Point","coordinates":[-91.5106,41.6311]}},{"type":"Feature","properties":{"id":5092,"t":"half"},"geometry":{"type":"Point","coordinates":[-94.7948,32.5307]}},{"type":"Feature","properties":{"id":5093,"t":"half"},"geometry":{"type":"Point","coordinates":[-97.0538,36.1424]}},{"type":"Feature","properties":{"id":5094,"t":"half"},"geometry":{"type":"Point","coordinates":[-83.873,33.9869]}},{"type":"Feature","properties":{"id":5095,"t":"kort"},"geometry":{"type":"Point","coordinates":[-82.4232,35.0053]}},{"type":"Feature","properties":{"id":5096,"t":"kort"},"geometry":{"type":"Point","coordinates":[-98.3331,26.2141]}},{"type":"Feature","properties":{"id":5097,"t":"kort"},"geometry":{"type":"Point","coordinates":[-124.06,44.5656]}},{"type":"Feature","properties":{"id":5098,"t":"kort"},"geometry":{"type":"Point","coordinates":[-123.1805,45.6025]}},{"type":"Feature","properties":{"id":5099,"t":"kort"},"geometry":{"type":"Point","coordinates":[-72.8395,43.1643]}},{"type":"Feature","properties":{"id":5100,"t":"kort"},"geometry":{"type":"Point","coordinates":[-82.3239,28.2399]}},{"type":"Feature","properties":{"id":5101,"t":"kort"},"geometry":{"type":"Point","coordinates":[-82.2597,34.7542]}},{"type":"Feature","properties":{"id":5102,"t":"kort"},"geometry":{"type":"Point","coordinates":[-97.3035,32.5308]}},{"type":"Feature","properties":{"id":5103,"t":"kort"},"geometry":{"type":"Point","coordinates":[-95.5529,29.923]}},{"type":"Feature","properties":{"id":5104,"t":"kort"},"geometry":{"type":"Point","coordinates":[-120.4834,35.0234]}},{"type":"Feature","properties":{"id":5105,"t":"ultra"},"geometry":{"type":"Point","coordinates":[-93.8901,32.5785]}},{"type":"Feature","properties":{"id":5106,"t":"kort"},"geometry":{"type":"Point","coordinates":[-81.4137,26.184]}},{"type":"Feature","properties":{"id":5107,"t":"half"},"geometry":{"type":"Point","coordinates":[-96.8017,32.8933]}},{"type":"Feature","properties":{"id":5108,"t":"half"},"geometry":{"type":"Point","coordinates":[-87.6136,41.8938]}},{"type":"Feature","properties":{"id":5109,"t":"half"},"geometry":{"type":"Point","coordinates":[-94.7285,39.2236]}},{"type":"Feature","properties":{"id":5110,"t":"half"},"geometry":{"type":"Point","coordinates":[-86.6681,36.1629]}},{"type":"Feature","properties":{"id":5111,"t":"kort"},"geometry":{"type":"Point","coordinates":[-104.6181,38.3219]}},{"type":"Feature","properties":{"id":5112,"t":"kort"},"geometry":{"type":"Point","coordinates":[-122.3502,40.6226]}},{"type":"Feature","properties":{"id":5113,"t":"ultra"},"geometry":{"type":"Point","coordinates":[-80.3247,26.0675]}},{"type":"Feature","properties":{"id":5114,"t":"kort"},"geometry":{"type":"Point","coordinates":[-95.3621,29.7668]}},{"type":"Feature","properties":{"id":5115,"t":"kort"},"geometry":{"type":"Point","coordinates":[-93.0087,44.9504]}},{"type":"Feature","properties":{"id":5116,"t":"half"},"geometry":{"type":"Point","coordinates":[-115.2686,36.1916]}},{"type":"Feature","properties":{"id":5117,"t":"half"},"geometry":{"type":"Point","coordinates":[-118.1341,33.7521]}},{"type":"Feature","properties":{"id":5118,"t":"kort"},"geometry":{"type":"Point","coordinates":[-84.3923,33.7906]}},{"type":"Feature","properties":{"id":5119,"t":"kort"},"geometry":{"type":"Point","coordinates":[-118.287,34.106]}},{"type":"Feature","properties":{"id":5120,"t":"ultra"},"geometry":{"type":"Point","coordinates":[-81.6248,26.7115]}},{"type":"Feature","properties":{"id":5121,"t":"kort"},"geometry":{"type":"Point","coordinates":[-78.9334,35.3318]}},{"type":"Feature","properties":{"id":5122,"t":"kort"},"geometry":{"type":"Point","coordinates":[-122.392,45.4293]}},{"type":"Feature","properties":{"id":5123,"t":"ultra"},"geometry":{"type":"Point","coordinates":[-90.4638,38.6935]}},{"type":"Feature","properties":{"id":5124,"t":"kort"},"geometry":{"type":"Point","coordinates":[-120.2686,35.3486]}},{"type":"Feature","properties":{"id":5125,"t":"half"},"geometry":{"type":"Point","coordinates":[-90.0583,35.1526]}},{"type":"Feature","properties":{"id":5126,"t":"half"},"geometry":{"type":"Point","coordinates":[-87.9016,43.0546]}},{"type":"Feature","properties":{"id":5127,"t":"half"},"geometry":{"type":"Point","coordinates":[-90.4571,38.7199]}},{"type":"Feature","properties":{"id":5128,"t":"kort"},"geometry":{"type":"Point","coordinates":[-83.7043,41.7152]}},{"type":"Feature","properties":{"id":5129,"t":"kort"},"geometry":{"type":"Point","coordinates":[-114.0132,46.8579]}},{"type":"Feature","properties":{"id":5130,"t":"kort"},"geometry":{"type":"Point","coordinates":[-76.8354,39.2147]}},{"type":"Feature","properties":{"id":5131,"t":"kort"},"geometry":{"type":"Point","coordinates":[-80.1328,26.0996]}},{"type":"Feature","properties":{"id":5132,"t":"marathon"},"geometry":{"type":"Point","coordinates":[-81.5763,28.3774]}},{"type":"Feature","properties":{"id":5133,"t":"marathon"},"geometry":{"type":"Point","coordinates":[-81.5812,28.3752]}},{"type":"Feature","properties":{"id":5134,"t":"kort"},"geometry":{"type":"Point","coordinates":[-81.7814,24.565]}},{"type":"Feature","properties":{"id":5135,"t":"marathon"},"geometry":{"type":"Point","coordinates":[-81.5975,28.2977]}},{"type":"Feature","properties":{"id":5136,"t":"ultra"},"geometry":{"type":"Point","coordinates":[-112.0062,43.4658]}},{"type":"Feature","properties":{"id":5137,"t":"kort"},"geometry":{"type":"Point","coordinates":[-92.9187,42.0387]}},{"type":"Feature","properties":{"id":5138,"t":"ultra"},"geometry":{"type":"Point","coordinates":[-80.1973,36.0465]}},{"type":"Feature","properties":{"id":5139,"t":"half"},"geometry":{"type":"Point","coordinates":[-80.2335,39.4861]}},{"type":"Feature","properties":{"id":5140,"t":"kort"},"geometry":{"type":"Point","coordinates":[-81.7741,24.561]}},{"type":"Feature","properties":{"id":5141,"t":"kort"},"geometry":{"type":"Point","coordinates":[-80.343,27.4404]}},{"type":"Feature","properties":{"id":5142,"t":"kort"},"geometry":{"type":"Point","coordinates":[-86.6086,33.1772]}},{"type":"Feature","properties":{"id":5143,"t":"kort"},"geometry":{"type":"Point","coordinates":[-98.072,26.4571]}},{"type":"Feature","properties":{"id":5144,"t":"kort"},"geometry":{"type":"Point","coordinates":[-80.998,29.2141]}},{"type":"Feature","properties":{"id":5145,"t":"kort"},"geometry":{"type":"Point","coordinates":[-105.0889,39.7969]}},{"type":"Feature","properties":{"id":5146,"t":"ultra"},"geometry":{"type":"Point","coordinates":[-94.2133,34.5782]}},{"type":"Feature","properties":{"id":5147,"t":"ultra"},"geometry":{"type":"Point","coordinates":[-118.3517,33.3348]}},{"type":"Feature","properties":{"id":5148,"t":"ultra"},"geometry":{"type":"Point","coordinates":[-99.0363,29.7194]}},{"type":"Feature","properties":{"id":5149,"t":"kort"},"geometry":{"type":"Point","coordinates":[-97.6369,30.4371]}},{"type":"Feature","properties":{"id":5150,"t":"kort"},"geometry":{"type":"Point","coordinates":[-94.7938,29.3007]}},{"type":"Feature","properties":{"id":5151,"t":"kort"},"geometry":{"type":"Point","coordinates":[-82.6028,28.0337]}},{"type":"Feature","properties":{"id":5152,"t":"half"},"geometry":{"type":"Point","coordinates":[-106.6949,35.1477]}},{"type":"Feature","properties":{"id":5153,"t":"half"},"geometry":{"type":"Point","coordinates":[-84.0075,34.111]}},{"type":"Feature","properties":{"id":5154,"t":"half"},"geometry":{"type":"Point","coordinates":[-111.0159,32.2422]}},{"type":"Feature","properties":{"id":5155,"t":"kort"},"geometry":{"type":"Point","coordinates":[-117.4599,33.9164]}},{"type":"Feature","properties":{"id":5156,"t":"kort"},"geometry":{"type":"Point","coordinates":[-81.872,26.628]}},{"type":"Feature","properties":{"id":5157,"t":"kort"},"geometry":{"type":"Point","coordinates":[-89.4567,30.2954]}},{"type":"Feature","properties":{"id":5158,"t":"kort"},"geometry":{"type":"Point","coordinates":[-80.68,28.2005]}},{"type":"Feature","properties":{"id":5159,"t":"kort"},"geometry":{"type":"Point","coordinates":[-118.9329,35.3777]}},{"type":"Feature","properties":{"id":5160,"t":"half"},"geometry":{"type":"Point","coordinates":[-85.2425,35.0518]}},{"type":"Feature","properties":{"id":5161,"t":"kort"},"geometry":{"type":"Point","coordinates":[-88.9963,40.5118]}},{"type":"Feature","properties":{"id":5162,"t":"ultra"},"geometry":{"type":"Point","coordinates":[-84.731,37.0545]}},{"type":"Feature","properties":{"id":5163,"t":"ultra"},"geometry":{"type":"Point","coordinates":[-81.6748,38.3182]}},{"type":"Feature","properties":{"id":5164,"t":"half"},"geometry":{"type":"Point","coordinates":[-118.1339,33.7565]}},{"type":"Feature","properties":{"id":5165,"t":"half"},"geometry":{"type":"Point","coordinates":[-85.7993,33.7406]}},{"type":"Feature","properties":{"id":5166,"t":"kort"},"geometry":{"type":"Point","coordinates":[-81.9351,26.4993]}},{"type":"Feature","properties":{"id":5167,"t":"kort"},"geometry":{"type":"Point","coordinates":[-120.9661,37.6489]}},{"type":"Feature","properties":{"id":5168,"t":"kort"},"geometry":{"type":"Point","coordinates":[-155.9761,19.6515]}},{"type":"Feature","properties":{"id":5169,"t":"kort"},"geometry":{"type":"Point","coordinates":[-91.1757,30.453]}},{"type":"Feature","properties":{"id":5170,"t":"kort"},"geometry":{"type":"Point","coordinates":[-71.9869,41.3622]}},{"type":"Feature","properties":{"id":5171,"t":"kort"},"geometry":{"type":"Point","coordinates":[-97.0885,32.931]}},{"type":"Feature","properties":{"id":5172,"t":"ultra"},"geometry":{"type":"Point","coordinates":[-78.9089,36.2457]}},{"type":"Feature","properties":{"id":5173,"t":"kort"},"geometry":{"type":"Point","coordinates":[-82.6249,34.4319]}},{"type":"Feature","properties":{"id":5174,"t":"kort"},"geometry":{"type":"Point","coordinates":[-78.7738,35.7571]}},{"type":"Feature","properties":{"id":5175,"t":"half"},"geometry":{"type":"Point","coordinates":[-93.2536,36.6744]}},{"type":"Feature","properties":{"id":5176,"t":"half"},"geometry":{"type":"Point","coordinates":[-97.6197,30.4349]}},{"type":"Feature","properties":{"id":5177,"t":"half"},"geometry":{"type":"Point","coordinates":[-82.054,26.9182]}},{"type":"Feature","properties":{"id":5178,"t":"half"},"geometry":{"type":"Point","coordinates":[-84.3068,37.7594]}},{"type":"Feature","properties":{"id":5179,"t":"kort"},"geometry":{"type":"Point","coordinates":[-97.768,30.2827]}},{"type":"Feature","properties":{"id":5180,"t":"kort"},"geometry":{"type":"Point","coordinates":[-81.2405,35.6504]}},{"type":"Feature","properties":{"id":5181,"t":"ultra"},"geometry":{"type":"Point","coordinates":[-74.2692,40.7427]}},{"type":"Feature","properties":{"id":5182,"t":"half"},"geometry":{"type":"Point","coordinates":[-79.9555,40.5672]}},{"type":"Feature","properties":{"id":5183,"t":"kort"},"geometry":{"type":"Point","coordinates":[-97.1552,32.9429]}},{"type":"Feature","properties":{"id":5184,"t":"kort"},"geometry":{"type":"Point","coordinates":[-80.9848,29.1365]}},{"type":"Feature","properties":{"id":5185,"t":"kort"},"geometry":{"type":"Point","coordinates":[-83.9802,33.6342]}},{"type":"Feature","properties":{"id":5186,"t":"half"},"geometry":{"type":"Point","coordinates":[-87.1746,30.3513]}},{"type":"Feature","properties":{"id":5187,"t":"kort"},"geometry":{"type":"Point","coordinates":[-81.6964,35.1037]}},{"type":"Feature","properties":{"id":5188,"t":"half"},"geometry":{"type":"Point","coordinates":[-84.9688,32.4648]}},{"type":"Feature","properties":{"id":5189,"t":"kort"},"geometry":{"type":"Point","coordinates":[-122.628,45.8856]}},{"type":"Feature","properties":{"id":5190,"t":"marathon"},"geometry":{"type":"Point","coordinates":[-86.9784,34.5994]}},{"type":"Feature","properties":{"id":5191,"t":"kort"},"geometry":{"type":"Point","coordinates":[-96.9946,33.055]}},{"type":"Feature","properties":{"id":5192,"t":"half"},"geometry":{"type":"Point","coordinates":[-98.898,29.9765]}},{"type":"Feature","properties":{"id":5193,"t":"kort"},"geometry":{"type":"Point","coordinates":[-80.2356,26.0755]}},{"type":"Feature","properties":{"id":5194,"t":"kort"},"geometry":{"type":"Point","coordinates":[-89.8482,35.1897]}},{"type":"Feature","properties":{"id":5195,"t":"ultra"},"geometry":{"type":"Point","coordinates":[-117.0757,33.1059]}},{"type":"Feature","properties":{"id":5196,"t":"half"},"geometry":{"type":"Point","coordinates":[-82.3421,27.3348]}},{"type":"Feature","properties":{"id":5197,"t":"kort"},"geometry":{"type":"Point","coordinates":[-76.2493,36.6378]}},{"type":"Feature","properties":{"id":5198,"t":"half"},"geometry":{"type":"Point","coordinates":[-83.7365,42.276]}},{"type":"Feature","properties":{"id":5199,"t":"half"},"geometry":{"type":"Point","coordinates":[-95.3491,29.759]}},{"type":"Feature","properties":{"id":5200,"t":"half"},"geometry":{"type":"Point","coordinates":[-93.0391,44.9714]}},{"type":"Feature","properties":{"id":5201,"t":"half"},"geometry":{"type":"Point","coordinates":[-95.9211,36.0262]}},{"type":"Feature","properties":{"id":5202,"t":"ultra"},"geometry":{"type":"Point","coordinates":[-92.3593,35.2231]}},{"type":"Feature","properties":{"id":5203,"t":"ultra"},"geometry":{"type":"Point","coordinates":[-81.0944,31.9944]}},{"type":"Feature","properties":{"id":5204,"t":"kort"},"geometry":{"type":"Point","coordinates":[-94.2184,30.281]}},{"type":"Feature","properties":{"id":5205,"t":"kort"},"geometry":{"type":"Point","coordinates":[-104.843,38.7057]}},{"type":"Feature","properties":{"id":5206,"t":"kort"},"geometry":{"type":"Point","coordinates":[-82.5393,27.2566]}},{"type":"Feature","properties":{"id":5207,"t":"kort"},"geometry":{"type":"Point","coordinates":[-118.1457,34.198]}},{"type":"Feature","properties":{"id":5208,"t":"kort"},"geometry":{"type":"Point","coordinates":[-80.0972,26.3152]}},{"type":"Feature","properties":{"id":5209,"t":"kort"},"geometry":{"type":"Point","coordinates":[-77.026,38.8821]}},{"type":"Feature","properties":{"id":5210,"t":"kort"},"geometry":{"type":"Point","coordinates":[-97.4078,27.7919]}},{"type":"Feature","properties":{"id":5211,"t":"kort"},"geometry":{"type":"Point","coordinates":[-98.2834,29.5367]}},{"type":"Feature","properties":{"id":5212,"t":"half"},"geometry":{"type":"Point","coordinates":[-106.7934,32.3238]}},{"type":"Feature","properties":{"id":5213,"t":"half"},"geometry":{"type":"Point","coordinates":[-112.1806,33.6273]}},{"type":"Feature","properties":{"id":5214,"t":"kort"},"geometry":{"type":"Point","coordinates":[-79.9732,40.5714]}},{"type":"Feature","properties":{"id":5215,"t":"half"},"geometry":{"type":"Point","coordinates":[-72.9165,41.9239]}},{"type":"Feature","properties":{"id":5216,"t":"kort"},"geometry":{"type":"Point","coordinates":[-69.6288,44.5597]}},{"type":"Feature","properties":{"id":5217,"t":"marathon"},"geometry":{"type":"Point","coordinates":[-88.0578,30.6956]}},{"type":"Feature","properties":{"id":5218,"t":"kort"},"geometry":{"type":"Point","coordinates":[-80.2161,26.3825]}},{"type":"Feature","properties":{"id":5219,"t":"half"},"geometry":{"type":"Point","coordinates":[-98.4805,29.4239]}},{"type":"Feature","properties":{"id":5220,"t":"half"},"geometry":{"type":"Point","coordinates":[-94.1622,36.0528]}},{"type":"Feature","properties":{"id":5221,"t":"half"},"geometry":{"type":"Point","coordinates":[-85.6266,43.0086]}},{"type":"Feature","properties":{"id":5222,"t":"half"},"geometry":{"type":"Point","coordinates":[-84.5588,42.7547]}},{"type":"Feature","properties":{"id":5223,"t":"half"},"geometry":{"type":"Point","coordinates":[-92.4801,44.0458]}},{"type":"Feature","properties":{"id":5224,"t":"kort"},"geometry":{"type":"Point","coordinates":[-75.5465,39.7486]}},{"type":"Feature","properties":{"id":5225,"t":"kort"},"geometry":{"type":"Point","coordinates":[-122.288,47.6889]}},{"type":"Feature","properties":{"id":5226,"t":"kort"},"geometry":{"type":"Point","coordinates":[-89.9693,35.2027]}},{"type":"Feature","properties":{"id":5227,"t":"kort"},"geometry":{"type":"Point","coordinates":[-78.9223,35.9046]}},{"type":"Feature","properties":{"id":5228,"t":"kort"},"geometry":{"type":"Point","coordinates":[-114.032,46.8252]}},{"type":"Feature","properties":{"id":5229,"t":"kort"},"geometry":{"type":"Point","coordinates":[-80.7308,28.397]}},{"type":"Feature","properties":{"id":5230,"t":"ultra"},"geometry":{"type":"Point","coordinates":[-77.7981,34.3045]}},{"type":"Feature","properties":{"id":5231,"t":"kort"},"geometry":{"type":"Point","coordinates":[-82.0154,26.6341]}},{"type":"Feature","properties":{"id":5232,"t":"half"},"geometry":{"type":"Point","coordinates":[-79.7454,35.0956]}},{"type":"Feature","properties":{"id":5233,"t":"half"},"geometry":{"type":"Point","coordinates":[-158.0173,21.3278]}},{"type":"Feature","properties":{"id":5234,"t":"tri"},"geometry":{"type":"Point","coordinates":[-106.0708,39.2795]}},{"type":"Feature","properties":{"id":5235,"t":"kort"},"geometry":{"type":"Point","coordinates":[-96.7809,32.9269]}},{"type":"Feature","properties":{"id":5236,"t":"kort"},"geometry":{"type":"Point","coordinates":[-82.0467,26.9164]}},{"type":"Feature","properties":{"id":5237,"t":"kort"},"geometry":{"type":"Point","coordinates":[-118.2914,33.7301]}},{"type":"Feature","properties":{"id":5238,"t":"kort"},"geometry":{"type":"Point","coordinates":[-85.2124,34.2799]}},{"type":"Feature","properties":{"id":5239,"t":"half"},"geometry":{"type":"Point","coordinates":[-76.4354,37.127]}},{"type":"Feature","properties":{"id":5240,"t":"half"},"geometry":{"type":"Point","coordinates":[-97.3629,35.3213]}},{"type":"Feature","properties":{"id":5241,"t":"kort"},"geometry":{"type":"Point","coordinates":[-119.776,36.8637]}},{"type":"Feature","properties":{"id":5242,"t":"kort"},"geometry":{"type":"Point","coordinates":[-76.2438,36.641]}},{"type":"Feature","properties":{"id":5243,"t":"kort"},"geometry":{"type":"Point","coordinates":[-84.693,44.6776]}},{"type":"Feature","properties":{"id":5244,"t":"ultra"},"geometry":{"type":"Point","coordinates":[-77.134,38.2843]}},{"type":"Feature","properties":{"id":5245,"t":"half"},"geometry":{"type":"Point","coordinates":[-118.1261,33.7549]}},{"type":"Feature","properties":{"id":5246,"t":"kort"},"geometry":{"type":"Point","coordinates":[-83.0387,42.3307]}},{"type":"Feature","properties":{"id":5247,"t":"kort"},"geometry":{"type":"Point","coordinates":[-79.0755,40.0342]}},{"type":"Feature","properties":{"id":5248,"t":"kort"},"geometry":{"type":"Point","coordinates":[-80.2978,27.2969]}},{"type":"Feature","properties":{"id":5249,"t":"kort"},"geometry":{"type":"Point","coordinates":[-82.4078,34.841]}},{"type":"Feature","properties":{"id":5250,"t":"ultra"},"geometry":{"type":"Point","coordinates":[-81.1773,34.0776]}},{"type":"Feature","properties":{"id":5251,"t":"half"},"geometry":{"type":"Point","coordinates":[-81.7756,24.5538]}},{"type":"Feature","properties":{"id":5252,"t":"kort"},"geometry":{"type":"Point","coordinates":[-80.8794,35.4701]}},{"type":"Feature","properties":{"id":5253,"t":"kort"},"geometry":{"type":"Point","coordinates":[-117.948,34.0375]}},{"type":"Feature","properties":{"id":5254,"t":"kort"},"geometry":{"type":"Point","coordinates":[-80.6166,28.3241]}},{"type":"Feature","properties":{"id":5255,"t":"ultra"},"geometry":{"type":"Point","coordinates":[-97.2811,30.1294]}},{"type":"Feature","properties":{"id":5256,"t":"kort"},"geometry":{"type":"Point","coordinates":[-80.5807,28.0999]}},{"type":"Feature","properties":{"id":5257,"t":"kort"},"geometry":{"type":"Point","coordinates":[-82.4687,28.4501]}},{"type":"Feature","properties":{"id":5258,"t":"marathon"},"geometry":{"type":"Point","coordinates":[-81.2202,28.5947]}},{"type":"Feature","properties":{"id":5259,"t":"half"},"geometry":{"type":"Point","coordinates":[-90.4892,41.5581]}},{"type":"Feature","properties":{"id":5260,"t":"kort"},"geometry":{"type":"Point","coordinates":[-86.7986,33.5296]}},{"type":"Feature","properties":{"id":5261,"t":"half"},"geometry":{"type":"Point","coordinates":[-84.4316,33.8484]}},{"type":"Feature","properties":{"id":5262,"t":"half"},"geometry":{"type":"Point","coordinates":[-97.6692,30.1754]}},{"type":"Feature","properties":{"id":5263,"t":"half"},"geometry":{"type":"Point","coordinates":[-87.6626,41.9657]}},{"type":"Feature","properties":{"id":5264,"t":"half"},"geometry":{"type":"Point","coordinates":[-97.3797,32.7376]}},{"type":"Feature","properties":{"id":5265,"t":"half"},"geometry":{"type":"Point","coordinates":[-104.7512,39.597]}},{"type":"Feature","properties":{"id":5266,"t":"half"},"geometry":{"type":"Point","coordinates":[-95.4156,29.7453]}},{"type":"Feature","properties":{"id":5267,"t":"half"},"geometry":{"type":"Point","coordinates":[-94.5984,39.0533]}},{"type":"Feature","properties":{"id":5268,"t":"half"},"geometry":{"type":"Point","coordinates":[-115.1475,36.11]}},{"type":"Feature","properties":{"id":5269,"t":"half"},"geometry":{"type":"Point","coordinates":[-118.5367,34.0515]}},{"type":"Feature","properties":{"id":5270,"t":"half"},"geometry":{"type":"Point","coordinates":[-90.0538,35.1466]}},{"type":"Feature","properties":{"id":5271,"t":"half"},"geometry":{"type":"Point","coordinates":[-80.1595,25.6935]}},{"type":"Feature","properties":{"id":5272,"t":"half"},"geometry":{"type":"Point","coordinates":[-75.1179,39.9299]}},{"type":"Feature","properties":{"id":5273,"t":"half"},"geometry":{"type":"Point","coordinates":[-74.0057,40.7384]}},{"type":"Feature","properties":{"id":5274,"t":"half"},"geometry":{"type":"Point","coordinates":[-75.1177,39.9373]}},{"type":"Feature","properties":{"id":5275,"t":"half"},"geometry":{"type":"Point","coordinates":[-111.9823,33.5008]}},{"type":"Feature","properties":{"id":5276,"t":"half"},"geometry":{"type":"Point","coordinates":[-121.474,38.5814]}},{"type":"Feature","properties":{"id":5277,"t":"half"},"geometry":{"type":"Point","coordinates":[-98.4256,29.5423]}},{"type":"Feature","properties":{"id":5278,"t":"half"},"geometry":{"type":"Point","coordinates":[-117.2388,32.7332]}},{"type":"Feature","properties":{"id":5279,"t":"half"},"geometry":{"type":"Point","coordinates":[-122.4638,37.8089]}},{"type":"Feature","properties":{"id":5280,"t":"half"},"geometry":{"type":"Point","coordinates":[-122.3903,47.5458]}},{"type":"Feature","properties":{"id":5281,"t":"half"},"geometry":{"type":"Point","coordinates":[-82.569,28.0167]}},{"type":"Feature","properties":{"id":5282,"t":"kort"},"geometry":{"type":"Point","coordinates":[-80.6262,35.4213]}},{"type":"Feature","properties":{"id":5283,"t":"half"},"geometry":{"type":"Point","coordinates":[-84.2175,33.5689]}},{"type":"Feature","properties":{"id":5284,"t":"kort"},"geometry":{"type":"Point","coordinates":[-112.8573,33.8874]}},{"type":"Feature","properties":{"id":5285,"t":"kort"},"geometry":{"type":"Point","coordinates":[-81.7479,28.5555]}},{"type":"Feature","properties":{"id":5286,"t":"ultra"},"geometry":{"type":"Point","coordinates":[-75.8396,39.629]}},{"type":"Feature","properties":{"id":5287,"t":"kort"},"geometry":{"type":"Point","coordinates":[-85.237,35.0548]}},{"type":"Feature","properties":{"id":5288,"t":"half"},"geometry":{"type":"Point","coordinates":[-84.5535,33.3859]}},{"type":"Feature","properties":{"id":5289,"t":"kort"},"geometry":{"type":"Point","coordinates":[-81.4223,31.0764]}},{"type":"Feature","properties":{"id":5290,"t":"half"},"geometry":{"type":"Point","coordinates":[-80.8802,29.01]}},{"type":"Feature","properties":{"id":5291,"t":"half"},"geometry":{"type":"Point","coordinates":[-114.1284,47.6786]}},{"type":"Feature","properties":{"id":5292,"t":"kort"},"geometry":{"type":"Point","coordinates":[-82.7536,27.7542]}},{"type":"Feature","properties":{"id":5293,"t":"marathon"},"geometry":{"type":"Point","coordinates":[-84.4231,33.8552]}},{"type":"Feature","properties":{"id":5294,"t":"marathon"},"geometry":{"type":"Point","coordinates":[-97.6787,30.1734]}},{"type":"Feature","properties":{"id":5295,"t":"marathon"},"geometry":{"type":"Point","coordinates":[-87.6722,41.9637]}},{"type":"Feature","properties":{"id":5296,"t":"marathon"},"geometry":{"type":"Point","coordinates":[-97.394,32.7348]}},{"type":"Feature","properties":{"id":5297,"t":"marathon"},"geometry":{"type":"Point","coordinates":[-104.7379,39.6102]}},{"type":"Feature","properties":{"id":5298,"t":"marathon"},"geometry":{"type":"Point","coordinates":[-95.4072,29.7521]}},{"type":"Feature","properties":{"id":5299,"t":"marathon"},"geometry":{"type":"Point","coordinates":[-94.6004,39.0649]}},{"type":"Feature","properties":{"id":5300,"t":"marathon"},"geometry":{"type":"Point","coordinates":[-115.1487,36.0984]}},{"type":"Feature","properties":{"id":5301,"t":"marathon"},"geometry":{"type":"Point","coordinates":[-118.5217,34.0439]}},{"type":"Feature","properties":{"id":5302,"t":"marathon"},"geometry":{"type":"Point","coordinates":[-90.0452,35.1534]}},{"type":"Feature","properties":{"id":5303,"t":"marathon"},"geometry":{"type":"Point","coordinates":[-80.1542,25.6875]}},{"type":"Feature","properties":{"id":5304,"t":"marathon"},"geometry":{"type":"Point","coordinates":[-75.1097,39.9255]}},{"type":"Feature","properties":{"id":5305,"t":"marathon"},"geometry":{"type":"Point","coordinates":[-74.0077,40.75]}},{"type":"Feature","properties":{"id":5306,"t":"marathon"},"geometry":{"type":"Point","coordinates":[-75.108,39.9321]}},{"type":"Feature","properties":{"id":5307,"t":"marathon"},"geometry":{"type":"Point","coordinates":[-111.999,33.4876]}},{"type":"Feature","properties":{"id":5308,"t":"marathon"},"geometry":{"type":"Point","coordinates":[-121.4578,38.5762]}},{"type":"Feature","properties":{"id":5309,"t":"marathon"},"geometry":{"type":"Point","coordinates":[-98.4276,29.5339]}},{"type":"Feature","properties":{"id":5310,"t":"marathon"},"geometry":{"type":"Point","coordinates":[-117.215,32.7216]}},{"type":"Feature","properties":{"id":5311,"t":"marathon"},"geometry":{"type":"Point","coordinates":[-118.537,34.0497]}},{"type":"Feature","properties":{"id":5312,"t":"marathon"},"geometry":{"type":"Point","coordinates":[-122.3988,47.5318]}},{"type":"Feature","properties":{"id":5313,"t":"marathon"},"geometry":{"type":"Point","coordinates":[-82.589,28.0107]}},{"type":"Feature","properties":{"id":5314,"t":"marathon"},"geometry":{"type":"Point","coordinates":[-82.1138,29.564]}},{"type":"Feature","properties":{"id":5315,"t":"kort"},"geometry":{"type":"Point","coordinates":[-97.7804,32.4348]}},{"type":"Feature","properties":{"id":5316,"t":"marathon"},"geometry":{"type":"Point","coordinates":[-91.188,30.451]}},{"type":"Feature","properties":{"id":5317,"t":"half"},"geometry":{"type":"Point","coordinates":[-80.8718,32.1207]}},{"type":"Feature","properties":{"id":5318,"t":"half"},"geometry":{"type":"Point","coordinates":[-92.2691,34.7604]}},{"type":"Feature","properties":{"id":5319,"t":"half"},"geometry":{"type":"Point","coordinates":[-93.7579,32.5107]}},{"type":"Feature","properties":{"id":5320,"t":"half"},"geometry":{"type":"Point","coordinates":[-84.3927,39.1451]}},{"type":"Feature","properties":{"id":5321,"t":"ultra"},"geometry":{"type":"Point","coordinates":[-83.5585,35.366]}},{"type":"Feature","properties":{"id":5322,"t":"kort"},"geometry":{"type":"Point","coordinates":[-84.0262,34.0325]}},{"type":"Feature","properties":{"id":5323,"t":"ultra"},"geometry":{"type":"Point","coordinates":[-79.5695,36.1087]}},{"type":"Feature","properties":{"id":5324,"t":"kort"},"geometry":{"type":"Point","coordinates":[-78.6728,33.8395]}},{"type":"Feature","properties":{"id":5325,"t":"ultra"},"geometry":{"type":"Point","coordinates":[-100.4716,31.4782]}},{"type":"Feature","properties":{"id":5326,"t":"half"},"geometry":{"type":"Point","coordinates":[-81.7958,26.125]}},{"type":"Feature","properties":{"id":5327,"t":"ultra"},"geometry":{"type":"Point","coordinates":[-103.5597,29.3203]}},{"type":"Feature","properties":{"id":5328,"t":"kort"},"geometry":{"type":"Point","coordinates":[-87.8584,42.9141]}},{"type":"Feature","properties":{"id":5329,"t":"kort"},"geometry":{"type":"Point","coordinates":[-97.1437,31.5149]}},{"type":"Feature","properties":{"id":5330,"t":"half"},"geometry":{"type":"Point","coordinates":[-122.9541,44.8498]}},{"type":"Feature","properties":{"id":5331,"t":"half"},"geometry":{"type":"Point","coordinates":[-85.2398,35.0688]}},{"type":"Feature","properties":{"id":5332,"t":"kort"},"geometry":{"type":"Point","coordinates":[-80.6183,28.3267]}},{"type":"Feature","properties":{"id":5333,"t":"kort"},"geometry":{"type":"Point","coordinates":[-105.1469,39.9703]}},{"type":"Feature","properties":{"id":5334,"t":"ultra"},"geometry":{"type":"Point","coordinates":[-122.2873,37.4323]}},{"type":"Feature","properties":{"id":5335,"t":"kort"},"geometry":{"type":"Point","coordinates":[-83.9911,41.5513]}},{"type":"Feature","properties":{"id":5336,"t":"kort"},"geometry":{"type":"Point","coordinates":[-82.3876,27.4456]}},{"type":"Feature","properties":{"id":5337,"t":"kort"},"geometry":{"type":"Point","coordinates":[-97.7398,35.4939]}},{"type":"Feature","properties":{"id":5338,"t":"kort"},"geometry":{"type":"Point","coordinates":[-86.4726,39.4814]}},{"type":"Feature","properties":{"id":5339,"t":"kort"},"geometry":{"type":"Point","coordinates":[-70.3906,43.5234]}},{"type":"Feature","properties":{"id":5340,"t":"kort"},"geometry":{"type":"Point","coordinates":[-81.2041,28.6565]}},{"type":"Feature","properties":{"id":5341,"t":"kort"},"geometry":{"type":"Point","coordinates":[-80.1238,26.9415]}},{"type":"Feature","properties":{"id":5342,"t":"kort"},"geometry":{"type":"Point","coordinates":[-98.4151,29.415]}},{"type":"Feature","properties":{"id":5343,"t":"kort"},"geometry":{"type":"Point","coordinates":[-155.9766,19.6529]}},{"type":"Feature","properties":{"id":5344,"t":"half"},"geometry":{"type":"Point","coordinates":[-81.7741,24.558]}},{"type":"Feature","properties":{"id":5345,"t":"kort"},"geometry":{"type":"Point","coordinates":[-88.0424,43.0505]}},{"type":"Feature","properties":{"id":5346,"t":"kort"},"geometry":{"type":"Point","coordinates":[-117.1636,32.7197]}},{"type":"Feature","properties":{"id":5347,"t":"kort"},"geometry":{"type":"Point","coordinates":[-111.0274,32.2422]}},{"type":"Feature","properties":{"id":5348,"t":"marathon"},"geometry":{"type":"Point","coordinates":[-122.4084,40.5631]}},{"type":"Feature","properties":{"id":5349,"t":"half"},"geometry":{"type":"Point","coordinates":[-83.0124,39.9615]}},{"type":"Feature","properties":{"id":5350,"t":"half"},"geometry":{"type":"Point","coordinates":[-97.3123,32.7842]}},{"type":"Feature","properties":{"id":5351,"t":"kort"},"geometry":{"type":"Point","coordinates":[-81.2418,31.9909]}},{"type":"Feature","properties":{"id":5352,"t":"kort"},"geometry":{"type":"Point","coordinates":[-81.3739,28.5479]}},{"type":"Feature","properties":{"id":5353,"t":"ultra"},"geometry":{"type":"Point","coordinates":[-93.3401,45.1192]}},{"type":"Feature","properties":{"id":5354,"t":"tri"},"geometry":{"type":"Point","coordinates":[-93.3439,45.125]}},{"type":"Feature","properties":{"id":5355,"t":"ultra"},"geometry":{"type":"Point","coordinates":[-97.7308,32.4532]}},{"type":"Feature","properties":{"id":5356,"t":"kort"},"geometry":{"type":"Point","coordinates":[-81.6087,31.8529]}},{"type":"Feature","properties":{"id":5357,"t":"kort"},"geometry":{"type":"Point","coordinates":[-97.1683,33.6591]}},{"type":"Feature","properties":{"id":5358,"t":"kort"},"geometry":{"type":"Point","coordinates":[-82.0328,26.5493]}},{"type":"Feature","properties":{"id":5359,"t":"kort"},"geometry":{"type":"Point","coordinates":[-80.2396,36.1498]}},{"type":"Feature","properties":{"id":5360,"t":"kort"},"geometry":{"type":"Point","coordinates":[-77.9206,34.1544]}},{"type":"Feature","properties":{"id":5361,"t":"ultra"},"geometry":{"type":"Point","coordinates":[-98.6092,29.6529]}},{"type":"Feature","properties":{"id":5362,"t":"kort"},"geometry":{"type":"Point","coordinates":[-81.7264,33.5574]}},{"type":"Feature","properties":{"id":5363,"t":"kort"},"geometry":{"type":"Point","coordinates":[-78.9007,35.1312]}},{"type":"Feature","properties":{"id":5364,"t":"kort"},"geometry":{"type":"Point","coordinates":[-77.455,34.7321]}},{"type":"Feature","properties":{"id":5365,"t":"kort"},"geometry":{"type":"Point","coordinates":[-100.4074,32.4702]}},{"type":"Feature","properties":{"id":5366,"t":"half"},"geometry":{"type":"Point","coordinates":[-118.6011,34.1995]}},{"type":"Feature","properties":{"id":5367,"t":"kort"},"geometry":{"type":"Point","coordinates":[-95.5964,29.5699]}},{"type":"Feature","properties":{"id":5368,"t":"kort"},"geometry":{"type":"Point","coordinates":[-96.0324,36.109]}},{"type":"Feature","properties":{"id":5369,"t":"kort"},"geometry":{"type":"Point","coordinates":[-82.6593,27.7299]}},{"type":"Feature","properties":{"id":5370,"t":"kort"},"geometry":{"type":"Point","coordinates":[-94.0498,36.1658]}},{"type":"Feature","properties":{"id":5371,"t":"half"},"geometry":{"type":"Point","coordinates":[-104.7739,38.9091]}},{"type":"Feature","properties":{"id":5372,"t":"ultra"},"geometry":{"type":"Point","coordinates":[-110.6218,31.6705]}},{"type":"Feature","properties":{"id":5373,"t":"ultra"},"geometry":{"type":"Point","coordinates":[-88.3085,41.8448]}},{"type":"Feature","properties":{"id":5374,"t":"kort"},"geometry":{"type":"Point","coordinates":[-81.9442,28.0461]}},{"type":"Feature","properties":{"id":5375,"t":"kort"},"geometry":{"type":"Point","coordinates":[-86.2408,41.8104]}},{"type":"Feature","properties":{"id":5376,"t":"kort"},"geometry":{"type":"Point","coordinates":[-96.0239,36.1106]}},{"type":"Feature","properties":{"id":5377,"t":"ultra"},"geometry":{"type":"Point","coordinates":[-97.9457,29.8678]}},{"type":"Feature","properties":{"id":5378,"t":"kort"},"geometry":{"type":"Point","coordinates":[-81.6992,26.6394]}},{"type":"Feature","properties":{"id":5379,"t":"kort"},"geometry":{"type":"Point","coordinates":[-118.2192,34.6069]}},{"type":"Feature","properties":{"id":5380,"t":"ultra"},"geometry":{"type":"Point","coordinates":[-82.2709,31.2999]}},{"type":"Feature","properties":{"id":5381,"t":"kort"},"geometry":{"type":"Point","coordinates":[-84.1615,34.4611]}},{"type":"Feature","properties":{"id":5382,"t":"kort"},"geometry":{"type":"Point","coordinates":[-83.7453,32.8886]}},{"type":"Feature","properties":{"id":5383,"t":"half"},"geometry":{"type":"Point","coordinates":[-97.5386,32.634]}},{"type":"Feature","properties":{"id":5384,"t":"kort"},"geometry":{"type":"Point","coordinates":[-118.0901,33.9964]}},{"type":"Feature","properties":{"id":5385,"t":"kort"},"geometry":{"type":"Point","coordinates":[-81.3157,28.891]}},{"type":"Feature","properties":{"id":5386,"t":"kort"},"geometry":{"type":"Point","coordinates":[-80.0576,26.786]}},{"type":"Feature","properties":{"id":5387,"t":"kort"},"geometry":{"type":"Point","coordinates":[-90.7583,29.5889]}},{"type":"Feature","properties":{"id":5388,"t":"kort"},"geometry":{"type":"Point","coordinates":[-80.0838,26.7528]}},{"type":"Feature","properties":{"id":5389,"t":"kort"},"geometry":{"type":"Point","coordinates":[-80.1613,26.6561]}},{"type":"Feature","properties":{"id":5390,"t":"kort"},"geometry":{"type":"Point","coordinates":[-116.5227,33.8334]}},{"type":"Feature","properties":{"id":5391,"t":"kort"},"geometry":{"type":"Point","coordinates":[-90.3971,45.7043]}},{"type":"Feature","properties":{"id":5392,"t":"kort"},"geometry":{"type":"Point","coordinates":[-119.7602,36.8613]}},{"type":"Feature","properties":{"id":5393,"t":"half"},"geometry":{"type":"Point","coordinates":[-118.1563,33.7734]}},{"type":"Feature","properties":{"id":5394,"t":"kort"},"geometry":{"type":"Point","coordinates":[-80.3822,27.6814]}},{"type":"Feature","properties":{"id":5395,"t":"kort"},"geometry":{"type":"Point","coordinates":[-106.4741,31.7664]}},{"type":"Feature","properties":{"id":5396,"t":"half"},"geometry":{"type":"Point","coordinates":[-115.3578,36.1584]}},{"type":"Feature","properties":{"id":5397,"t":"kort"},"geometry":{"type":"Point","coordinates":[-117.2362,32.7963]}},{"type":"Feature","properties":{"id":5398,"t":"kort"},"geometry":{"type":"Point","coordinates":[-80.6471,28.13]}},{"type":"Feature","properties":{"id":5399,"t":"kort"},"geometry":{"type":"Point","coordinates":[-110.9254,32.3012]}},{"type":"Feature","properties":{"id":5400,"t":"kort"},"geometry":{"type":"Point","coordinates":[-82.232,27.8843]}},{"type":"Feature","properties":{"id":5401,"t":"kort"},"geometry":{"type":"Point","coordinates":[-111.6707,40.2311]}},{"type":"Feature","properties":{"id":5402,"t":"kort"},"geometry":{"type":"Point","coordinates":[-76.2284,36.7272]}},{"type":"Feature","properties":{"id":5403,"t":"kort"},"geometry":{"type":"Point","coordinates":[-82.4753,27.188]}},{"type":"Feature","properties":{"id":5404,"t":"marathon"},"geometry":{"type":"Point","coordinates":[-113.6693,37.124]}},{"type":"Feature","properties":{"id":5405,"t":"kort"},"geometry":{"type":"Point","coordinates":[-97.3965,32.7436]}},{"type":"Feature","properties":{"id":5406,"t":"kort"},"geometry":{"type":"Point","coordinates":[-92.0907,46.7723]}},{"type":"Feature","properties":{"id":5407,"t":"kort"},"geometry":{"type":"Point","coordinates":[-118.516,34.3867]}},{"type":"Feature","properties":{"id":5408,"t":"ultra"},"geometry":{"type":"Point","coordinates":[-82.4423,34.8435]}},{"type":"Feature","properties":{"id":5409,"t":"half"},"geometry":{"type":"Point","coordinates":[-86.2151,39.7836]}},{"type":"Feature","properties":{"id":5410,"t":"half"},"geometry":{"type":"Point","coordinates":[-97.4436,37.7029]}},{"type":"Feature","properties":{"id":5411,"t":"kort"},"geometry":{"type":"Point","coordinates":[-80.6404,28.1418]}},{"type":"Feature","properties":{"id":5412,"t":"kort"},"geometry":{"type":"Point","coordinates":[-80.2183,25.738]}},{"type":"Feature","properties":{"id":5413,"t":"kort"},"geometry":{"type":"Point","coordinates":[-82.1256,28.019]}},{"type":"Feature","properties":{"id":5414,"t":"ultra"},"geometry":{"type":"Point","coordinates":[-116.5379,43.3804]}},{"type":"Feature","properties":{"id":5415,"t":"kort"},"geometry":{"type":"Point","coordinates":[-81.4087,26.1852]}},{"type":"Feature","properties":{"id":5416,"t":"kort"},"geometry":{"type":"Point","coordinates":[-97.3949,32.7392]}},{"type":"Feature","properties":{"id":5417,"t":"kort"},"geometry":{"type":"Point","coordinates":[-95.9049,36.167]}},{"type":"Feature","properties":{"id":5418,"t":"ultra"},"geometry":{"type":"Point","coordinates":[-88.3015,41.8498]}},{"type":"Feature","properties":{"id":5419,"t":"kort"},"geometry":{"type":"Point","coordinates":[-117.2047,34.1291]}},{"type":"Feature","properties":{"id":5420,"t":"kort"},"geometry":{"type":"Point","coordinates":[-97.4287,32.9054]}},{"type":"Feature","properties":{"id":5421,"t":"kort"},"geometry":{"type":"Point","coordinates":[-97.3534,35.3255]}},{"type":"Feature","properties":{"id":5422,"t":"kort"},"geometry":{"type":"Point","coordinates":[-117.0903,33.4891]}},{"type":"Feature","properties":{"id":5423,"t":"kort"},"geometry":{"type":"Point","coordinates":[-96.6862,33.0289]}},{"type":"Feature","properties":{"id":5424,"t":"kort"},"geometry":{"type":"Point","coordinates":[-104.9805,39.7336]}},{"type":"Feature","properties":{"id":5425,"t":"kort"},"geometry":{"type":"Point","coordinates":[-117.2169,34.1361]}},{"type":"Feature","properties":{"id":5426,"t":"ultra"},"geometry":{"type":"Point","coordinates":[-98.4121,29.5861]}},{"type":"Feature","properties":{"id":5427,"t":"kort"},"geometry":{"type":"Point","coordinates":[-110.8829,32.2035]}},{"type":"Feature","properties":{"id":5428,"t":"half"},"geometry":{"type":"Point","coordinates":[-85.4795,38.2703]}},{"type":"Feature","properties":{"id":5429,"t":"half"},"geometry":{"type":"Point","coordinates":[-97.5529,35.4459]}},{"type":"Feature","properties":{"id":5430,"t":"kort"},"geometry":{"type":"Point","coordinates":[-105.161,39.694]}},{"type":"Feature","properties":{"id":5431,"t":"kort"},"geometry":{"type":"Point","coordinates":[-82.9775,40.1955]}},{"type":"Feature","properties":{"id":5432,"t":"kort"},"geometry":{"type":"Point","coordinates":[-97.2509,32.7518]}},{"type":"Feature","properties":{"id":5433,"t":"kort"},"geometry":{"type":"Point","coordinates":[-87.2082,30.4496]}},{"type":"Feature","properties":{"id":5434,"t":"half"},"geometry":{"type":"Point","coordinates":[-87.6363,41.9139]}},{"type":"Feature","properties":{"id":5435,"t":"kort"},"geometry":{"type":"Point","coordinates":[-82.2057,29.68]}},{"type":"Feature","properties":{"id":5436,"t":"kort"},"geometry":{"type":"Point","coordinates":[-81.5274,26.1234]}},{"type":"Feature","properties":{"id":5437,"t":"kort"},"geometry":{"type":"Point","coordinates":[-88.4599,42.5925]}},{"type":"Feature","properties":{"id":5438,"t":"kort"},"geometry":{"type":"Point","coordinates":[-106.9604,38.8757]}},{"type":"Feature","properties":{"id":5439,"t":"kort"},"geometry":{"type":"Point","coordinates":[-81.9383,26.4929]}},{"type":"Feature","properties":{"id":5440,"t":"kort"},"geometry":{"type":"Point","coordinates":[-82.3192,29.6511]}},{"type":"Feature","properties":{"id":5441,"t":"half"},"geometry":{"type":"Point","coordinates":[-87.7497,30.2729]}},{"type":"Feature","properties":{"id":5442,"t":"kort"},"geometry":{"type":"Point","coordinates":[-92.3324,34.8237]}},{"type":"Feature","properties":{"id":5443,"t":"kort"},"geometry":{"type":"Point","coordinates":[-81.0898,36.9351]}},{"type":"Feature","properties":{"id":5444,"t":"kort"},"geometry":{"type":"Point","coordinates":[-90.9403,38.7716]}},{"type":"Feature","properties":{"id":5445,"t":"kort"},"geometry":{"type":"Point","coordinates":[-84.4238,33.8426]}},{"type":"Feature","properties":{"id":5446,"t":"kort"},"geometry":{"type":"Point","coordinates":[-97.6662,30.1756]}},{"type":"Feature","properties":{"id":5447,"t":"kort"},"geometry":{"type":"Point","coordinates":[-87.6517,41.9651]}},{"type":"Feature","properties":{"id":5448,"t":"kort"},"geometry":{"type":"Point","coordinates":[-97.3797,32.7454]}},{"type":"Feature","properties":{"id":5449,"t":"kort"},"geometry":{"type":"Point","coordinates":[-104.7456,39.5936]}},{"type":"Feature","properties":{"id":5450,"t":"kort"},"geometry":{"type":"Point","coordinates":[-95.4079,29.7595]}},{"type":"Feature","properties":{"id":5451,"t":"kort"},"geometry":{"type":"Point","coordinates":[-94.5874,39.0603]}},{"type":"Feature","properties":{"id":5452,"t":"kort"},"geometry":{"type":"Point","coordinates":[-115.0992,36.0996]}},{"type":"Feature","properties":{"id":5453,"t":"kort"},"geometry":{"type":"Point","coordinates":[-118.5258,34.0385]}},{"type":"Feature","properties":{"id":5454,"t":"kort"},"geometry":{"type":"Point","coordinates":[-90.046,35.1408]}},{"type":"Feature","properties":{"id":5455,"t":"kort"},"geometry":{"type":"Point","coordinates":[-80.1605,25.6845]}},{"type":"Feature","properties":{"id":5456,"t":"kort"},"geometry":{"type":"Point","coordinates":[-75.1099,39.9293]}},{"type":"Feature","properties":{"id":5457,"t":"kort"},"geometry":{"type":"Point","coordinates":[-73.9992,40.7446]}},{"type":"Feature","properties":{"id":5458,"t":"kort"},"geometry":{"type":"Point","coordinates":[-73.9685,40.7891]}},{"type":"Feature","properties":{"id":5459,"t":"kort"},"geometry":{"type":"Point","coordinates":[-75.1007,39.9367]}},{"type":"Feature","properties":{"id":5460,"t":"kort"},"geometry":{"type":"Point","coordinates":[-111.9995,33.495]}},{"type":"Feature","properties":{"id":5461,"t":"kort"},"geometry":{"type":"Point","coordinates":[-121.466,38.5808]}},{"type":"Feature","properties":{"id":5462,"t":"kort"},"geometry":{"type":"Point","coordinates":[-98.4887,29.4486]}},{"type":"Feature","properties":{"id":5463,"t":"kort"},"geometry":{"type":"Point","coordinates":[-117.2383,32.7322]}},{"type":"Feature","properties":{"id":5464,"t":"kort"},"geometry":{"type":"Point","coordinates":[-122.4583,37.8055]}},{"type":"Feature","properties":{"id":5465,"t":"kort"},"geometry":{"type":"Point","coordinates":[-122.3996,47.5392]}},{"type":"Feature","properties":{"id":5466,"t":"kort"},"geometry":{"type":"Point","coordinates":[-82.57,28.0077]}},{"type":"Feature","properties":{"id":5467,"t":"kort"},"geometry":{"type":"Point","coordinates":[-97.4267,32.9144]}},{"type":"Feature","properties":{"id":5468,"t":"kort"},"geometry":{"type":"Point","coordinates":[-80.6797,28.2069]}},{"type":"Feature","properties":{"id":5469,"t":"kort"},"geometry":{"type":"Point","coordinates":[-81.9399,26.6111]}},{"type":"Feature","properties":{"id":5470,"t":"kort"},"geometry":{"type":"Point","coordinates":[-111.5784,35.2325]}},{"type":"Feature","properties":{"id":5471,"t":"kort"},"geometry":{"type":"Point","coordinates":[-84.3055,37.7456]}},{"type":"Feature","properties":{"id":5472,"t":"kort"},"geometry":{"type":"Point","coordinates":[-82.4505,27.0917]}},{"type":"Feature","properties":{"id":5473,"t":"kort"},"geometry":{"type":"Point","coordinates":[-82.459,34.729]}},{"type":"Feature","properties":{"id":5474,"t":"kort"},"geometry":{"type":"Point","coordinates":[-93.2926,37.1979]}},{"type":"Feature","properties":{"id":5475,"t":"kort"},"geometry":{"type":"Point","coordinates":[-86.7572,33.4435]}},{"type":"Feature","properties":{"id":5476,"t":"kort"},"geometry":{"type":"Point","coordinates":[-118.0424,34.0583]}},{"type":"Feature","properties":{"id":5477,"t":"kort"},"geometry":{"type":"Point","coordinates":[-81.3503,28.7517]}},{"type":"Feature","properties":{"id":5478,"t":"kort"},"geometry":{"type":"Point","coordinates":[-87.455,46.5758]}},{"type":"Feature","properties":{"id":5479,"t":"kort"},"geometry":{"type":"Point","coordinates":[-81.3434,29.0236]}},{"type":"Feature","properties":{"id":5480,"t":"half"},"geometry":{"type":"Point","coordinates":[-84.2858,37.763]}},{"type":"Feature","properties":{"id":5481,"t":"half"},"geometry":{"type":"Point","coordinates":[-90.4892,41.5505]}},{"type":"Feature","properties":{"id":5482,"t":"kort"},"geometry":{"type":"Point","coordinates":[-81.4112,28.6595]}},{"type":"Feature","properties":{"id":5483,"t":"kort"},"geometry":{"type":"Point","coordinates":[-87.1602,30.3553]}},{"type":"Feature","properties":{"id":5484,"t":"ultra"},"geometry":{"type":"Point","coordinates":[-82.5168,35.0304]}},{"type":"Feature","properties":{"id":5485,"t":"kort"},"geometry":{"type":"Point","coordinates":[-111.9637,33.6133]}},{"type":"Feature","properties":{"id":5486,"t":"ultra"},"geometry":{"type":"Point","coordinates":[-97.3544,35.3221]}},{"type":"Feature","properties":{"id":5487,"t":"half"},"geometry":{"type":"Point","coordinates":[-121.5404,36.8481]}},{"type":"Feature","properties":{"id":5488,"t":"kort"},"geometry":{"type":"Point","coordinates":[-118.3836,33.7709]}},{"type":"Feature","properties":{"id":5489,"t":"kort"},"geometry":{"type":"Point","coordinates":[-84.4355,33.8464]}},{"type":"Feature","properties":{"id":5490,"t":"kort"},"geometry":{"type":"Point","coordinates":[-97.669,30.1806]}},{"type":"Feature","properties":{"id":5491,"t":"kort"},"geometry":{"type":"Point","coordinates":[-87.6624,41.9709]}},{"type":"Feature","properties":{"id":5492,"t":"kort"},"geometry":{"type":"Point","coordinates":[-97.382,32.7348]}},{"type":"Feature","properties":{"id":5493,"t":"kort"},"geometry":{"type":"Point","coordinates":[-104.7492,39.595]}},{"type":"Feature","properties":{"id":5494,"t":"kort"},"geometry":{"type":"Point","coordinates":[-95.3946,29.7433]}},{"type":"Feature","properties":{"id":5495,"t":"kort"},"geometry":{"type":"Point","coordinates":[-94.6051,39.0553]}},{"type":"Feature","properties":{"id":5496,"t":"kort"},"geometry":{"type":"Point","coordinates":[-115.078,36.0954]}},{"type":"Feature","properties":{"id":5497,"t":"kort"},"geometry":{"type":"Point","coordinates":[-118.5182,34.0535]}},{"type":"Feature","properties":{"id":5498,"t":"kort"},"geometry":{"type":"Point","coordinates":[-90.0577,35.1446]}},{"type":"Feature","properties":{"id":5499,"t":"kort"},"geometry":{"type":"Point","coordinates":[-80.1675,25.6875]}},{"type":"Feature","properties":{"id":5500,"t":"kort"},"geometry":{"type":"Point","coordinates":[-75.1034,39.9343]}},{"type":"Feature","properties":{"id":5501,"t":"kort"},"geometry":{"type":"Point","coordinates":[-73.9892,40.7556]}},{"type":"Feature","properties":{"id":5502,"t":"kort"},"geometry":{"type":"Point","coordinates":[-73.9613,40.8041]}},{"type":"Feature","properties":{"id":5503,"t":"kort"},"geometry":{"type":"Point","coordinates":[-75.105,39.9425]}},{"type":"Feature","properties":{"id":5504,"t":"kort"},"geometry":{"type":"Point","coordinates":[-111.9865,33.4988]}},{"type":"Feature","properties":{"id":5505,"t":"kort"},"geometry":{"type":"Point","coordinates":[-121.4595,38.5658]}},{"type":"Feature","properties":{"id":5506,"t":"kort"},"geometry":{"type":"Point","coordinates":[-98.4813,29.4436]}},{"type":"Feature","properties":{"id":5507,"t":"kort"},"geometry":{"type":"Point","coordinates":[-117.2171,32.728]}},{"type":"Feature","properties":{"id":5508,"t":"kort"},"geometry":{"type":"Point","coordinates":[-122.4618,37.8069]}},{"type":"Feature","properties":{"id":5509,"t":"kort"},"geometry":{"type":"Point","coordinates":[-122.3945,47.5438]}},{"type":"Feature","properties":{"id":5510,"t":"kort"},"geometry":{"type":"Point","coordinates":[-82.577,28.0107]}},{"type":"Feature","properties":{"id":5511,"t":"ultra"},"geometry":{"type":"Point","coordinates":[-97.718,32.455]}},{"type":"Feature","properties":{"id":5512,"t":"kort"},"geometry":{"type":"Point","coordinates":[-95.2036,29.8597]}},{"type":"Feature","properties":{"id":5513,"t":"ultra"},"geometry":{"type":"Point","coordinates":[-82.7702,34.4632]}},{"type":"Feature","properties":{"id":5514,"t":"kort"},"geometry":{"type":"Point","coordinates":[-110.0325,32.0337]}},{"type":"Feature","properties":{"id":5515,"t":"kort"},"geometry":{"type":"Point","coordinates":[-119.1102,46.2478]}},{"type":"Feature","properties":{"id":5516,"t":"ultra"},"geometry":{"type":"Point","coordinates":[-96.0524,30.3532]}},{"type":"Feature","properties":{"id":5517,"t":"kort"},"geometry":{"type":"Point","coordinates":[-76.2942,37.027]}},{"type":"Feature","properties":{"id":5518,"t":"half"},"geometry":{"type":"Point","coordinates":[-105.0061,39.7423]}},{"type":"Feature","properties":{"id":5519,"t":"half"},"geometry":{"type":"Point","coordinates":[-95.9369,41.2678]}},{"type":"Feature","properties":{"id":5520,"t":"half"},"geometry":{"type":"Point","coordinates":[-81.4541,28.5141]}},{"type":"Feature","properties":{"id":5521,"t":"kort"},"geometry":{"type":"Point","coordinates":[-81.7632,28.5427]}},{"type":"Feature","properties":{"id":5522,"t":"kort"},"geometry":{"type":"Point","coordinates":[-98.064,26.4719]}},{"type":"Feature","properties":{"id":5523,"t":"kort"},"geometry":{"type":"Point","coordinates":[-81.3157,28.5632]}},{"type":"Feature","properties":{"id":5524,"t":"kort"},"geometry":{"type":"Point","coordinates":[-84.2568,38.2125]}},{"type":"Feature","properties":{"id":5525,"t":"half"},"geometry":{"type":"Point","coordinates":[-114.7052,32.5664]}},{"type":"Feature","properties":{"id":5526,"t":"kort"},"geometry":{"type":"Point","coordinates":[-111.9344,40.7789]}},{"type":"Feature","properties":{"id":5527,"t":"kort"},"geometry":{"type":"Point","coordinates":[-80.0907,26.3711]}},{"type":"Feature","properties":{"id":5528,"t":"half"},"geometry":{"type":"Point","coordinates":[-80.1818,25.7913]}},{"type":"Feature","properties":{"id":5529,"t":"half"},"geometry":{"type":"Point","coordinates":[-118.1299,33.7547]}},{"type":"Feature","properties":{"id":5530,"t":"kort"},"geometry":{"type":"Point","coordinates":[-93.6657,32.4838]}},{"type":"Feature","properties":{"id":5531,"t":"kort"},"geometry":{"type":"Point","coordinates":[-71.2439,42.2878]}},{"type":"Feature","properties":{"id":5532,"t":"kort"},"geometry":{"type":"Point","coordinates":[-112.2109,33.5232]}},{"type":"Feature","properties":{"id":5533,"t":"kort"},"geometry":{"type":"Point","coordinates":[-118.3003,34.105]}},{"type":"Feature","properties":{"id":5534,"t":"kort"},"geometry":{"type":"Point","coordinates":[-117.3154,47.8027]}},{"type":"Feature","properties":{"id":5535,"t":"half"},"geometry":{"type":"Point","coordinates":[-76.8493,39.167]}},{"type":"Feature","properties":{"id":5536,"t":"kort"},"geometry":{"type":"Point","coordinates":[-79.0971,36.0828]}},{"type":"Feature","properties":{"id":5537,"t":"half"},"geometry":{"type":"Point","coordinates":[-97.7433,30.2691]}},{"type":"Feature","properties":{"id":5538,"t":"half"},"geometry":{"type":"Point","coordinates":[-104.8065,38.8402]}},{"type":"Feature","properties":{"id":5539,"t":"half"},"geometry":{"type":"Point","coordinates":[-93.584,41.6693]}},{"type":"Feature","properties":{"id":5540,"t":"half"},"geometry":{"type":"Point","coordinates":[-82.4622,27.9688]}},{"type":"Feature","properties":{"id":5541,"t":"half"},"geometry":{"type":"Point","coordinates":[-81.5825,28.3121]}},{"type":"Feature","properties":{"id":5542,"t":"kort"},"geometry":{"type":"Point","coordinates":[-98.6224,29.3439]}},{"type":"Feature","properties":{"id":5543,"t":"kort"},"geometry":{"type":"Point","coordinates":[-73.0544,41.2217]}},{"type":"Feature","properties":{"id":5544,"t":"kort"},"geometry":{"type":"Point","coordinates":[-94.3179,36.4577]}},{"type":"Feature","properties":{"id":5545,"t":"tri"},"geometry":{"type":"Point","coordinates":[-97.7741,30.4457]}},{"type":"Feature","properties":{"id":5546,"t":"kort"},"geometry":{"type":"Point","coordinates":[-85.9111,38.351]}},{"type":"Feature","properties":{"id":5547,"t":"kort"},"geometry":{"type":"Point","coordinates":[-97.5269,35.5122]}},{"type":"Feature","properties":{"id":5548,"t":"kort"},"geometry":{"type":"Point","coordinates":[-87.5042,35.8845]}},{"type":"Feature","properties":{"id":5549,"t":"kort"},"geometry":{"type":"Point","coordinates":[-93.2144,44.9306]}},{"type":"Feature","properties":{"id":5550,"t":"kort"},"geometry":{"type":"Point","coordinates":[-89.0941,30.4673]}},{"type":"Feature","properties":{"id":5551,"t":"marathon"},"geometry":{"type":"Point","coordinates":[-85.7458,43.0139]}},{"type":"Feature","properties":{"id":5552,"t":"kort"},"geometry":{"type":"Point","coordinates":[-119.7869,39.4956]}},{"type":"Feature","properties":{"id":5553,"t":"kort"},"geometry":{"type":"Point","coordinates":[-80.8419,32.0028]}},{"type":"Feature","properties":{"id":5554,"t":"kort"},"geometry":{"type":"Point","coordinates":[-86.1425,39.7702]}},{"type":"Feature","properties":{"id":5555,"t":"kort"},"geometry":{"type":"Point","coordinates":[-119.2865,46.2456]}},{"type":"Feature","properties":{"id":5556,"t":"kort"},"geometry":{"type":"Point","coordinates":[-82.4819,27.3218]}},{"type":"Feature","properties":{"id":5557,"t":"kort"},"geometry":{"type":"Point","coordinates":[-155.9796,19.6501]}},{"type":"Feature","properties":{"id":5558,"t":"kort"},"geometry":{"type":"Point","coordinates":[-80.1705,25.6885]}},{"type":"Feature","properties":{"id":5559,"t":"kort"},"geometry":{"type":"Point","coordinates":[-119.756,36.8589]}},{"type":"Feature","properties":{"id":5560,"t":"kort"},"geometry":{"type":"Point","coordinates":[-81.2881,28.255]}},{"type":"Feature","properties":{"id":5561,"t":"kort"},"geometry":{"type":"Point","coordinates":[-81.4749,28.3859]}},{"type":"Feature","properties":{"id":5562,"t":"ultra"},"geometry":{"type":"Point","coordinates":[-81.9584,28.1768]}},{"type":"Feature","properties":{"id":5563,"t":"kort"},"geometry":{"type":"Point","coordinates":[-105.1175,39.8474]}},{"type":"Feature","properties":{"id":5564,"t":"kort"},"geometry":{"type":"Point","coordinates":[-79.2126,37.3737]}},{"type":"Feature","properties":{"id":5565,"t":"kort"},"geometry":{"type":"Point","coordinates":[-81.8205,27.9023]}},{"type":"Feature","properties":{"id":5566,"t":"kort"},"geometry":{"type":"Point","coordinates":[-81.2479,33.9722]}},{"type":"Feature","properties":{"id":5567,"t":"kort"},"geometry":{"type":"Point","coordinates":[-82.703,28.0022]}},{"type":"Feature","properties":{"id":5568,"t":"kort"},"geometry":{"type":"Point","coordinates":[-80.6878,28.2053]}},{"type":"Feature","properties":{"id":5569,"t":"kort"},"geometry":{"type":"Point","coordinates":[-81.5302,28.9144]}},{"type":"Feature","properties":{"id":5570,"t":"kort"},"geometry":{"type":"Point","coordinates":[-83.9596,33.9403]}},{"type":"Feature","properties":{"id":5571,"t":"kort"},"geometry":{"type":"Point","coordinates":[-81.875,28.5724]}},{"type":"Feature","properties":{"id":5572,"t":"half"},"geometry":{"type":"Point","coordinates":[-118.5933,34.2033]}},{"type":"Feature","properties":{"id":5573,"t":"ultra"},"geometry":{"type":"Point","coordinates":[-117.8469,34.1533]}},{"type":"Feature","properties":{"id":5574,"t":"kort"},"geometry":{"type":"Point","coordinates":[-80.934,33.9643]}},{"type":"Feature","properties":{"id":5575,"t":"marathon"},"geometry":{"type":"Point","coordinates":[-81.4183,30.2787]}},{"type":"Feature","properties":{"id":5576,"t":"kort"},"geometry":{"type":"Point","coordinates":[-89.8671,35.1165]}},{"type":"Feature","properties":{"id":5577,"t":"kort"},"geometry":{"type":"Point","coordinates":[-80.3751,26.122]}},{"type":"Feature","properties":{"id":5578,"t":"kort"},"geometry":{"type":"Point","coordinates":[-88.2208,41.4293]}},{"type":"Feature","properties":{"id":5579,"t":"ultra"},"geometry":{"type":"Point","coordinates":[-79.3071,42.3564]}},{"type":"Feature","properties":{"id":5580,"t":"kort"},"geometry":{"type":"Point","coordinates":[-89.3769,43.0727]}},{"type":"Feature","properties":{"id":5581,"t":"ultra"},"geometry":{"type":"Point","coordinates":[-122.4861,37.8643]}},{"type":"Feature","properties":{"id":5582,"t":"ultra"},"geometry":{"type":"Point","coordinates":[-82.3999,27.5002]}},{"type":"Feature","properties":{"id":5583,"t":"kort"},"geometry":{"type":"Point","coordinates":[-118.295,34.1016]}},{"type":"Feature","properties":{"id":5584,"t":"kort"},"geometry":{"type":"Point","coordinates":[-82.4057,34.8827]}},{"type":"Feature","properties":{"id":5585,"t":"half"},"geometry":{"type":"Point","coordinates":[-118.1266,33.7637]}},{"type":"Feature","properties":{"id":5586,"t":"kort"},"geometry":{"type":"Point","coordinates":[-105.961,32.8874]}},{"type":"Feature","properties":{"id":5587,"t":"kort"},"geometry":{"type":"Point","coordinates":[-82.4962,28.0023]}},{"type":"Feature","properties":{"id":5588,"t":"ultra"},"geometry":{"type":"Point","coordinates":[-78.0463,34.1633]}},{"type":"Feature","properties":{"id":5589,"t":"kort"},"geometry":{"type":"Point","coordinates":[-118.2323,34.0678]}},{"type":"Feature","properties":{"id":5590,"t":"kort"},"geometry":{"type":"Point","coordinates":[-80.3186,25.7372]}},{"type":"Feature","properties":{"id":5591,"t":"kort"},"geometry":{"type":"Point","coordinates":[-119.1315,35.4027]}},{"type":"Feature","properties":{"id":5592,"t":"kort"},"geometry":{"type":"Point","coordinates":[-95.5961,29.5685]}},{"type":"Feature","properties":{"id":5593,"t":"kort"},"geometry":{"type":"Point","coordinates":[-97.3191,27.6293]}},{"type":"Feature","properties":{"id":5594,"t":"kort"},"geometry":{"type":"Point","coordinates":[-80.1153,26.9271]}},{"type":"Feature","properties":{"id":5595,"t":"kort"},"geometry":{"type":"Point","coordinates":[-82.6979,34.5325]}},{"type":"Feature","properties":{"id":5596,"t":"kort"},"geometry":{"type":"Point","coordinates":[-97.1644,32.9499]}},{"type":"Feature","properties":{"id":5597,"t":"kort"},"geometry":{"type":"Point","coordinates":[-106.4351,31.7944]}},{"type":"Feature","properties":{"id":5598,"t":"half"},"geometry":{"type":"Point","coordinates":[-94.0957,41.8351]}},{"type":"Feature","properties":{"id":5599,"t":"tri"},"geometry":{"type":"Point","coordinates":[-114.1768,46.8513]}},{"type":"Feature","properties":{"id":5600,"t":"half"},"geometry":{"type":"Point","coordinates":[-82.752,28.1817]}},{"type":"Feature","properties":{"id":5601,"t":"half"},"geometry":{"type":"Point","coordinates":[-91.5083,41.6409]}},{"type":"Feature","properties":{"id":5602,"t":"half"},"geometry":{"type":"Point","coordinates":[-94.806,32.5221]}},{"type":"Feature","properties":{"id":5603,"t":"half"},"geometry":{"type":"Point","coordinates":[-97.0692,36.133]}},{"type":"Feature","properties":{"id":5604,"t":"marathon"},"geometry":{"type":"Point","coordinates":[-94.2529,30.0918]}},{"type":"Feature","properties":{"id":5605,"t":"kort"},"geometry":{"type":"Point","coordinates":[-79.8151,32.8447]}},{"type":"Feature","properties":{"id":5606,"t":"kort"},"geometry":{"type":"Point","coordinates":[-80.3123,41.9834]}},{"type":"Feature","properties":{"id":5607,"t":"half"},"geometry":{"type":"Point","coordinates":[-86.8255,33.6001]}},{"type":"Feature","properties":{"id":5608,"t":"ultra"},"geometry":{"type":"Point","coordinates":[-95.5833,30.6356]}},{"type":"Feature","properties":{"id":5609,"t":"kort"},"geometry":{"type":"Point","coordinates":[-84.8117,33.3656]}},{"type":"Feature","properties":{"id":5610,"t":"kort"},"geometry":{"type":"Point","coordinates":[-155.9831,19.6535]}},{"type":"Feature","properties":{"id":5611,"t":"kort"},"geometry":{"type":"Point","coordinates":[-111.7514,34.8186]}},{"type":"Feature","properties":{"id":5612,"t":"kort"},"geometry":{"type":"Point","coordinates":[-98.514,29.4209]}},{"type":"Feature","properties":{"id":5613,"t":"kort"},"geometry":{"type":"Point","coordinates":[-105.8663,35.6307]}},{"type":"Feature","properties":{"id":5614,"t":"kort"},"geometry":{"type":"Point","coordinates":[-113.491,47.1767]}},{"type":"Feature","properties":{"id":5615,"t":"ultra"},"geometry":{"type":"Point","coordinates":[-104.8435,38.7071]}},{"type":"Feature","properties":{"id":5616,"t":"kort"},"geometry":{"type":"Point","coordinates":[-81.8984,26.5609]}},{"type":"Feature","properties":{"id":5617,"t":"kort"},"geometry":{"type":"Point","coordinates":[-84.3199,33.9739]}},{"type":"Feature","properties":{"id":5618,"t":"kort"},"geometry":{"type":"Point","coordinates":[-82.0002,27.9016]}},{"type":"Feature","properties":{"id":5619,"t":"kort"},"geometry":{"type":"Point","coordinates":[-76.2817,36.9188]}},{"type":"Feature","properties":{"id":5620,"t":"half"},"geometry":{"type":"Point","coordinates":[-85.2465,35.0662]}},{"type":"Feature","properties":{"id":5621,"t":"half"},"geometry":{"type":"Point","coordinates":[-96.678,40.9677]}},{"type":"Feature","properties":{"id":5622,"t":"kort"},"geometry":{"type":"Point","coordinates":[-96.0044,36.1497]}},{"type":"Feature","properties":{"id":5623,"t":"kort"},"geometry":{"type":"Point","coordinates":[-120.468,37.8926]}},{"type":"Feature","properties":{"id":5624,"t":"kort"},"geometry":{"type":"Point","coordinates":[-81.0762,29.2779]}},{"type":"Feature","properties":{"id":5625,"t":"half"},"geometry":{"type":"Point","coordinates":[-80.6365,24.9157]}},{"type":"Feature","properties":{"id":5626,"t":"kort"},"geometry":{"type":"Point","coordinates":[-79.9086,35.3839]}},{"type":"Feature","properties":{"id":5627,"t":"half"},"geometry":{"type":"Point","coordinates":[-83.874,33.9921]}},{"type":"Feature","properties":{"id":5628,"t":"kort"},"geometry":{"type":"Point","coordinates":[-78.0608,34.1633]}},{"type":"Feature","properties":{"id":5629,"t":"ultra"},"geometry":{"type":"Point","coordinates":[-80.2733,27.3812]}},{"type":"Feature","properties":{"id":5630,"t":"kort"},"geometry":{"type":"Point","coordinates":[-105.0671,39.9215]}},{"type":"Feature","properties":{"id":5631,"t":"kort"},"geometry":{"type":"Point","coordinates":[-97.1933,33.2329]}},{"type":"Feature","properties":{"id":5632,"t":"ultra"},"geometry":{"type":"Point","coordinates":[-94.9745,29.7369]}},{"type":"Feature","properties":{"id":5633,"t":"kort"},"geometry":{"type":"Point","coordinates":[-80.1749,25.8433]}},{"type":"Feature","properties":{"id":5634,"t":"kort"},"geometry":{"type":"Point","coordinates":[-95.3696,29.7552]}},{"type":"Feature","properties":{"id":5635,"t":"kort"},"geometry":{"type":"Point","coordinates":[-117.1634,32.6734]}},{"type":"Feature","properties":{"id":5636,"t":"kort"},"geometry":{"type":"Point","coordinates":[-83.8203,34.3107]}},{"type":"Feature","properties":{"id":5637,"t":"kort"},"geometry":{"type":"Point","coordinates":[-111.9224,33.3601]}},{"type":"Feature","properties":{"id":5638,"t":"kort"},"geometry":{"type":"Point","coordinates":[-94.4682,39.1671]}},{"type":"Feature","properties":{"id":5639,"t":"marathon"},"geometry":{"type":"Point","coordinates":[-80.6098,28.0727]}},{"type":"Feature","properties":{"id":5640,"t":"kort"},"geometry":{"type":"Point","coordinates":[-117.2183,32.7192]}},{"type":"Feature","properties":{"id":5641,"t":"half"},"geometry":{"type":"Point","coordinates":[-95.8327,29.7332]}},{"type":"Feature","properties":{"id":5642,"t":"kort"},"geometry":{"type":"Point","coordinates":[-88.0508,30.696]}},{"type":"Feature","properties":{"id":5643,"t":"kort"},"geometry":{"type":"Point","coordinates":[-97.0932,32.6582]}},{"type":"Feature","properties":{"id":5644,"t":"kort"},"geometry":{"type":"Point","coordinates":[-81.8667,26.6218]}},{"type":"Feature","properties":{"id":5645,"t":"half"},"geometry":{"type":"Point","coordinates":[-111.7611,34.8278]}},{"type":"Feature","properties":{"id":5646,"t":"half"},"geometry":{"type":"Point","coordinates":[-97.9372,29.8798]}},{"type":"Feature","properties":{"id":5647,"t":"kort"},"geometry":{"type":"Point","coordinates":[-106.6173,32.0066]}},{"type":"Feature","properties":{"id":5648,"t":"kort"},"geometry":{"type":"Point","coordinates":[-82.6436,27.7641]}},{"type":"Feature","properties":{"id":5649,"t":"kort"},"geometry":{"type":"Point","coordinates":[-82.2635,34.753]}},{"type":"Feature","properties":{"id":5650,"t":"half"},"geometry":{"type":"Point","coordinates":[-84.2525,30.4232]}},{"type":"Feature","properties":{"id":5651,"t":"kort"},"geometry":{"type":"Point","coordinates":[-85.2177,41.1544]}},{"type":"Feature","properties":{"id":5652,"t":"half"},"geometry":{"type":"Point","coordinates":[-74.0634,40.7138]}},{"type":"Feature","properties":{"id":5653,"t":"half"},"geometry":{"type":"Point","coordinates":[-84.0179,34.0325]}},{"type":"Feature","properties":{"id":5654,"t":"half"},"geometry":{"type":"Point","coordinates":[-95.685,39.0439]}},{"type":"Feature","properties":{"id":5655,"t":"kort"},"geometry":{"type":"Point","coordinates":[-83.1241,40.1029]}},{"type":"Feature","properties":{"id":5656,"t":"kort"},"geometry":{"type":"Point","coordinates":[-70.1469,43.693]}},{"type":"Feature","properties":{"id":5657,"t":"kort"},"geometry":{"type":"Point","coordinates":[-121.9767,37.9529]}},{"type":"Feature","properties":{"id":5658,"t":"kort"},"geometry":{"type":"Point","coordinates":[-120.4153,34.838]}},{"type":"Feature","properties":{"id":5659,"t":"kort"},"geometry":{"type":"Point","coordinates":[-82.2612,34.7414]}},{"type":"Feature","properties":{"id":5660,"t":"kort"},"geometry":{"type":"Point","coordinates":[-81.2278,31.9975]}},{"type":"Feature","properties":{"id":5661,"t":"kort"},"geometry":{"type":"Point","coordinates":[-87.2269,30.4175]}},{"type":"Feature","properties":{"id":5662,"t":"kort"},"geometry":{"type":"Point","coordinates":[-80.266,27.191]}},{"type":"Feature","properties":{"id":5663,"t":"kort"},"geometry":{"type":"Point","coordinates":[-107.8561,35.1498]}},{"type":"Feature","properties":{"id":5664,"t":"half"},"geometry":{"type":"Point","coordinates":[-76.7347,37.2718]}},{"type":"Feature","properties":{"id":5665,"t":"kort"},"geometry":{"type":"Point","coordinates":[-85.6111,44.7725]}},{"type":"Feature","properties":{"id":5666,"t":"kort"},"geometry":{"type":"Point","coordinates":[-82.4239,27.282]}},{"type":"Feature","properties":{"id":5667,"t":"kort"},"geometry":{"type":"Point","coordinates":[-80.1853,26.6574]}},{"type":"Feature","properties":{"id":5668,"t":"ultra"},"geometry":{"type":"Point","coordinates":[-81.4958,28.6322]}},{"type":"Feature","properties":{"id":5669,"t":"kort"},"geometry":{"type":"Point","coordinates":[-122.2169,47.6219]}},{"type":"Feature","properties":{"id":5670,"t":"kort"},"geometry":{"type":"Point","coordinates":[-96.6364,39.2556]}},{"type":"Feature","properties":{"id":5671,"t":"kort"},"geometry":{"type":"Point","coordinates":[-119.7651,36.82]}},{"type":"Feature","properties":{"id":5672,"t":"kort"},"geometry":{"type":"Point","coordinates":[-81.8641,26.5611]}},{"type":"Feature","properties":{"id":5673,"t":"kort"},"geometry":{"type":"Point","coordinates":[-86.221,44.6295]}},{"type":"Feature","properties":{"id":5674,"t":"ultra"},"geometry":{"type":"Point","coordinates":[-87.0521,30.6682]}},{"type":"Feature","properties":{"id":5675,"t":"kort"},"geometry":{"type":"Point","coordinates":[-78.4039,42.5548]}},{"type":"Feature","properties":{"id":5676,"t":"kort"},"geometry":{"type":"Point","coordinates":[-79.9458,32.789]}},{"type":"Feature","properties":{"id":5677,"t":"kort"},"geometry":{"type":"Point","coordinates":[-117.6836,33.6421]}},{"type":"Feature","properties":{"id":5678,"t":"kort"},"geometry":{"type":"Point","coordinates":[-111.7261,41.0676]}},{"type":"Feature","properties":{"id":5679,"t":"kort"},"geometry":{"type":"Point","coordinates":[-84.3943,33.9289]}},{"type":"Feature","properties":{"id":5680,"t":"kort"},"geometry":{"type":"Point","coordinates":[-77.3809,34.7676]}},{"type":"Feature","properties":{"id":5681,"t":"kort"},"geometry":{"type":"Point","coordinates":[-82.835,34.6901]}},{"type":"Feature","properties":{"id":5682,"t":"kort"},"geometry":{"type":"Point","coordinates":[-106.599,35.1853]}},{"type":"Feature","properties":{"id":5683,"t":"kort"},"geometry":{"type":"Point","coordinates":[-101.811,35.2289]}},{"type":"Feature","properties":{"id":5684,"t":"kort"},"geometry":{"type":"Point","coordinates":[-97.774,30.2973]}},{"type":"Feature","properties":{"id":5685,"t":"kort"},"geometry":{"type":"Point","coordinates":[-76.6028,39.3006]}},{"type":"Feature","properties":{"id":5686,"t":"kort"},"geometry":{"type":"Point","coordinates":[-75.3877,40.6012]}},{"type":"Feature","properties":{"id":5687,"t":"kort"},"geometry":{"type":"Point","coordinates":[-75.9369,42.1155]}},{"type":"Feature","properties":{"id":5688,"t":"kort"},"geometry":{"type":"Point","coordinates":[-74.6165,40.5862]}},{"type":"Feature","properties":{"id":5689,"t":"kort"},"geometry":{"type":"Point","coordinates":[-73.9821,40.6607]}},{"type":"Feature","properties":{"id":5690,"t":"kort"},"geometry":{"type":"Point","coordinates":[-79.934,40.8793]}},{"type":"Feature","properties":{"id":5691,"t":"kort"},"geometry":{"type":"Point","coordinates":[-79.944,32.7216]}},{"type":"Feature","properties":{"id":5692,"t":"kort"},"geometry":{"type":"Point","coordinates":[-85.2463,35.0526]}},{"type":"Feature","properties":{"id":5693,"t":"kort"},"geometry":{"type":"Point","coordinates":[-81.0279,33.9998]}},{"type":"Feature","properties":{"id":5694,"t":"kort"},"geometry":{"type":"Point","coordinates":[-79.0654,33.8731]}},{"type":"Feature","properties":{"id":5695,"t":"kort"},"geometry":{"type":"Point","coordinates":[-85.5081,36.1636]}},{"type":"Feature","properties":{"id":5696,"t":"kort"},"geometry":{"type":"Point","coordinates":[-97.413,27.7963]}},{"type":"Feature","properties":{"id":5697,"t":"kort"},"geometry":{"type":"Point","coordinates":[-95.8741,41.2248]}},{"type":"Feature","properties":{"id":5698,"t":"kort"},"geometry":{"type":"Point","coordinates":[-96.8794,32.7825]}},{"type":"Feature","properties":{"id":5699,"t":"kort"},"geometry":{"type":"Point","coordinates":[-106.4573,31.8118]}},{"type":"Feature","properties":{"id":5700,"t":"kort"},"geometry":{"type":"Point","coordinates":[-74.4455,39.4843]}},{"type":"Feature","properties":{"id":5701,"t":"kort"},"geometry":{"type":"Point","coordinates":[-82.4272,35.0027]}},{"type":"Feature","properties":{"id":5702,"t":"kort"},"geometry":{"type":"Point","coordinates":[-75.3018,39.9688]}},{"type":"Feature","properties":{"id":5703,"t":"kort"},"geometry":{"type":"Point","coordinates":[-81.7846,24.547]}},{"type":"Feature","properties":{"id":5704,"t":"kort"},"geometry":{"type":"Point","coordinates":[-75.3819,40.152]}},{"type":"Feature","properties":{"id":5705,"t":"kort"},"geometry":{"type":"Point","coordinates":[-83.9317,35.9599]}},{"type":"Feature","properties":{"id":5706,"t":"kort"},"geometry":{"type":"Point","coordinates":[-74.0653,40.1704]}},{"type":"Feature","properties":{"id":5707,"t":"kort"},"geometry":{"type":"Point","coordinates":[-106.7571,32.2893]}},{"type":"Feature","properties":{"id":5708,"t":"kort"},"geometry":{"type":"Point","coordinates":[-79.3981,40.2974]}},{"type":"Feature","properties":{"id":5709,"t":"kort"},"geometry":{"type":"Point","coordinates":[-101.8198,33.629]}},{"type":"Feature","properties":{"id":5710,"t":"kort"},"geometry":{"type":"Point","coordinates":[-74.4951,40.797]}},{"type":"Feature","properties":{"id":5711,"t":"kort"},"geometry":{"type":"Point","coordinates":[-86.7396,36.1852]}},{"type":"Feature","properties":{"id":5712,"t":"kort"},"geometry":{"type":"Point","coordinates":[-74.963,40.262]}},{"type":"Feature","properties":{"id":5713,"t":"kort"},"geometry":{"type":"Point","coordinates":[-111.9782,41.2607]}},{"type":"Feature","properties":{"id":5714,"t":"kort"},"geometry":{"type":"Point","coordinates":[-75.0564,39.9497]}},{"type":"Feature","properties":{"id":5715,"t":"kort"},"geometry":{"type":"Point","coordinates":[-75.2112,39.9565]}},{"type":"Feature","properties":{"id":5716,"t":"kort"},"geometry":{"type":"Point","coordinates":[-79.9987,40.4496]}},{"type":"Feature","properties":{"id":5717,"t":"kort"},"geometry":{"type":"Point","coordinates":[-74.638,40.3736]}},{"type":"Feature","properties":{"id":5718,"t":"kort"},"geometry":{"type":"Point","coordinates":[-73.8146,40.7707]}},{"type":"Feature","properties":{"id":5719,"t":"kort"},"geometry":{"type":"Point","coordinates":[-74.1093,40.8264]}},{"type":"Feature","properties":{"id":5720,"t":"kort"},"geometry":{"type":"Point","coordinates":[-111.855,40.713]}},{"type":"Feature","properties":{"id":5721,"t":"kort"},"geometry":{"type":"Point","coordinates":[-98.4892,29.4462]}},{"type":"Feature","properties":{"id":5722,"t":"kort"},"geometry":{"type":"Point","coordinates":[-105.8715,35.6261]}},{"type":"Feature","properties":{"id":5723,"t":"kort"},"geometry":{"type":"Point","coordinates":[-74.0735,39.9544]}},{"type":"Feature","properties":{"id":5724,"t":"kort"},"geometry":{"type":"Point","coordinates":[-77.0406,39.0346]}},{"type":"Feature","properties":{"id":5725,"t":"kort"},"geometry":{"type":"Point","coordinates":[-76.197,43.1003]}},{"type":"Feature","properties":{"id":5726,"t":"kort"},"geometry":{"type":"Point","coordinates":[-111.931,33.3653]}},{"type":"Feature","properties":{"id":5727,"t":"kort"},"geometry":{"type":"Point","coordinates":[-110.9246,32.3054]}},{"type":"Feature","properties":{"id":5728,"t":"kort"},"geometry":{"type":"Point","coordinates":[-74.3346,40.6559]}},{"type":"Feature","properties":{"id":5729,"t":"kort"},"geometry":{"type":"Point","coordinates":[-76.7784,39.9923]}},{"type":"Feature","properties":{"id":5730,"t":"half"},"geometry":{"type":"Point","coordinates":[-81.0358,29.1992]}},{"type":"Feature","properties":{"id":5731,"t":"kort"},"geometry":{"type":"Point","coordinates":[-87.0423,30.662]}},{"type":"Feature","properties":{"id":5732,"t":"kort"},"geometry":{"type":"Point","coordinates":[-93.2118,30.3186]}},{"type":"Feature","properties":{"id":5733,"t":"kort"},"geometry":{"type":"Point","coordinates":[-83.8381,34.0285]}},{"type":"Feature","properties":{"id":5734,"t":"kort"},"geometry":{"type":"Point","coordinates":[-88.1045,43.1572]}},{"type":"Feature","properties":{"id":5735,"t":"half"},"geometry":{"type":"Point","coordinates":[-89.3324,37.7607]}},{"type":"Feature","properties":{"id":5736,"t":"kort"},"geometry":{"type":"Point","coordinates":[-96.7763,43.0842]}},{"type":"Feature","properties":{"id":5737,"t":"kort"},"geometry":{"type":"Point","coordinates":[-122.3063,47.6819]}},{"type":"Feature","properties":{"id":5738,"t":"kort"},"geometry":{"type":"Point","coordinates":[-86.8205,33.6041]}},{"type":"Feature","properties":{"id":5739,"t":"kort"},"geometry":{"type":"Point","coordinates":[-87.3375,39.5329]}},{"type":"Feature","properties":{"id":5740,"t":"kort"},"geometry":{"type":"Point","coordinates":[-81.8018,26.1432]}},{"type":"Feature","properties":{"id":5741,"t":"kort"},"geometry":{"type":"Point","coordinates":[-76.5022,38.4497]}},{"type":"Feature","properties":{"id":5742,"t":"ultra"},"geometry":{"type":"Point","coordinates":[-95.4019,29.7764]}},{"type":"Feature","properties":{"id":5743,"t":"kort"},"geometry":{"type":"Point","coordinates":[-81.2339,28.978]}},{"type":"Feature","properties":{"id":5744,"t":"kort"},"geometry":{"type":"Point","coordinates":[-118.0033,33.9007]}},{"type":"Feature","properties":{"id":5745,"t":"kort"},"geometry":{"type":"Point","coordinates":[-72.3793,43.6702]}},{"type":"Feature","properties":{"id":5746,"t":"half"},"geometry":{"type":"Point","coordinates":[-111.5033,35.9854]}},{"type":"Feature","properties":{"id":5747,"t":"kort"},"geometry":{"type":"Point","coordinates":[-101.8363,33.516]}},{"type":"Feature","properties":{"id":5748,"t":"kort"},"geometry":{"type":"Point","coordinates":[-80.8549,34.9681]}},{"type":"Feature","properties":{"id":5749,"t":"half"},"geometry":{"type":"Point","coordinates":[-96.9494,32.8597]}},{"type":"Feature","properties":{"id":5750,"t":"kort"},"geometry":{"type":"Point","coordinates":[-77.4261,38.3331]}},{"type":"Feature","properties":{"id":5751,"t":"kort"},"geometry":{"type":"Point","coordinates":[-95.4931,29.6524]}},{"type":"Feature","properties":{"id":5752,"t":"kort"},"geometry":{"type":"Point","coordinates":[-96.0166,36.0586]}},{"type":"Feature","properties":{"id":5753,"t":"ultra"},"geometry":{"type":"Point","coordinates":[-95.9788,28.6834]}},{"type":"Feature","properties":{"id":5754,"t":"half"},"geometry":{"type":"Point","coordinates":[-84.3047,37.7586]}},{"type":"Feature","properties":{"id":5755,"t":"half"},"geometry":{"type":"Point","coordinates":[-93.2591,36.67]}},{"type":"Feature","properties":{"id":5756,"t":"half"},"geometry":{"type":"Point","coordinates":[-82.0442,26.9154]}},{"type":"Feature","properties":{"id":5757,"t":"kort"},"geometry":{"type":"Point","coordinates":[-74.703,39.1556]}},{"type":"Feature","properties":{"id":5758,"t":"kort"},"geometry":{"type":"Point","coordinates":[-93.1082,37.1288]}},{"type":"Feature","properties":{"id":5759,"t":"kort"},"geometry":{"type":"Point","coordinates":[-90.0534,30.3594]}},{"type":"Feature","properties":{"id":5760,"t":"kort"},"geometry":{"type":"Point","coordinates":[-81.5264,26.1124]}},{"type":"Feature","properties":{"id":5761,"t":"kort"},"geometry":{"type":"Point","coordinates":[-80.034,26.7134]}},{"type":"Feature","properties":{"id":5762,"t":"ultra"},"geometry":{"type":"Point","coordinates":[-95.5873,30.6476]}},{"type":"Feature","properties":{"id":5763,"t":"kort"},"geometry":{"type":"Point","coordinates":[-96.7493,32.8808]}},{"type":"Feature","properties":{"id":5764,"t":"half"},"geometry":{"type":"Point","coordinates":[-84.4263,33.8454]}},{"type":"Feature","properties":{"id":5765,"t":"half"},"geometry":{"type":"Point","coordinates":[-97.673,30.1728]}},{"type":"Feature","properties":{"id":5766,"t":"half"},"geometry":{"type":"Point","coordinates":[-87.6667,41.9631]}},{"type":"Feature","properties":{"id":5767,"t":"half"},"geometry":{"type":"Point","coordinates":[-97.3854,32.7354]}},{"type":"Feature","properties":{"id":5768,"t":"half"},"geometry":{"type":"Point","coordinates":[-104.7349,39.5932]}},{"type":"Feature","properties":{"id":5769,"t":"half"},"geometry":{"type":"Point","coordinates":[-95.4104,29.7423]}},{"type":"Feature","properties":{"id":5770,"t":"half"},"geometry":{"type":"Point","coordinates":[-94.5954,39.0599]}},{"type":"Feature","properties":{"id":5771,"t":"half"},"geometry":{"type":"Point","coordinates":[-115.083,36.0824]}},{"type":"Feature","properties":{"id":5772,"t":"half"},"geometry":{"type":"Point","coordinates":[-118.5337,34.0381]}},{"type":"Feature","properties":{"id":5773,"t":"half"},"geometry":{"type":"Point","coordinates":[-90.0485,35.1436]}},{"type":"Feature","properties":{"id":5774,"t":"half"},"geometry":{"type":"Point","coordinates":[-80.1517,25.6993]}},{"type":"Feature","properties":{"id":5775,"t":"half"},"geometry":{"type":"Point","coordinates":[-75.1067,39.9361]}},{"type":"Feature","properties":{"id":5776,"t":"half"},"geometry":{"type":"Point","coordinates":[-74.0052,40.749]}},{"type":"Feature","properties":{"id":5777,"t":"half"},"geometry":{"type":"Point","coordinates":[-75.1059,39.9275]}},{"type":"Feature","properties":{"id":5778,"t":"half"},"geometry":{"type":"Point","coordinates":[-111.977,33.4978]}},{"type":"Feature","properties":{"id":5779,"t":"half"},"geometry":{"type":"Point","coordinates":[-121.4627,38.5676]}},{"type":"Feature","properties":{"id":5780,"t":"half"},"geometry":{"type":"Point","coordinates":[-98.4226,29.5489]}},{"type":"Feature","properties":{"id":5781,"t":"half"},"geometry":{"type":"Point","coordinates":[-117.222,32.735]}},{"type":"Feature","properties":{"id":5782,"t":"half"},"geometry":{"type":"Point","coordinates":[-122.4645,37.8043]}},{"type":"Feature","properties":{"id":5783,"t":"half"},"geometry":{"type":"Point","coordinates":[-122.377,47.542]}},{"type":"Feature","properties":{"id":5784,"t":"half"},"geometry":{"type":"Point","coordinates":[-82.5863,28.0025]}},{"type":"Feature","properties":{"id":5785,"t":"kort"},"geometry":{"type":"Point","coordinates":[-81.4669,28.5335]}},{"type":"Feature","properties":{"id":5786,"t":"kort"},"geometry":{"type":"Point","coordinates":[-78.114,33.9199]}},{"type":"Feature","properties":{"id":5787,"t":"kort"},"geometry":{"type":"Point","coordinates":[-83.1243,34.456]}},{"type":"Feature","properties":{"id":5788,"t":"kort"},"geometry":{"type":"Point","coordinates":[-90.4566,38.7261]}},{"type":"Feature","properties":{"id":5789,"t":"kort"},"geometry":{"type":"Point","coordinates":[-82.1058,28.0164]}},{"type":"Feature","properties":{"id":5790,"t":"kort"},"geometry":{"type":"Point","coordinates":[-87.7631,30.2701]}},{"type":"Feature","properties":{"id":5791,"t":"kort"},"geometry":{"type":"Point","coordinates":[-80.1787,26.3055]}},{"type":"Feature","properties":{"id":5792,"t":"kort"},"geometry":{"type":"Point","coordinates":[-81.5314,29.9489]}},{"type":"Feature","properties":{"id":5793,"t":"kort"},"geometry":{"type":"Point","coordinates":[-91.2256,30.5806]}},{"type":"Feature","properties":{"id":5794,"t":"kort"},"geometry":{"type":"Point","coordinates":[-86.3848,43.8223]}},{"type":"Feature","properties":{"id":5795,"t":"kort"},"geometry":{"type":"Point","coordinates":[-78.7866,35.7555]}},{"type":"Feature","properties":{"id":5796,"t":"kort"},"geometry":{"type":"Point","coordinates":[-110.5359,31.663]}},{"type":"Feature","properties":{"id":5797,"t":"kort"},"geometry":{"type":"Point","coordinates":[-81.7802,32.443]}},{"type":"Feature","properties":{"id":5798,"t":"kort"},"geometry":{"type":"Point","coordinates":[-95.3589,29.7498]}},{"type":"Feature","properties":{"id":5799,"t":"kort"},"geometry":{"type":"Point","coordinates":[-82.5057,28.0093]}},{"type":"Feature","properties":{"id":5800,"t":"kort"},"geometry":{"type":"Point","coordinates":[-83.8521,43.072]}},{"type":"Feature","properties":{"id":5801,"t":"ultra"},"geometry":{"type":"Point","coordinates":[-122.0151,47.3074]}},{"type":"Feature","properties":{"id":5802,"t":"kort"},"geometry":{"type":"Point","coordinates":[-116.1965,43.5879]}},{"type":"Feature","properties":{"id":5803,"t":"kort"},"geometry":{"type":"Point","coordinates":[-84.2118,30.1589]}},{"type":"Feature","properties":{"id":5804,"t":"ultra"},"geometry":{"type":"Point","coordinates":[-90.6674,38.581]}},{"type":"Feature","properties":{"id":5805,"t":"half"},"geometry":{"type":"Point","coordinates":[-74.0395,40.6255]}},{"type":"Feature","properties":{"id":5806,"t":"half"},"geometry":{"type":"Point","coordinates":[-118.0109,33.6801]}},{"type":"Feature","properties":{"id":5807,"t":"kort"},"geometry":{"type":"Point","coordinates":[-92.0656,30.2023]}},{"type":"Feature","properties":{"id":5808,"t":"kort"},"geometry":{"type":"Point","coordinates":[-83.9743,34.5315]}},{"type":"Feature","properties":{"id":5809,"t":"kort"},"geometry":{"type":"Point","coordinates":[-111.9077,40.7587]}},{"type":"Feature","properties":{"id":5810,"t":"kort"},"geometry":{"type":"Point","coordinates":[-71.5217,43.2135]}},{"type":"Feature","properties":{"id":5811,"t":"half"},"geometry":{"type":"Point","coordinates":[-84.4415,33.8488]}},{"type":"Feature","properties":{"id":5812,"t":"half"},"geometry":{"type":"Point","coordinates":[-97.6647,30.179]}},{"type":"Feature","properties":{"id":5813,"t":"half"},"geometry":{"type":"Point","coordinates":[-87.6504,41.9685]}},{"type":"Feature","properties":{"id":5814,"t":"half"},"geometry":{"type":"Point","coordinates":[-97.3762,32.7348]}},{"type":"Feature","properties":{"id":5815,"t":"half"},"geometry":{"type":"Point","coordinates":[-104.7374,39.6094]}},{"type":"Feature","properties":{"id":5816,"t":"half"},"geometry":{"type":"Point","coordinates":[-95.4006,29.7457]}},{"type":"Feature","properties":{"id":5817,"t":"half"},"geometry":{"type":"Point","coordinates":[-94.5819,39.0473]}},{"type":"Feature","properties":{"id":5818,"t":"half"},"geometry":{"type":"Point","coordinates":[-115.0943,36.0826]}},{"type":"Feature","properties":{"id":5819,"t":"half"},"geometry":{"type":"Point","coordinates":[-118.52,34.0455]}},{"type":"Feature","properties":{"id":5820,"t":"half"},"geometry":{"type":"Point","coordinates":[-90.0385,35.147]}},{"type":"Feature","properties":{"id":5821,"t":"half"},"geometry":{"type":"Point","coordinates":[-80.1737,25.6987]}},{"type":"Feature","properties":{"id":5822,"t":"half"},"geometry":{"type":"Point","coordinates":[-75.1047,39.9295]}},{"type":"Feature","properties":{"id":5823,"t":"half"},"geometry":{"type":"Point","coordinates":[-73.998,40.7508]}},{"type":"Feature","properties":{"id":5824,"t":"half"},"geometry":{"type":"Point","coordinates":[-75.111,39.9369]}},{"type":"Feature","properties":{"id":5825,"t":"half"},"geometry":{"type":"Point","coordinates":[-111.9923,33.5012]}},{"type":"Feature","properties":{"id":5826,"t":"half"},"geometry":{"type":"Point","coordinates":[-121.4778,38.5802]}},{"type":"Feature","properties":{"id":5827,"t":"half"},"geometry":{"type":"Point","coordinates":[-98.4091,29.5363]}},{"type":"Feature","properties":{"id":5828,"t":"half"},"geometry":{"type":"Point","coordinates":[-117.2333,32.7352]}},{"type":"Feature","properties":{"id":5829,"t":"half"},"geometry":{"type":"Point","coordinates":[-122.475,37.8013]}},{"type":"Feature","properties":{"id":5830,"t":"half"},"geometry":{"type":"Point","coordinates":[-122.4003,47.5462]}},{"type":"Feature","properties":{"id":5831,"t":"half"},"geometry":{"type":"Point","coordinates":[-82.5833,28.0019]}},{"type":"Feature","properties":{"id":5832,"t":"kort"},"geometry":{"type":"Point","coordinates":[-119.1128,35.2951]}},{"type":"Feature","properties":{"id":5833,"t":"kort"},"geometry":{"type":"Point","coordinates":[-93.297,45.9012]}},{"type":"Feature","properties":{"id":5834,"t":"half"},"geometry":{"type":"Point","coordinates":[-97.6189,30.4373]}},{"type":"Feature","properties":{"id":5835,"t":"kort"},"geometry":{"type":"Point","coordinates":[-78.9427,35.6837]}},{"type":"Feature","properties":{"id":5836,"t":"ultra"},"geometry":{"type":"Point","coordinates":[-83.7719,42.5283]}},{"type":"Feature","properties":{"id":5837,"t":"ultra"},"geometry":{"type":"Point","coordinates":[-122.2289,48.5308]}},{"type":"Feature","properties":{"id":5838,"t":"half"},"geometry":{"type":"Point","coordinates":[-84.0157,34.0337]}},{"type":"Feature","properties":{"id":5839,"t":"kort"},"geometry":{"type":"Point","coordinates":[-98.4091,29.5859]}},{"type":"Feature","properties":{"id":5840,"t":"kort"},"geometry":{"type":"Point","coordinates":[-117.1723,32.6861]}},{"type":"Feature","properties":{"id":5841,"t":"kort"},"geometry":{"type":"Point","coordinates":[-121.2878,44.0988]}},{"type":"Feature","properties":{"id":5842,"t":"kort"},"geometry":{"type":"Point","coordinates":[-77.3122,38.8416]}},{"type":"Feature","properties":{"id":5843,"t":"kort"},"geometry":{"type":"Point","coordinates":[-81.7632,28.5591]}},{"type":"Feature","properties":{"id":5844,"t":"tri"},"geometry":{"type":"Point","coordinates":[-82.7149,27.6683]}},{"type":"Feature","properties":{"id":5845,"t":"kort"},"geometry":{"type":"Point","coordinates":[-88.0413,42.9354]}},{"type":"Feature","properties":{"id":5846,"t":"kort"},"geometry":{"type":"Point","coordinates":[-81.787,28.4163]}},{"type":"Feature","properties":{"id":5847,"t":"kort"},"geometry":{"type":"Point","coordinates":[-80.6494,28.1386]}},{"type":"Feature","properties":{"id":5848,"t":"kort"},"geometry":{"type":"Point","coordinates":[-110.9371,32.2526]}},{"type":"Feature","properties":{"id":5849,"t":"kort"},"geometry":{"type":"Point","coordinates":[-76.5407,40.3522]}},{"type":"Feature","properties":{"id":5850,"t":"kort"},"geometry":{"type":"Point","coordinates":[-106.9499,38.8681]}},{"type":"Feature","properties":{"id":5851,"t":"kort"},"geometry":{"type":"Point","coordinates":[-72.938,41.309]}},{"type":"Feature","properties":{"id":5852,"t":"kort"},"geometry":{"type":"Point","coordinates":[-73.841,40.6972]}},{"type":"Feature","properties":{"id":5853,"t":"kort"},"geometry":{"type":"Point","coordinates":[-81.9458,28.0218]}},{"type":"Feature","properties":{"id":5854,"t":"kort"},"geometry":{"type":"Point","coordinates":[-97.5762,35.5365]}},{"type":"Feature","properties":{"id":5855,"t":"kort"},"geometry":{"type":"Point","coordinates":[-79.4983,42.2385]}},{"type":"Feature","properties":{"id":5856,"t":"kort"},"geometry":{"type":"Point","coordinates":[-82.4193,27.2886]}},{"type":"Feature","properties":{"id":5857,"t":"half"},"geometry":{"type":"Point","coordinates":[-116.3822,33.7247]}},{"type":"Feature","properties":{"id":5858,"t":"kort"},"geometry":{"type":"Point","coordinates":[-101.9272,34.9824]}},{"type":"Feature","properties":{"id":5859,"t":"half"},"geometry":{"type":"Point","coordinates":[-105.1172,39.8057]}},{"type":"Feature","properties":{"id":5860,"t":"kort"},"geometry":{"type":"Point","coordinates":[-118.3932,33.8395]}},{"type":"Feature","properties":{"id":5861,"t":"kort"},"geometry":{"type":"Point","coordinates":[-95.4755,29.8278]}},{"type":"Feature","properties":{"id":5862,"t":"kort"},"geometry":{"type":"Point","coordinates":[-97.1419,31.5559]}},{"type":"Feature","properties":{"id":5863,"t":"kort"},"geometry":{"type":"Point","coordinates":[-78.6098,35.7705]}},{"type":"Feature","properties":{"id":5864,"t":"half"},"geometry":{"type":"Point","coordinates":[-94.0739,33.4671]}},{"type":"Feature","properties":{"id":5865,"t":"half"},"geometry":{"type":"Point","coordinates":[-86.2503,30.3583]}},{"type":"Feature","properties":{"id":5866,"t":"kort"},"geometry":{"type":"Point","coordinates":[-80.0734,26.3504]}},{"type":"Feature","properties":{"id":5867,"t":"kort"},"geometry":{"type":"Point","coordinates":[-74.1901,41.0747]}},{"type":"Feature","properties":{"id":5868,"t":"tri"},"geometry":{"type":"Point","coordinates":[-81.7764,28.4069]}},{"type":"Feature","properties":{"id":5869,"t":"kort"},"geometry":{"type":"Point","coordinates":[-122.2848,47.6875]}},{"type":"Feature","properties":{"id":5870,"t":"kort"},"geometry":{"type":"Point","coordinates":[-74.2123,41.0005]}},{"type":"Feature","properties":{"id":5871,"t":"kort"},"geometry":{"type":"Point","coordinates":[-75.4525,40.5913]}},{"type":"Feature","properties":{"id":5872,"t":"kort"},"geometry":{"type":"Point","coordinates":[-111.9362,33.3595]}},{"type":"Feature","properties":{"id":5873,"t":"kort"},"geometry":{"type":"Point","coordinates":[-82.5134,27.9991]}},{"type":"Feature","properties":{"id":5874,"t":"kort"},"geometry":{"type":"Point","coordinates":[-80.8534,35.2238]}},{"type":"Feature","properties":{"id":5875,"t":"half"},"geometry":{"type":"Point","coordinates":[-118.1444,33.7585]}},{"type":"Feature","properties":{"id":5876,"t":"half"},"geometry":{"type":"Point","coordinates":[-104.8175,38.843]}},{"type":"Feature","properties":{"id":5877,"t":"kort"},"geometry":{"type":"Point","coordinates":[-81.4068,30.1126]}},{"type":"Feature","properties":{"id":5878,"t":"kort"},"geometry":{"type":"Point","coordinates":[-81.5293,28.8117]}},{"type":"Feature","properties":{"id":5879,"t":"marathon"},"geometry":{"type":"Point","coordinates":[-79.8137,36.1734]}},{"type":"Feature","properties":{"id":5880,"t":"kort"},"geometry":{"type":"Point","coordinates":[-80.2524,26.6681]}},{"type":"Feature","properties":{"id":5881,"t":"kort"},"geometry":{"type":"Point","coordinates":[-96.3782,29.7604]}},{"type":"Feature","properties":{"id":5882,"t":"kort"},"geometry":{"type":"Point","coordinates":[-81.4868,28.6374]}},{"type":"Feature","properties":{"id":5883,"t":"kort"},"geometry":{"type":"Point","coordinates":[-82.8781,29.4766]}},{"type":"Feature","properties":{"id":5884,"t":"kort"},"geometry":{"type":"Point","coordinates":[-80.4756,27.2644]}},{"type":"Feature","properties":{"id":5885,"t":"kort"},"geometry":{"type":"Point","coordinates":[-80.4465,27.4408]}},{"type":"Feature","properties":{"id":5886,"t":"kort"},"geometry":{"type":"Point","coordinates":[-80.6055,28.1818]}},{"type":"Feature","properties":{"id":5887,"t":"kort"},"geometry":{"type":"Point","coordinates":[-95.3589,29.7536]}},{"type":"Feature","properties":{"id":5888,"t":"kort"},"geometry":{"type":"Point","coordinates":[-75.4852,38.3906]}},{"type":"Feature","properties":{"id":5889,"t":"kort"},"geometry":{"type":"Point","coordinates":[-86.838,33.5967]}},{"type":"Feature","properties":{"id":5890,"t":"kort"},"geometry":{"type":"Point","coordinates":[-82.2408,26.9439]}},{"type":"Feature","properties":{"id":5891,"t":"kort"},"geometry":{"type":"Point","coordinates":[-119.1036,35.3033]}},{"type":"Feature","properties":{"id":5892,"t":"kort"},"geometry":{"type":"Point","coordinates":[-92.0476,30.3328]}},{"type":"Feature","properties":{"id":5893,"t":"half"},"geometry":{"type":"Point","coordinates":[-122.7557,38.4412]}},{"type":"Feature","properties":{"id":5894,"t":"kort"},"geometry":{"type":"Point","coordinates":[-81.3645,28.5232]}},{"type":"Feature","properties":{"id":5895,"t":"ultra"},"geometry":{"type":"Point","coordinates":[-81.6375,41.2403]}},{"type":"Feature","properties":{"id":5896,"t":"kort"},"geometry":{"type":"Point","coordinates":[-81.6706,41.5002]}},{"type":"Feature","properties":{"id":5897,"t":"tri"},"geometry":{"type":"Point","coordinates":[-104.8739,39.6197]}},{"type":"Feature","properties":{"id":5898,"t":"kort"},"geometry":{"type":"Point","coordinates":[-80.1101,26.0054]}},{"type":"Feature","properties":{"id":5899,"t":"kort"},"geometry":{"type":"Point","coordinates":[-118.193,33.766]}},{"type":"Feature","properties":{"id":5900,"t":"kort"},"geometry":{"type":"Point","coordinates":[-96.8562,32.8721]}},{"type":"Feature","properties":{"id":5901,"t":"kort"},"geometry":{"type":"Point","coordinates":[-119.4453,36.6028]}},{"type":"Feature","properties":{"id":5902,"t":"kort"},"geometry":{"type":"Point","coordinates":[-73.9943,40.7645]}},{"type":"Feature","properties":{"id":5903,"t":"kort"},"geometry":{"type":"Point","coordinates":[-87.7539,30.2671]}},{"type":"Feature","properties":{"id":5904,"t":"ultra"},"geometry":{"type":"Point","coordinates":[-98.6114,29.3521]}},{"type":"Feature","properties":{"id":5905,"t":"kort"},"geometry":{"type":"Point","coordinates":[-112.1174,33.736]}},{"type":"Feature","properties":{"id":5906,"t":"ultra"},"geometry":{"type":"Point","coordinates":[-74.253,40.7501]}},{"type":"Feature","properties":{"id":5907,"t":"kort"},"geometry":{"type":"Point","coordinates":[-96.8106,32.793]}},{"type":"Feature","properties":{"id":5908,"t":"kort"},"geometry":{"type":"Point","coordinates":[-86.6306,30.4292]}},{"type":"Feature","properties":{"id":5909,"t":"kort"},"geometry":{"type":"Point","coordinates":[-85.7836,33.728]}},{"type":"Feature","properties":{"id":5910,"t":"kort"},"geometry":{"type":"Point","coordinates":[-121.0807,38.9167]}},{"type":"Feature","properties":{"id":5911,"t":"ultra"},"geometry":{"type":"Point","coordinates":[-88.2438,41.7475]}},{"type":"Feature","properties":{"id":5912,"t":"ultra"},"geometry":{"type":"Point","coordinates":[-77.3751,34.7746]}},{"type":"Feature","properties":{"id":5913,"t":"kort"},"geometry":{"type":"Point","coordinates":[-77.4526,34.7279]}},{"type":"Feature","properties":{"id":5914,"t":"kort"},"geometry":{"type":"Point","coordinates":[-81.9701,32.7811]}},{"type":"Feature","properties":{"id":5915,"t":"kort"},"geometry":{"type":"Point","coordinates":[-84.0546,41.9031]}},{"type":"Feature","properties":{"id":5916,"t":"kort"},"geometry":{"type":"Point","coordinates":[-118.2488,34.0514]}},{"type":"Feature","properties":{"id":5917,"t":"kort"},"geometry":{"type":"Point","coordinates":[-81.2038,28.6547]}},{"type":"Feature","properties":{"id":5918,"t":"kort"},"geometry":{"type":"Point","coordinates":[-118.2475,34.0534]}},{"type":"Feature","properties":{"id":5919,"t":"kort"},"geometry":{"type":"Point","coordinates":[-81.2729,29.8004]}},{"type":"Feature","properties":{"id":5920,"t":"kort"},"geometry":{"type":"Point","coordinates":[-74.0658,40.1269]}},{"type":"Feature","properties":{"id":5921,"t":"kort"},"geometry":{"type":"Point","coordinates":[-97.6206,30.1645]}},{"type":"Feature","properties":{"id":5922,"t":"kort"},"geometry":{"type":"Point","coordinates":[-97.1672,31.5219]}},{"type":"Feature","properties":{"id":5923,"t":"kort"},"geometry":{"type":"Point","coordinates":[-81.2961,28.6022]}},{"type":"Feature","properties":{"id":5924,"t":"half"},"geometry":{"type":"Point","coordinates":[-90.1703,32.342]}},{"type":"Feature","properties":{"id":5925,"t":"ultra"},"geometry":{"type":"Point","coordinates":[-122.4871,37.6236]}},{"type":"Feature","properties":{"id":5926,"t":"kort"},"geometry":{"type":"Point","coordinates":[-97.3465,31.0979]}},{"type":"Feature","properties":{"id":5927,"t":"ultra"},"geometry":{"type":"Point","coordinates":[-80.8908,35.8639]}},{"type":"Feature","properties":{"id":5928,"t":"kort"},"geometry":{"type":"Point","coordinates":[-79.2301,34.9968]}},{"type":"Feature","properties":{"id":5929,"t":"kort"},"geometry":{"type":"Point","coordinates":[-96.0622,30.3624]}},{"type":"Feature","properties":{"id":5930,"t":"half"},"geometry":{"type":"Point","coordinates":[-93.3706,30.2116]}},{"type":"Feature","properties":{"id":5931,"t":"kort"},"geometry":{"type":"Point","coordinates":[-90.9055,30.451]}},{"type":"Feature","properties":{"id":5932,"t":"ultra"},"geometry":{"type":"Point","coordinates":[-77.409,35.61]}},{"type":"Feature","properties":{"id":5933,"t":"kort"},"geometry":{"type":"Point","coordinates":[-98.0577,26.4629]}},{"type":"Feature","properties":{"id":5934,"t":"ultra"},"geometry":{"type":"Point","coordinates":[-78.2506,37.5003]}},{"type":"Feature","properties":{"id":5935,"t":"kort"},"geometry":{"type":"Point","coordinates":[-83.0252,34.1861]}},{"type":"Feature","properties":{"id":5936,"t":"kort"},"geometry":{"type":"Point","coordinates":[-119.0231,35.3872]}},{"type":"Feature","properties":{"id":5937,"t":"ultra"},"geometry":{"type":"Point","coordinates":[-80.929,34.0781]}},{"type":"Feature","properties":{"id":5938,"t":"kort"},"geometry":{"type":"Point","coordinates":[-80.1676,26.6622]}},{"type":"Feature","properties":{"id":5939,"t":"kort"},"geometry":{"type":"Point","coordinates":[-117.4327,47.6639]}},{"type":"Feature","properties":{"id":5940,"t":"kort"},"geometry":{"type":"Point","coordinates":[-95.3119,32.2682]}},{"type":"Feature","properties":{"id":5941,"t":"kort"},"geometry":{"type":"Point","coordinates":[-95.4032,29.7077]}},{"type":"Feature","properties":{"id":5942,"t":"kort"},"geometry":{"type":"Point","coordinates":[-97.7428,30.7275]}},{"type":"Feature","properties":{"id":5943,"t":"kort"},"geometry":{"type":"Point","coordinates":[-81.5007,31.1779]}},{"type":"Feature","properties":{"id":5944,"t":"kort"},"geometry":{"type":"Point","coordinates":[-97.7507,30.1828]}},{"type":"Feature","properties":{"id":5945,"t":"kort"},"geometry":{"type":"Point","coordinates":[-95.1117,29.6898]}},{"type":"Feature","properties":{"id":5946,"t":"ultra"},"geometry":{"type":"Point","coordinates":[-98.4844,31.1061]}},{"type":"Feature","properties":{"id":5947,"t":"marathon"},"geometry":{"type":"Point","coordinates":[-81.2287,28.5985]}},{"type":"Feature","properties":{"id":5948,"t":"half"},"geometry":{"type":"Point","coordinates":[-90.5035,41.5553]}},{"type":"Feature","properties":{"id":5949,"t":"half"},"geometry":{"type":"Point","coordinates":[-84.2137,33.5629]}},{"type":"Feature","properties":{"id":5950,"t":"kort"},"geometry":{"type":"Point","coordinates":[-85.4763,32.607]}},{"type":"Feature","properties":{"id":5951,"t":"kort"},"geometry":{"type":"Point","coordinates":[-82.4729,36.4747]}},{"type":"Feature","properties":{"id":5952,"t":"kort"},"geometry":{"type":"Point","coordinates":[-86.1116,33.445]}},{"type":"Feature","properties":{"id":5953,"t":"ultra"},"geometry":{"type":"Point","coordinates":[-85.4764,42.6952]}},{"type":"Feature","properties":{"id":5954,"t":"kort"},"geometry":{"type":"Point","coordinates":[-93.3077,37.174]}},{"type":"Feature","properties":{"id":5955,"t":"kort"},"geometry":{"type":"Point","coordinates":[-98.4322,29.3416]}},{"type":"Feature","properties":{"id":5956,"t":"kort"},"geometry":{"type":"Point","coordinates":[-83.4198,34.007]}},{"type":"Feature","properties":{"id":5957,"t":"kort"},"geometry":{"type":"Point","coordinates":[-90.4536,38.7219]}},{"type":"Feature","properties":{"id":5958,"t":"kort"},"geometry":{"type":"Point","coordinates":[-80.1435,25.9635]}},{"type":"Feature","properties":{"id":5959,"t":"half"},"geometry":{"type":"Point","coordinates":[-94.7953,29.2967]}},{"type":"Feature","properties":{"id":5960,"t":"kort"},"geometry":{"type":"Point","coordinates":[-157.7518,21.4135]}},{"type":"Feature","properties":{"id":5961,"t":"kort"},"geometry":{"type":"Point","coordinates":[-96.8684,32.8711]}},{"type":"Feature","properties":{"id":5962,"t":"kort"},"geometry":{"type":"Point","coordinates":[-98.6179,29.3485]}},{"type":"Feature","properties":{"id":5963,"t":"kort"},"geometry":{"type":"Point","coordinates":[-77.5693,37.3979]}},{"type":"Feature","properties":{"id":5964,"t":"half"},"geometry":{"type":"Point","coordinates":[-95.2618,29.5645]}},{"type":"Feature","properties":{"id":5965,"t":"kort"},"geometry":{"type":"Point","coordinates":[-74.1016,40.8309]}},{"type":"Feature","properties":{"id":5966,"t":"kort"},"geometry":{"type":"Point","coordinates":[-82.3585,27.0978]}},{"type":"Feature","properties":{"id":5967,"t":"kort"},"geometry":{"type":"Point","coordinates":[-81.2543,28.5673]}},{"type":"Feature","properties":{"id":5968,"t":"kort"},"geometry":{"type":"Point","coordinates":[-76.732,39.1547]}},{"type":"Feature","properties":{"id":5969,"t":"kort"},"geometry":{"type":"Point","coordinates":[-85.5554,43.0788]}},{"type":"Feature","properties":{"id":5970,"t":"ultra"},"geometry":{"type":"Point","coordinates":[-111.3547,32.1028]}},{"type":"Feature","properties":{"id":5971,"t":"marathon"},"geometry":{"type":"Point","coordinates":[-119.3684,34.331]}},{"type":"Feature","properties":{"id":5972,"t":"tri"},"geometry":{"type":"Point","coordinates":[-87.6888,42.0486]}},{"type":"Feature","properties":{"id":5973,"t":"kort"},"geometry":{"type":"Point","coordinates":[-80.8936,35.8573]}},{"type":"Feature","properties":{"id":5974,"t":"kort"},"geometry":{"type":"Point","coordinates":[-82.4625,27.9698]}},{"type":"Feature","properties":{"id":5975,"t":"kort"},"geometry":{"type":"Point","coordinates":[-80.6083,28.0249]}},{"type":"Feature","properties":{"id":5976,"t":"ultra"},"geometry":{"type":"Point","coordinates":[-114.121,36.8121]}},{"type":"Feature","properties":{"id":5977,"t":"marathon"},"geometry":{"type":"Point","coordinates":[-77.9372,34.2291]}},{"type":"Feature","properties":{"id":5978,"t":"half"},"geometry":{"type":"Point","coordinates":[-81.6003,28.3057]}},{"type":"Feature","properties":{"id":5979,"t":"kort"},"geometry":{"type":"Point","coordinates":[-92.1011,32.5278]}},{"type":"Feature","properties":{"id":5980,"t":"kort"},"geometry":{"type":"Point","coordinates":[-84.2862,33.7663]}},{"type":"Feature","properties":{"id":5981,"t":"kort"},"geometry":{"type":"Point","coordinates":[-95.2615,29.9605]}},{"type":"Feature","properties":{"id":5982,"t":"half"},"geometry":{"type":"Point","coordinates":[-82.0176,33.4833]}},{"type":"Feature","properties":{"id":5983,"t":"kort"},"geometry":{"type":"Point","coordinates":[-82.6884,28.0903]}},{"type":"Feature","properties":{"id":5984,"t":"kort"},"geometry":{"type":"Point","coordinates":[-83.7006,41.7034]}},{"type":"Feature","properties":{"id":5985,"t":"kort"},"geometry":{"type":"Point","coordinates":[-81.44,26.7345]}},{"type":"Feature","properties":{"id":5986,"t":"half"},"geometry":{"type":"Point","coordinates":[-122.1316,47.7678]}},{"type":"Feature","properties":{"id":5987,"t":"tri"},"geometry":{"type":"Point","coordinates":[-81.8248,34.8913]}},{"type":"Feature","properties":{"id":5988,"t":"kort"},"geometry":{"type":"Point","coordinates":[-86.167,39.7911]}},{"type":"Feature","properties":{"id":5989,"t":"kort"},"geometry":{"type":"Point","coordinates":[-111.9924,33.4745]}},{"type":"Feature","properties":{"id":5990,"t":"half"},"geometry":{"type":"Point","coordinates":[-81.527,27.7239]}},{"type":"Feature","properties":{"id":5991,"t":"kort"},"geometry":{"type":"Point","coordinates":[-88.4659,43.0078]}},{"type":"Feature","properties":{"id":5992,"t":"kort"},"geometry":{"type":"Point","coordinates":[-121.4475,38.6061]}},{"type":"Feature","properties":{"id":5993,"t":"kort"},"geometry":{"type":"Point","coordinates":[-80.6572,28.1392]}},{"type":"Feature","properties":{"id":5994,"t":"kort"},"geometry":{"type":"Point","coordinates":[-80.0623,26.7902]}},{"type":"Feature","properties":{"id":5995,"t":"kort"},"geometry":{"type":"Point","coordinates":[-98.3689,30.2854]}},{"type":"Feature","properties":{"id":5996,"t":"kort"},"geometry":{"type":"Point","coordinates":[-81.5328,31.2728]}},{"type":"Feature","properties":{"id":5997,"t":"kort"},"geometry":{"type":"Point","coordinates":[-88.0813,44.5446]}},{"type":"Feature","properties":{"id":5998,"t":"kort"},"geometry":{"type":"Point","coordinates":[-84.2218,30.4811]}},{"type":"Feature","properties":{"id":5999,"t":"kort"},"geometry":{"type":"Point","coordinates":[-120.5169,46.5983]}},{"type":"Feature","properties":{"id":6000,"t":"kort"},"geometry":{"type":"Point","coordinates":[-83.9885,34.1176]}},{"type":"Feature","properties":{"id":6001,"t":"kort"},"geometry":{"type":"Point","coordinates":[-117.6088,33.8437]}},{"type":"Feature","properties":{"id":6002,"t":"tri"},"geometry":{"type":"Point","coordinates":[-77.145,34.6931]}},{"type":"Feature","properties":{"id":6003,"t":"half"},"geometry":{"type":"Point","coordinates":[-85.5361,36.2256]}},{"type":"Feature","properties":{"id":6004,"t":"ultra"},"geometry":{"type":"Point","coordinates":[-92.3738,36.3324]}},{"type":"Feature","properties":{"id":6005,"t":"kort"},"geometry":{"type":"Point","coordinates":[-76.3182,44.115]}},{"type":"Feature","properties":{"id":6006,"t":"kort"},"geometry":{"type":"Point","coordinates":[-97.0815,32.942]}},{"type":"Feature","properties":{"id":6007,"t":"kort"},"geometry":{"type":"Point","coordinates":[-88.2488,39.286]}},{"type":"Feature","properties":{"id":6008,"t":"kort"},"geometry":{"type":"Point","coordinates":[-78.9463,36.025]}},{"type":"Feature","properties":{"id":6009,"t":"kort"},"geometry":{"type":"Point","coordinates":[-89.1315,42.6942]}},{"type":"Feature","properties":{"id":6010,"t":"kort"},"geometry":{"type":"Point","coordinates":[-75.3622,39.9651]}},{"type":"Feature","properties":{"id":6011,"t":"kort"},"geometry":{"type":"Point","coordinates":[-81.4233,30.1292]}},{"type":"Feature","properties":{"id":6012,"t":"half"},"geometry":{"type":"Point","coordinates":[-82.3985,34.8504]}},{"type":"Feature","properties":{"id":6013,"t":"kort"},"geometry":{"type":"Point","coordinates":[-84.0782,32.2824]}},{"type":"Feature","properties":{"id":6014,"t":"kort"},"geometry":{"type":"Point","coordinates":[-92.6354,32.5364]}},{"type":"Feature","properties":{"id":6015,"t":"kort"},"geometry":{"type":"Point","coordinates":[-87.3163,30.3759]}},{"type":"Feature","properties":{"id":6016,"t":"kort"},"geometry":{"type":"Point","coordinates":[-81.3327,28.574]}},{"type":"Feature","properties":{"id":6017,"t":"kort"},"geometry":{"type":"Point","coordinates":[-81.6218,30.283]}},{"type":"Feature","properties":{"id":6018,"t":"kort"},"geometry":{"type":"Point","coordinates":[-71.9669,41.3584]}},{"type":"Feature","properties":{"id":6019,"t":"kort"},"geometry":{"type":"Point","coordinates":[-94.9993,35.5384]}},{"type":"Feature","properties":{"id":6020,"t":"kort"},"geometry":{"type":"Point","coordinates":[-118.0391,34.0563]}},{"type":"Feature","properties":{"id":6021,"t":"kort"},"geometry":{"type":"Point","coordinates":[-112.4068,33.5148]}},{"type":"Feature","properties":{"id":6022,"t":"kort"},"geometry":{"type":"Point","coordinates":[-93.7607,32.5069]}},{"type":"Feature","properties":{"id":6023,"t":"ultra"},"geometry":{"type":"Point","coordinates":[-106.4695,31.7664]}},{"type":"Feature","properties":{"id":6024,"t":"kort"},"geometry":{"type":"Point","coordinates":[-74.9797,40.3606]}},{"type":"Feature","properties":{"id":6025,"t":"kort"},"geometry":{"type":"Point","coordinates":[-82.9485,34.7826]}},{"type":"Feature","properties":{"id":6026,"t":"kort"},"geometry":{"type":"Point","coordinates":[-84.6576,33.9883]}},{"type":"Feature","properties":{"id":6027,"t":"kort"},"geometry":{"type":"Point","coordinates":[-97.3113,27.6439]}},{"type":"Feature","properties":{"id":6028,"t":"kort"},"geometry":{"type":"Point","coordinates":[-97.1065,31.6443]}},{"type":"Feature","properties":{"id":6029,"t":"kort"},"geometry":{"type":"Point","coordinates":[-81.4314,31.3892]}},{"type":"Feature","properties":{"id":6030,"t":"kort"},"geometry":{"type":"Point","coordinates":[-81.1975,29.4889]}},{"type":"Feature","properties":{"id":6031,"t":"kort"},"geometry":{"type":"Point","coordinates":[-98.6448,29.4643]}},{"type":"Feature","properties":{"id":6032,"t":"kort"},"geometry":{"type":"Point","coordinates":[-86.7888,33.5154]}},{"type":"Feature","properties":{"id":6033,"t":"kort"},"geometry":{"type":"Point","coordinates":[-94.7993,29.3075]}},{"type":"Feature","properties":{"id":6034,"t":"kort"},"geometry":{"type":"Point","coordinates":[-84.4226,33.8474]}},{"type":"Feature","properties":{"id":6035,"t":"kort"},"geometry":{"type":"Point","coordinates":[-97.6775,30.1868]}},{"type":"Feature","properties":{"id":6036,"t":"kort"},"geometry":{"type":"Point","coordinates":[-87.6709,41.9771]}},{"type":"Feature","properties":{"id":6037,"t":"kort"},"geometry":{"type":"Point","coordinates":[-97.3815,32.743]}},{"type":"Feature","properties":{"id":6038,"t":"kort"},"geometry":{"type":"Point","coordinates":[-104.7494,39.6064]}},{"type":"Feature","properties":{"id":6039,"t":"kort"},"geometry":{"type":"Point","coordinates":[-95.4066,29.7443]}},{"type":"Feature","properties":{"id":6040,"t":"kort"},"geometry":{"type":"Point","coordinates":[-94.5862,39.0651]}},{"type":"Feature","properties":{"id":6041,"t":"kort"},"geometry":{"type":"Point","coordinates":[-115.083,36.1004]}},{"type":"Feature","properties":{"id":6042,"t":"kort"},"geometry":{"type":"Point","coordinates":[-118.5245,34.0433]}},{"type":"Feature","properties":{"id":6043,"t":"kort"},"geometry":{"type":"Point","coordinates":[-90.0448,35.1456]}},{"type":"Feature","properties":{"id":6044,"t":"kort"},"geometry":{"type":"Point","coordinates":[-80.1532,25.6837]}},{"type":"Feature","properties":{"id":6045,"t":"kort"},"geometry":{"type":"Point","coordinates":[-75.1142,39.9373]}},{"type":"Feature","properties":{"id":6046,"t":"kort"},"geometry":{"type":"Point","coordinates":[-73.989,40.751]}},{"type":"Feature","properties":{"id":6047,"t":"kort"},"geometry":{"type":"Point","coordinates":[-73.9673,40.7939]}},{"type":"Feature","properties":{"id":6048,"t":"kort"},"geometry":{"type":"Point","coordinates":[-75.1117,39.9279]}},{"type":"Feature","properties":{"id":6049,"t":"kort"},"geometry":{"type":"Point","coordinates":[-111.9985,33.4998]}},{"type":"Feature","properties":{"id":6050,"t":"kort"},"geometry":{"type":"Point","coordinates":[-121.4622,38.568]}},{"type":"Feature","properties":{"id":6051,"t":"kort"},"geometry":{"type":"Point","coordinates":[-98.4875,29.4334]}},{"type":"Feature","properties":{"id":6052,"t":"kort"},"geometry":{"type":"Point","coordinates":[-117.222,32.733]}},{"type":"Feature","properties":{"id":6053,"t":"kort"},"geometry":{"type":"Point","coordinates":[-122.462,37.7983]}},{"type":"Feature","properties":{"id":6054,"t":"kort"},"geometry":{"type":"Point","coordinates":[-122.3983,47.544]}},{"type":"Feature","properties":{"id":6055,"t":"kort"},"geometry":{"type":"Point","coordinates":[-82.5877,28.0069]}},{"type":"Feature","properties":{"id":6056,"t":"kort"},"geometry":{"type":"Point","coordinates":[-84.9818,32.4746]}},{"type":"Feature","properties":{"id":6057,"t":"kort"},"geometry":{"type":"Point","coordinates":[-82.3456,29.0985]}},{"type":"Feature","properties":{"id":6058,"t":"kort"},"geometry":{"type":"Point","coordinates":[-92.1414,34.9128]}},{"type":"Feature","properties":{"id":6059,"t":"kort"},"geometry":{"type":"Point","coordinates":[-80.8177,35.2862]}},{"type":"Feature","properties":{"id":6060,"t":"kort"},"geometry":{"type":"Point","coordinates":[-84.4205,33.845]}},{"type":"Feature","properties":{"id":6061,"t":"kort"},"geometry":{"type":"Point","coordinates":[-97.6697,30.1876]}},{"type":"Feature","properties":{"id":6062,"t":"kort"},"geometry":{"type":"Point","coordinates":[-87.6632,41.9779]}},{"type":"Feature","properties":{"id":6063,"t":"kort"},"geometry":{"type":"Point","coordinates":[-97.388,32.7302]}},{"type":"Feature","properties":{"id":6064,"t":"kort"},"geometry":{"type":"Point","coordinates":[-104.7469,39.5952]}},{"type":"Feature","properties":{"id":6065,"t":"kort"},"geometry":{"type":"Point","coordinates":[-95.4126,29.7427]}},{"type":"Feature","properties":{"id":6066,"t":"kort"},"geometry":{"type":"Point","coordinates":[-94.5841,39.0627]}},{"type":"Feature","properties":{"id":6067,"t":"kort"},"geometry":{"type":"Point","coordinates":[-115.0785,36.094]}},{"type":"Feature","properties":{"id":6068,"t":"kort"},"geometry":{"type":"Point","coordinates":[-118.5225,34.0409]}},{"type":"Feature","properties":{"id":6069,"t":"kort"},"geometry":{"type":"Point","coordinates":[-90.0508,35.144]}},{"type":"Feature","properties":{"id":6070,"t":"kort"},"geometry":{"type":"Point","coordinates":[-80.1637,25.7013]}},{"type":"Feature","properties":{"id":6071,"t":"kort"},"geometry":{"type":"Point","coordinates":[-75.114,39.9301]}},{"type":"Feature","properties":{"id":6072,"t":"kort"},"geometry":{"type":"Point","coordinates":[-73.9849,40.7534]}},{"type":"Feature","properties":{"id":6073,"t":"kort"},"geometry":{"type":"Point","coordinates":[-73.9655,40.7915]}},{"type":"Feature","properties":{"id":6074,"t":"kort"},"geometry":{"type":"Point","coordinates":[-75.1149,39.9423]}},{"type":"Feature","properties":{"id":6075,"t":"kort"},"geometry":{"type":"Point","coordinates":[-111.9965,33.4974]}},{"type":"Feature","properties":{"id":6076,"t":"kort"},"geometry":{"type":"Point","coordinates":[-121.47,38.5816]}},{"type":"Feature","properties":{"id":6077,"t":"kort"},"geometry":{"type":"Point","coordinates":[-98.5025,29.4302]}},{"type":"Feature","properties":{"id":6078,"t":"kort"},"geometry":{"type":"Point","coordinates":[-117.2176,32.7266]}},{"type":"Feature","properties":{"id":6079,"t":"kort"},"geometry":{"type":"Point","coordinates":[-122.4765,37.8063]}},{"type":"Feature","properties":{"id":6080,"t":"kort"},"geometry":{"type":"Point","coordinates":[-122.3793,47.5424]}},{"type":"Feature","properties":{"id":6081,"t":"kort"},"geometry":{"type":"Point","coordinates":[-82.5733,28.0045]}},{"type":"Feature","properties":{"id":6082,"t":"kort"},"geometry":{"type":"Point","coordinates":[-94.1654,36.0504]}},{"type":"Feature","properties":{"id":6083,"t":"kort"},"geometry":{"type":"Point","coordinates":[-82.3618,27.0506]}},{"type":"Feature","properties":{"id":6084,"t":"half"},"geometry":{"type":"Point","coordinates":[-81.0393,31.9338]}},{"type":"Feature","properties":{"id":6085,"t":"half"},"geometry":{"type":"Point","coordinates":[-113.4922,47.1831]}},{"type":"Feature","properties":{"id":6086,"t":"marathon"},"geometry":{"type":"Point","coordinates":[-117.9611,33.6752]}},{"type":"Feature","properties":{"id":6087,"t":"kort"},"geometry":{"type":"Point","coordinates":[-81.0557,32.0635]}},{"type":"Feature","properties":{"id":6088,"t":"ultra"},"geometry":{"type":"Point","coordinates":[-95.6071,29.5871]}},{"type":"Feature","properties":{"id":6089,"t":"kort"},"geometry":{"type":"Point","coordinates":[-82.1362,28.0122]}},{"type":"Feature","properties":{"id":6090,"t":"kort"},"geometry":{"type":"Point","coordinates":[-119.7675,36.8591]}},{"type":"Feature","properties":{"id":6091,"t":"kort"},"geometry":{"type":"Point","coordinates":[-80.6839,32.3888]}},{"type":"Feature","properties":{"id":6092,"t":"kort"},"geometry":{"type":"Point","coordinates":[-79.9657,40.5796]}},{"type":"Feature","properties":{"id":6093,"t":"kort"},"geometry":{"type":"Point","coordinates":[-112.1619,33.6557]}},{"type":"Feature","properties":{"id":6094,"t":"kort"},"geometry":{"type":"Point","coordinates":[-76.2493,36.6382]}},{"type":"Feature","properties":{"id":6095,"t":"half"},"geometry":{"type":"Point","coordinates":[-84.4947,39.099]}},{"type":"Feature","properties":{"id":6096,"t":"half"},"geometry":{"type":"Point","coordinates":[-87.6336,41.8743]}},{"type":"Feature","properties":{"id":6097,"t":"half"},"geometry":{"type":"Point","coordinates":[-96.6416,40.776]}},{"type":"Feature","properties":{"id":6098,"t":"half"},"geometry":{"type":"Point","coordinates":[-92.4893,44.0084]}},{"type":"Feature","properties":{"id":6099,"t":"half"},"geometry":{"type":"Point","coordinates":[-97.3606,37.6952]}},{"type":"Feature","properties":{"id":6100,"t":"kort"},"geometry":{"type":"Point","coordinates":[-95.6763,30.0697]}},{"type":"Feature","properties":{"id":6101,"t":"kort"},"geometry":{"type":"Point","coordinates":[-81.0902,29.2797]}},{"type":"Feature","properties":{"id":6102,"t":"kort"},"geometry":{"type":"Point","coordinates":[-98.6232,29.5516]}},{"type":"Feature","properties":{"id":6103,"t":"kort"},"geometry":{"type":"Point","coordinates":[-79.7552,35.9458]}},{"type":"Feature","properties":{"id":6104,"t":"kort"},"geometry":{"type":"Point","coordinates":[-82.8931,42.5948]}},{"type":"Feature","properties":{"id":6105,"t":"kort"},"geometry":{"type":"Point","coordinates":[-96.4813,29.9902]}},{"type":"Feature","properties":{"id":6106,"t":"half"},"geometry":{"type":"Point","coordinates":[-82.3618,27.0666]}},{"type":"Feature","properties":{"id":6107,"t":"kort"},"geometry":{"type":"Point","coordinates":[-97.3043,37.7188]}},{"type":"Feature","properties":{"id":6108,"t":"half"},"geometry":{"type":"Point","coordinates":[-110.8079,32.5921]}},{"type":"Feature","properties":{"id":6109,"t":"kort"},"geometry":{"type":"Point","coordinates":[-122.3066,47.6787]}},{"type":"Feature","properties":{"id":6110,"t":"kort"},"geometry":{"type":"Point","coordinates":[-93.6847,32.4918]}},{"type":"Feature","properties":{"id":6111,"t":"kort"},"geometry":{"type":"Point","coordinates":[-83.7425,34.5841]}},{"type":"Feature","properties":{"id":6112,"t":"kort"},"geometry":{"type":"Point","coordinates":[-76.9817,35.1114]}},{"type":"Feature","properties":{"id":6113,"t":"kort"},"geometry":{"type":"Point","coordinates":[-82.8394,34.6774]}},{"type":"Feature","properties":{"id":6114,"t":"kort"},"geometry":{"type":"Point","coordinates":[-117.7028,33.5677]}},{"type":"Feature","properties":{"id":6115,"t":"kort"},"geometry":{"type":"Point","coordinates":[-118.5455,34.3897]}},{"type":"Feature","properties":{"id":6116,"t":"kort"},"geometry":{"type":"Point","coordinates":[-73.303,41.6839]}},{"type":"Feature","properties":{"id":6117,"t":"kort"},"geometry":{"type":"Point","coordinates":[-80.2663,26.3094]}},{"type":"Feature","properties":{"id":6118,"t":"kort"},"geometry":{"type":"Point","coordinates":[-80.0856,26.62]}},{"type":"Feature","properties":{"id":6119,"t":"kort"},"geometry":{"type":"Point","coordinates":[-117.1341,33.5241]}},{"type":"Feature","properties":{"id":6120,"t":"kort"},"geometry":{"type":"Point","coordinates":[-95.8556,30.2933]}},{"type":"Feature","properties":{"id":6121,"t":"half"},"geometry":{"type":"Point","coordinates":[-82.5067,27.4608]}},{"type":"Feature","properties":{"id":6122,"t":"kort"},"geometry":{"type":"Point","coordinates":[-81.6418,26.7105]}},{"type":"Feature","properties":{"id":6123,"t":"kort"},"geometry":{"type":"Point","coordinates":[-118.3008,34.1044]}},{"type":"Feature","properties":{"id":6124,"t":"kort"},"geometry":{"type":"Point","coordinates":[-106.6077,35.1693]}},{"type":"Feature","properties":{"id":6125,"t":"kort"},"geometry":{"type":"Point","coordinates":[-104.9158,39.541]}},{"type":"Feature","properties":{"id":6126,"t":"kort"},"geometry":{"type":"Point","coordinates":[-92.3261,34.8311]}},{"type":"Feature","properties":{"id":6127,"t":"half"},"geometry":{"type":"Point","coordinates":[-84.1903,36.1014]}},{"type":"Feature","properties":{"id":6128,"t":"kort"},"geometry":{"type":"Point","coordinates":[-112.0694,33.4529]}},{"type":"Feature","properties":{"id":6129,"t":"ultra"},"geometry":{"type":"Point","coordinates":[-76.843,39.2083]}},{"type":"Feature","properties":{"id":6130,"t":"kort"},"geometry":{"type":"Point","coordinates":[-97.3978,27.7987]}},{"type":"Feature","properties":{"id":6131,"t":"kort"},"geometry":{"type":"Point","coordinates":[-76.8678,39.2223]}},{"type":"Feature","properties":{"id":6132,"t":"kort"},"geometry":{"type":"Point","coordinates":[-122.1291,47.7664]}},{"type":"Feature","properties":{"id":6133,"t":"kort"},"geometry":{"type":"Point","coordinates":[-118.3966,34.009]}},{"type":"Feature","properties":{"id":6134,"t":"half"},"geometry":{"type":"Point","coordinates":[-82.9763,39.9068]}},{"type":"Feature","properties":{"id":6135,"t":"half"},"geometry":{"type":"Point","coordinates":[-85.6247,43.002]}},{"type":"Feature","properties":{"id":6136,"t":"half"},"geometry":{"type":"Point","coordinates":[-87.8925,43.0758]}},{"type":"Feature","properties":{"id":6137,"t":"half"},"geometry":{"type":"Point","coordinates":[-97.3489,35.3179]}},{"type":"Feature","properties":{"id":6138,"t":"half"},"geometry":{"type":"Point","coordinates":[-93.1089,44.8865]}},{"type":"Feature","properties":{"id":6139,"t":"half"},"geometry":{"type":"Point","coordinates":[-95.6844,39.0555]}},{"type":"Feature","properties":{"id":6140,"t":"kort"},"geometry":{"type":"Point","coordinates":[-122.4712,37.8857]}},{"type":"Feature","properties":{"id":6141,"t":"kort"},"geometry":{"type":"Point","coordinates":[-71.0714,42.7902]}},{"type":"Feature","properties":{"id":6142,"t":"kort"},"geometry":{"type":"Point","coordinates":[-117.0796,32.6317]}},{"type":"Feature","properties":{"id":6143,"t":"kort"},"geometry":{"type":"Point","coordinates":[-84.4382,33.7841]}},{"type":"Feature","properties":{"id":6144,"t":"kort"},"geometry":{"type":"Point","coordinates":[-94.5963,39.0793]}},{"type":"Feature","properties":{"id":6145,"t":"kort"},"geometry":{"type":"Point","coordinates":[-79.5841,35.8645]}},{"type":"Feature","properties":{"id":6146,"t":"kort"},"geometry":{"type":"Point","coordinates":[-82.6504,27.7777]}},{"type":"Feature","properties":{"id":6147,"t":"marathon"},"geometry":{"type":"Point","coordinates":[-118.2297,34.0712]}},{"type":"Feature","properties":{"id":6148,"t":"marathon"},"geometry":{"type":"Point","coordinates":[-92.2869,34.7467]}},{"type":"Feature","properties":{"id":6149,"t":"kort"},"geometry":{"type":"Point","coordinates":[-85.8441,34.5039]}},{"type":"Feature","properties":{"id":6150,"t":"half"},"geometry":{"type":"Point","coordinates":[-114.3595,34.4808]}},{"type":"Feature","properties":{"id":6151,"t":"kort"},"geometry":{"type":"Point","coordinates":[-81.9502,28.0457]}},{"type":"Feature","properties":{"id":6152,"t":"kort"},"geometry":{"type":"Point","coordinates":[-78.9244,35.3272]}},{"type":"Feature","properties":{"id":6153,"t":"tri"},"geometry":{"type":"Point","coordinates":[-84.6924,44.8432]}},{"type":"Feature","properties":{"id":6154,"t":"half"},"geometry":{"type":"Point","coordinates":[-92.0046,30.2343]}},{"type":"Feature","properties":{"id":6155,"t":"kort"},"geometry":{"type":"Point","coordinates":[-82.0023,33.4659]}},{"type":"Feature","properties":{"id":6156,"t":"kort"},"geometry":{"type":"Point","coordinates":[-97.2539,32.9182]}},{"type":"Feature","properties":{"id":6157,"t":"ultra"},"geometry":{"type":"Point","coordinates":[-92.3473,47.541]}},{"type":"Feature","properties":{"id":6158,"t":"kort"},"geometry":{"type":"Point","coordinates":[-122.356,40.6206]}},{"type":"Feature","properties":{"id":6159,"t":"kort"},"geometry":{"type":"Point","coordinates":[-84.4894,34.2565]}},{"type":"Feature","properties":{"id":6160,"t":"half"},"geometry":{"type":"Point","coordinates":[-80.8727,35.5834]}},{"type":"Feature","properties":{"id":6161,"t":"kort"},"geometry":{"type":"Point","coordinates":[-77.452,34.7381]}},{"type":"Feature","properties":{"id":6162,"t":"kort"},"geometry":{"type":"Point","coordinates":[-82.4634,27.3214]}},{"type":"Feature","properties":{"id":6163,"t":"ultra"},"geometry":{"type":"Point","coordinates":[-111.4618,36.9189]}},{"type":"Feature","properties":{"id":6164,"t":"half"},"geometry":{"type":"Point","coordinates":[-87.0557,36.2721]}},{"type":"Feature","properties":{"id":6165,"t":"kort"},"geometry":{"type":"Point","coordinates":[-95.3646,29.7616]}},{"type":"Feature","properties":{"id":6166,"t":"kort"},"geometry":{"type":"Point","coordinates":[-82.7846,27.9466]}},{"type":"Feature","properties":{"id":6167,"t":"half"},"geometry":{"type":"Point","coordinates":[-85.1823,34.2734]}},{"type":"Feature","properties":{"id":6168,"t":"kort"},"geometry":{"type":"Point","coordinates":[-81.3732,28.5363]}},{"type":"Feature","properties":{"id":6169,"t":"kort"},"geometry":{"type":"Point","coordinates":[-96.1376,32.8903]}},{"type":"Feature","properties":{"id":6170,"t":"half"},"geometry":{"type":"Point","coordinates":[-122.1179,47.6636]}},{"type":"Feature","properties":{"id":6171,"t":"kort"},"geometry":{"type":"Point","coordinates":[-97.675,30.5119]}},{"type":"Feature","properties":{"id":6172,"t":"kort"},"geometry":{"type":"Point","coordinates":[-85.0581,33.6139]}},{"type":"Feature","properties":{"id":6173,"t":"kort"},"geometry":{"type":"Point","coordinates":[-95.692,29.8888]}},{"type":"Feature","properties":{"id":6174,"t":"kort"},"geometry":{"type":"Point","coordinates":[-84.2785,33.8947]}},{"type":"Feature","properties":{"id":6175,"t":"kort"},"geometry":{"type":"Point","coordinates":[-75.4124,40.0604]}},{"type":"Feature","properties":{"id":6176,"t":"kort"},"geometry":{"type":"Point","coordinates":[-80.8529,28.6281]}},{"type":"Feature","properties":{"id":6177,"t":"kort"},"geometry":{"type":"Point","coordinates":[-81.7865,28.4077]}},{"type":"Feature","properties":{"id":6178,"t":"kort"},"geometry":{"type":"Point","coordinates":[-83.6098,35.9784]}},{"type":"Feature","properties":{"id":6179,"t":"half"},"geometry":{"type":"Point","coordinates":[-84.1692,31.559]}},{"type":"Feature","properties":{"id":6180,"t":"kort"},"geometry":{"type":"Point","coordinates":[-80.102,26.3853]}},{"type":"Feature","properties":{"id":6181,"t":"ultra"},"geometry":{"type":"Point","coordinates":[-82.7113,34.9082]}},{"type":"Feature","properties":{"id":6182,"t":"kort"},"geometry":{"type":"Point","coordinates":[-77.3418,35.5804]}},{"type":"Feature","properties":{"id":6183,"t":"ultra"},"geometry":{"type":"Point","coordinates":[-100.4726,31.4696]}},{"type":"Feature","properties":{"id":6184,"t":"ultra"},"geometry":{"type":"Point","coordinates":[-79.893,36.9877]}},{"type":"Feature","properties":{"id":6185,"t":"kort"},"geometry":{"type":"Point","coordinates":[-93.6505,41.5524]}},{"type":"Feature","properties":{"id":6186,"t":"half"},"geometry":{"type":"Point","coordinates":[-118.1349,33.7563]}},{"type":"Feature","properties":{"id":6187,"t":"kort"},"geometry":{"type":"Point","coordinates":[-89.987,38.5045]}},{"type":"Feature","properties":{"id":6188,"t":"half"},"geometry":{"type":"Point","coordinates":[-104.5172,33.3698]}},{"type":"Feature","properties":{"id":6189,"t":"kort"},"geometry":{"type":"Point","coordinates":[-82.7124,27.6681]}},{"type":"Feature","properties":{"id":6190,"t":"kort"},"geometry":{"type":"Point","coordinates":[-84.3844,34.0332]}},{"type":"Feature","properties":{"id":6191,"t":"kort"},"geometry":{"type":"Point","coordinates":[-89.4023,43.0637]}},{"type":"Feature","properties":{"id":6192,"t":"kort"},"geometry":{"type":"Point","coordinates":[-95.2996,32.2688]}},{"type":"Feature","properties":{"id":6193,"t":"kort"},"geometry":{"type":"Point","coordinates":[-80.6802,28.3161]}},{"type":"Feature","properties":{"id":6194,"t":"kort"},"geometry":{"type":"Point","coordinates":[-89.0126,41.3696]}},{"type":"Feature","properties":{"id":6195,"t":"ultra"},"geometry":{"type":"Point","coordinates":[-97.6019,30.1663]}},{"type":"Feature","properties":{"id":6196,"t":"kort"},"geometry":{"type":"Point","coordinates":[-81.8547,41.4345]}},{"type":"Feature","properties":{"id":6197,"t":"ultra"},"geometry":{"type":"Point","coordinates":[-96.8422,32.373]}},{"type":"Feature","properties":{"id":6198,"t":"kort"},"geometry":{"type":"Point","coordinates":[-81.9788,33.4673]}},{"type":"Feature","properties":{"id":6199,"t":"kort"},"geometry":{"type":"Point","coordinates":[-96.0065,41.2345]}},{"type":"Feature","properties":{"id":6200,"t":"kort"},"geometry":{"type":"Point","coordinates":[-78.8513,35.6241]}},{"type":"Feature","properties":{"id":6201,"t":"kort"},"geometry":{"type":"Point","coordinates":[-81.2083,28.6435]}},{"type":"Feature","properties":{"id":6202,"t":"kort"},"geometry":{"type":"Point","coordinates":[-87.6969,34.7644]}},{"type":"Feature","properties":{"id":6203,"t":"kort"},"geometry":{"type":"Point","coordinates":[-71.3802,41.8689]}},{"type":"Feature","properties":{"id":6204,"t":"kort"},"geometry":{"type":"Point","coordinates":[-81.3746,28.3002]}},{"type":"Feature","properties":{"id":6205,"t":"kort"},"geometry":{"type":"Point","coordinates":[-73.2383,40.8825]}},{"type":"Feature","properties":{"id":6206,"t":"kort"},"geometry":{"type":"Point","coordinates":[-106.7155,34.7712]}},{"type":"Feature","properties":{"id":6207,"t":"kort"},"geometry":{"type":"Point","coordinates":[-79.2224,37.3757]}},{"type":"Feature","properties":{"id":6208,"t":"kort"},"geometry":{"type":"Point","coordinates":[-76.2458,36.6504]}},{"type":"Feature","properties":{"id":6209,"t":"kort"},"geometry":{"type":"Point","coordinates":[-95.5877,29.7774]}},{"type":"Feature","properties":{"id":6210,"t":"kort"},"geometry":{"type":"Point","coordinates":[-118.1377,33.8482]}},{"type":"Feature","properties":{"id":6211,"t":"kort"},"geometry":{"type":"Point","coordinates":[-118.1512,33.9849]}},{"type":"Feature","properties":{"id":6212,"t":"kort"},"geometry":{"type":"Point","coordinates":[-95.2019,39.0309]}},{"type":"Feature","properties":{"id":6213,"t":"kort"},"geometry":{"type":"Point","coordinates":[-81.6739,26.587]}},{"type":"Feature","properties":{"id":6214,"t":"kort"},"geometry":{"type":"Point","coordinates":[-87.9856,41.4277]}},{"type":"Feature","properties":{"id":6215,"t":"tri"},"geometry":{"type":"Point","coordinates":[-82.4217,38.4171]}},{"type":"Feature","properties":{"id":6216,"t":"kort"},"geometry":{"type":"Point","coordinates":[-85.5414,42.8722]}},{"type":"Feature","properties":{"id":6217,"t":"half"},"geometry":{"type":"Point","coordinates":[-82.7455,28.1991]}},{"type":"Feature","properties":{"id":6218,"t":"half"},"geometry":{"type":"Point","coordinates":[-91.4954,41.6367]}},{"type":"Feature","properties":{"id":6219,"t":"half"},"geometry":{"type":"Point","coordinates":[-94.8083,32.5319]}},{"type":"Feature","properties":{"id":6220,"t":"marathon"},"geometry":{"type":"Point","coordinates":[-94.2529,30.0792]}},{"type":"Feature","properties":{"id":6221,"t":"half"},"geometry":{"type":"Point","coordinates":[-83.877,33.9953]}},{"type":"Feature","properties":{"id":6222,"t":"marathon"},"geometry":{"type":"Point","coordinates":[-97.0658,36.1298]}},{"type":"Feature","properties":{"id":6223,"t":"kort"},"geometry":{"type":"Point","coordinates":[-82.4485,27.1019]}},{"type":"Feature","properties":{"id":6224,"t":"kort"},"geometry":{"type":"Point","coordinates":[-70.6044,41.4438]}},{"type":"Feature","properties":{"id":6225,"t":"half"},"geometry":{"type":"Point","coordinates":[-86.6512,36.1721]}},{"type":"Feature","properties":{"id":6226,"t":"marathon"},"geometry":{"type":"Point","coordinates":[-76.5022,37.0834]}},{"type":"Feature","properties":{"id":6227,"t":"kort"},"geometry":{"type":"Point","coordinates":[-81.324,28.5744]}},{"type":"Feature","properties":{"id":6228,"t":"kort"},"geometry":{"type":"Point","coordinates":[-78.8635,42.8916]}},{"type":"Feature","properties":{"id":6229,"t":"kort"},"geometry":{"type":"Point","coordinates":[-122.9551,45.5431]}},{"type":"Feature","properties":{"id":6230,"t":"kort"},"geometry":{"type":"Point","coordinates":[-92.3713,36.3314]}},{"type":"Feature","properties":{"id":6231,"t":"kort"},"geometry":{"type":"Point","coordinates":[-95.7005,29.8802]}},{"type":"Feature","properties":{"id":6232,"t":"kort"},"geometry":{"type":"Point","coordinates":[-82.8515,27.8952]}},{"type":"Feature","properties":{"id":6233,"t":"kort"},"geometry":{"type":"Point","coordinates":[-94.6408,39.2113]}},{"type":"Feature","properties":{"id":6234,"t":"kort"},"geometry":{"type":"Point","coordinates":[-79.8177,36.0727]}},{"type":"Feature","properties":{"id":6235,"t":"kort"},"geometry":{"type":"Point","coordinates":[-98.4191,29.5915]}},{"type":"Feature","properties":{"id":6236,"t":"kort"},"geometry":{"type":"Point","coordinates":[-95.9986,36.7416]}},{"type":"Feature","properties":{"id":6237,"t":"kort"},"geometry":{"type":"Point","coordinates":[-82.4983,27.9693]}},{"type":"Feature","properties":{"id":6238,"t":"kort"},"geometry":{"type":"Point","coordinates":[-120.185,34.6213]}},{"type":"Feature","properties":{"id":6239,"t":"half"},"geometry":{"type":"Point","coordinates":[-79.9928,40.3024]}},{"type":"Feature","properties":{"id":6240,"t":"kort"},"geometry":{"type":"Point","coordinates":[-74.257,40.7789]}},{"type":"Feature","properties":{"id":6241,"t":"kort"},"geometry":{"type":"Point","coordinates":[-80.0971,26.2279]}},{"type":"Feature","properties":{"id":6242,"t":"kort"},"geometry":{"type":"Point","coordinates":[-80.7335,35.1998]}},{"type":"Feature","properties":{"id":6243,"t":"kort"},"geometry":{"type":"Point","coordinates":[-82.7618,27.7432]}},{"type":"Feature","properties":{"id":6244,"t":"kort"},"geometry":{"type":"Point","coordinates":[-97.0381,32.6553]}},{"type":"Feature","properties":{"id":6245,"t":"kort"},"geometry":{"type":"Point","coordinates":[-82.6344,34.5239]}},{"type":"Feature","properties":{"id":6246,"t":"kort"},"geometry":{"type":"Point","coordinates":[-80.1793,25.7897]}},{"type":"Feature","properties":{"id":6247,"t":"kort"},"geometry":{"type":"Point","coordinates":[-86.882,35.9426]}},{"type":"Feature","properties":{"id":6248,"t":"half"},"geometry":{"type":"Point","coordinates":[-84.7332,38.0323]}},{"type":"Feature","properties":{"id":6249,"t":"kort"},"geometry":{"type":"Point","coordinates":[-75.1422,39.722]}},{"type":"Feature","properties":{"id":6250,"t":"kort"},"geometry":{"type":"Point","coordinates":[-86.7464,36.1732]}},{"type":"Feature","properties":{"id":6251,"t":"half"},"geometry":{"type":"Point","coordinates":[-83.7347,42.2658]}},{"type":"Feature","properties":{"id":6252,"t":"half"},"geometry":{"type":"Point","coordinates":[-97.7316,30.2707]}},{"type":"Feature","properties":{"id":6253,"t":"half"},"geometry":{"type":"Point","coordinates":[-94.5784,39.105]}},{"type":"Feature","properties":{"id":6254,"t":"half"},"geometry":{"type":"Point","coordinates":[-104.9936,39.7467]}},{"type":"Feature","properties":{"id":6255,"t":"kort"},"geometry":{"type":"Point","coordinates":[-80.9962,33.9951]}},{"type":"Feature","properties":{"id":6256,"t":"kort"},"geometry":{"type":"Point","coordinates":[-82.0462,26.919]}},{"type":"Feature","properties":{"id":6257,"t":"kort"},"geometry":{"type":"Point","coordinates":[-79.0098,34.6301]}},{"type":"Feature","properties":{"id":6258,"t":"half"},"geometry":{"type":"Point","coordinates":[-77.4643,37.5582]}},{"type":"Feature","properties":{"id":6259,"t":"kort"},"geometry":{"type":"Point","coordinates":[-84.3221,33.9693]}},{"type":"Feature","properties":{"id":6260,"t":"kort"},"geometry":{"type":"Point","coordinates":[-118.327,46.0682]}},{"type":"Feature","properties":{"id":6261,"t":"kort"},"geometry":{"type":"Point","coordinates":[-72.941,41.3238]}},{"type":"Feature","properties":{"id":6262,"t":"kort"},"geometry":{"type":"Point","coordinates":[-77.3552,38.9392]}},{"type":"Feature","properties":{"id":6263,"t":"tri"},"geometry":{"type":"Point","coordinates":[-81.7649,28.5533]}},{"type":"Feature","properties":{"id":6264,"t":"kort"},"geometry":{"type":"Point","coordinates":[-95.3716,29.7682]}},{"type":"Feature","properties":{"id":6265,"t":"kort"},"geometry":{"type":"Point","coordinates":[-122.2723,38.2936]}},{"type":"Feature","properties":{"id":6266,"t":"tri"},"geometry":{"type":"Point","coordinates":[-77.8899,34.2215]}},{"type":"Feature","properties":{"id":6267,"t":"kort"},"geometry":{"type":"Point","coordinates":[-117.257,47.739]}},{"type":"Feature","properties":{"id":6268,"t":"half"},"geometry":{"type":"Point","coordinates":[-78.7931,35.7928]}},{"type":"Feature","properties":{"id":6269,"t":"kort"},"geometry":{"type":"Point","coordinates":[-122.3163,47.1945]}},{"type":"Feature","properties":{"id":6270,"t":"marathon"},"geometry":{"type":"Point","coordinates":[-80.2558,27.1882]}},{"type":"Feature","properties":{"id":6271,"t":"half"},"geometry":{"type":"Point","coordinates":[-70.8218,42.9455]}},{"type":"Feature","properties":{"id":6272,"t":"kort"},"geometry":{"type":"Point","coordinates":[-76.3286,38.9352]}},{"type":"Feature","properties":{"id":6273,"t":"kort"},"geometry":{"type":"Point","coordinates":[-95.4797,29.834]}},{"type":"Feature","properties":{"id":6274,"t":"kort"},"geometry":{"type":"Point","coordinates":[-74.029,40.8572]}},{"type":"Feature","properties":{"id":6275,"t":"half"},"geometry":{"type":"Point","coordinates":[-81.695,25.9314]}},{"type":"Feature","properties":{"id":6276,"t":"kort"},"geometry":{"type":"Point","coordinates":[-156.4918,20.8926]}},{"type":"Feature","properties":{"id":6277,"t":"kort"},"geometry":{"type":"Point","coordinates":[-81.8071,26.125]}},{"type":"Feature","properties":{"id":6278,"t":"kort"},"geometry":{"type":"Point","coordinates":[-97.9437,30.3627]}},{"type":"Feature","properties":{"id":6279,"t":"kort"},"geometry":{"type":"Point","coordinates":[-117.1769,34.0423]}},{"type":"Feature","properties":{"id":6280,"t":"kort"},"geometry":{"type":"Point","coordinates":[-82.8053,34.9704]}},{"type":"Feature","properties":{"id":6281,"t":"kort"},"geometry":{"type":"Point","coordinates":[-82.9979,39.9627]}},{"type":"Feature","properties":{"id":6282,"t":"kort"},"geometry":{"type":"Point","coordinates":[-90.1036,30.0123]}},{"type":"Feature","properties":{"id":6283,"t":"kort"},"geometry":{"type":"Point","coordinates":[-73.828,40.6932]}},{"type":"Feature","properties":{"id":6284,"t":"half"},"geometry":{"type":"Point","coordinates":[-118.1805,33.7794]}},{"type":"Feature","properties":{"id":6285,"t":"kort"},"geometry":{"type":"Point","coordinates":[-85.1164,41.0881]}},{"type":"Feature","properties":{"id":6286,"t":"kort"},"geometry":{"type":"Point","coordinates":[-97.4515,35.2072]}},{"type":"Feature","properties":{"id":6287,"t":"half"},"geometry":{"type":"Point","coordinates":[-119.8861,36.9598]}},{"type":"Feature","properties":{"id":6288,"t":"half"},"geometry":{"type":"Point","coordinates":[-104.8328,38.8437]}},{"type":"Feature","properties":{"id":6289,"t":"half"},"geometry":{"type":"Point","coordinates":[-97.3255,32.7613]}},{"type":"Feature","properties":{"id":6290,"t":"half"},"geometry":{"type":"Point","coordinates":[-84.5673,42.7621]}},{"type":"Feature","properties":{"id":6291,"t":"half"},"geometry":{"type":"Point","coordinates":[-90.1894,38.6424]}},{"type":"Feature","properties":{"id":6292,"t":"half"},"geometry":{"type":"Point","coordinates":[-110.9715,32.4169]}},{"type":"Feature","properties":{"id":6293,"t":"marathon"},"geometry":{"type":"Point","coordinates":[-85.6955,43.055]}},{"type":"Feature","properties":{"id":6294,"t":"kort"},"geometry":{"type":"Point","coordinates":[-97.7638,30.2526]}},{"type":"Feature","properties":{"id":6295,"t":"ultra"},"geometry":{"type":"Point","coordinates":[-95.0278,29.5782]}},{"type":"Feature","properties":{"id":6296,"t":"kort"},"geometry":{"type":"Point","coordinates":[-111.682,33.7129]}},{"type":"Feature","properties":{"id":6297,"t":"ultra"},"geometry":{"type":"Point","coordinates":[-111.1409,32.4337]}},{"type":"Feature","properties":{"id":6298,"t":"kort"},"geometry":{"type":"Point","coordinates":[-110.991,32.3363]}},{"type":"Feature","properties":{"id":6299,"t":"kort"},"geometry":{"type":"Point","coordinates":[-86.6936,33.3725]}},{"type":"Feature","properties":{"id":6300,"t":"kort"},"geometry":{"type":"Point","coordinates":[-74.4973,40.7856]}},{"type":"Feature","properties":{"id":6301,"t":"half"},"geometry":{"type":"Point","coordinates":[-81.8113,35.4589]}},{"type":"Feature","properties":{"id":6302,"t":"ultra"},"geometry":{"type":"Point","coordinates":[-106.001,38.5275]}},{"type":"Feature","properties":{"id":6303,"t":"kort"},"geometry":{"type":"Point","coordinates":[-82.1235,27.0422]}},{"type":"Feature","properties":{"id":6304,"t":"kort"},"geometry":{"type":"Point","coordinates":[-83.6993,33.7889]}},{"type":"Feature","properties":{"id":6305,"t":"kort"},"geometry":{"type":"Point","coordinates":[-81.1026,31.9914]}},{"type":"Feature","properties":{"id":6306,"t":"kort"},"geometry":{"type":"Point","coordinates":[-84.2026,30.8722]}},{"type":"Feature","properties":{"id":6307,"t":"kort"},"geometry":{"type":"Point","coordinates":[-82.5054,28.0043]}},{"type":"Feature","properties":{"id":6308,"t":"kort"},"geometry":{"type":"Point","coordinates":[-78.5472,35.9799]}},{"type":"Feature","properties":{"id":6309,"t":"kort"},"geometry":{"type":"Point","coordinates":[-77.1517,35.5818]}},{"type":"Feature","properties":{"id":6310,"t":"kort"},"geometry":{"type":"Point","coordinates":[-80.4075,27.3151]}},{"type":"Feature","properties":{"id":6311,"t":"kort"},"geometry":{"type":"Point","coordinates":[-76.8903,40.4856]}},{"type":"Feature","properties":{"id":6312,"t":"kort"},"geometry":{"type":"Point","coordinates":[-84.386,33.7944]}},{"type":"Feature","properties":{"id":6313,"t":"tri"},"geometry":{"type":"Point","coordinates":[-118.1304,33.7607]}},{"type":"Feature","properties":{"id":6314,"t":"half"},"geometry":{"type":"Point","coordinates":[-117.241,32.7985]}},{"type":"Feature","properties":{"id":6315,"t":"kort"},"geometry":{"type":"Point","coordinates":[-79.3115,33.421]}},{"type":"Feature","properties":{"id":6316,"t":"marathon"},"geometry":{"type":"Point","coordinates":[-118.3529,33.3288]}},{"type":"Feature","properties":{"id":6317,"t":"kort"},"geometry":{"type":"Point","coordinates":[-72.3933,41.3519]}},{"type":"Feature","properties":{"id":6318,"t":"kort"},"geometry":{"type":"Point","coordinates":[-79.8119,32.8716]}},{"type":"Feature","properties":{"id":6319,"t":"kort"},"geometry":{"type":"Point","coordinates":[-76.6737,39.0198]}},{"type":"Feature","properties":{"id":6320,"t":"kort"},"geometry":{"type":"Point","coordinates":[-92.4348,35.0788]}},{"type":"Feature","properties":{"id":6321,"t":"kort"},"geometry":{"type":"Point","coordinates":[-82.249,34.758]}},{"type":"Feature","properties":{"id":6322,"t":"kort"},"geometry":{"type":"Point","coordinates":[-79.233,42.0912]}},{"type":"Feature","properties":{"id":6323,"t":"kort"},"geometry":{"type":"Point","coordinates":[-84.9334,33.7095]}},{"type":"Feature","properties":{"id":6324,"t":"kort"},"geometry":{"type":"Point","coordinates":[-84.762,43.8277]}},{"type":"Feature","properties":{"id":6325,"t":"kort"},"geometry":{"type":"Point","coordinates":[-74.4884,40.8833]}},{"type":"Feature","properties":{"id":6326,"t":"half"},"geometry":{"type":"Point","coordinates":[-90.4416,38.7189]}},{"type":"Feature","properties":{"id":6327,"t":"kort"},"geometry":{"type":"Point","coordinates":[-83.8218,34.3017]}},{"type":"Feature","properties":{"id":6328,"t":"half"},"geometry":{"type":"Point","coordinates":[-93.6337,41.5943]}},{"type":"Feature","properties":{"id":6329,"t":"kort"},"geometry":{"type":"Point","coordinates":[-83.9588,33.9355]}},{"type":"Feature","properties":{"id":6330,"t":"half"},"geometry":{"type":"Point","coordinates":[-86.7612,36.1641]}},{"type":"Feature","properties":{"id":6331,"t":"kort"},"geometry":{"type":"Point","coordinates":[-105.1194,39.8906]}},{"type":"Feature","properties":{"id":6332,"t":"ultra"},"geometry":{"type":"Point","coordinates":[-85.8869,37.6938]}},{"type":"Feature","properties":{"id":6333,"t":"kort"},"geometry":{"type":"Point","coordinates":[-80.2164,35.3623]}},{"type":"Feature","properties":{"id":6334,"t":"kort"},"geometry":{"type":"Point","coordinates":[-123.4324,48.0969]}},{"type":"Feature","properties":{"id":6335,"t":"kort"},"geometry":{"type":"Point","coordinates":[-87.9558,43.3287]}},{"type":"Feature","properties":{"id":6336,"t":"kort"},"geometry":{"type":"Point","coordinates":[-77.474,38.3075]}},{"type":"Feature","properties":{"id":6337,"t":"half"},"geometry":{"type":"Point","coordinates":[-83.7327,34.9121]}},{"type":"Feature","properties":{"id":6338,"t":"kort"},"geometry":{"type":"Point","coordinates":[-95.2141,29.6374]}},{"type":"Feature","properties":{"id":6339,"t":"kort"},"geometry":{"type":"Point","coordinates":[-81.7846,24.5568]}},{"type":"Feature","properties":{"id":6340,"t":"ultra"},"geometry":{"type":"Point","coordinates":[-88.2525,37.0794]}},{"type":"Feature","properties":{"id":6341,"t":"kort"},"geometry":{"type":"Point","coordinates":[-78.922,33.7004]}},{"type":"Feature","properties":{"id":6342,"t":"kort"},"geometry":{"type":"Point","coordinates":[-94.5708,39.1563]}},{"type":"Feature","properties":{"id":6343,"t":"kort"},"geometry":{"type":"Point","coordinates":[-81.7642,28.5521]}},{"type":"Feature","properties":{"id":6344,"t":"kort"},"geometry":{"type":"Point","coordinates":[-78.5642,34.6377]}},{"type":"Feature","properties":{"id":6345,"t":"half"},"geometry":{"type":"Point","coordinates":[-111.9706,40.5889]}},{"type":"Feature","properties":{"id":6346,"t":"kort"},"geometry":{"type":"Point","coordinates":[-95.7265,29.8341]}},{"type":"Feature","properties":{"id":6347,"t":"kort"},"geometry":{"type":"Point","coordinates":[-88.0138,42.069]}},{"type":"Feature","properties":{"id":6348,"t":"kort"},"geometry":{"type":"Point","coordinates":[-81.8618,26.5631]}},{"type":"Feature","properties":{"id":6349,"t":"kort"},"geometry":{"type":"Point","coordinates":[-80.4592,25.5556]}},{"type":"Feature","properties":{"id":6350,"t":"kort"},"geometry":{"type":"Point","coordinates":[-95.5958,29.5697]}},{"type":"Feature","properties":{"id":6351,"t":"kort"},"geometry":{"type":"Point","coordinates":[-74.9056,40.6366]}},{"type":"Feature","properties":{"id":6352,"t":"kort"},"geometry":{"type":"Point","coordinates":[-80.537,35.9128]}},{"type":"Feature","properties":{"id":6353,"t":"half"},"geometry":{"type":"Point","coordinates":[-116.0604,34.2466]}},{"type":"Feature","properties":{"id":6354,"t":"tri"},"geometry":{"type":"Point","coordinates":[-112.4047,33.4742]}},{"type":"Feature","properties":{"id":6355,"t":"kort"},"geometry":{"type":"Point","coordinates":[-80.2494,39.2996]}},{"type":"Feature","properties":{"id":6356,"t":"half"},"geometry":{"type":"Point","coordinates":[-86.3056,32.368]}},{"type":"Feature","properties":{"id":6357,"t":"ultra"},"geometry":{"type":"Point","coordinates":[-110.4163,37.0514]}},{"type":"Feature","properties":{"id":6358,"t":"kort"},"geometry":{"type":"Point","coordinates":[-87.9703,41.6976]}},{"type":"Feature","properties":{"id":6359,"t":"half"},"geometry":{"type":"Point","coordinates":[-83.5789,32.6253]}},{"type":"Feature","properties":{"id":6360,"t":"kort"},"geometry":{"type":"Point","coordinates":[-84.554,42.6982]}},{"type":"Feature","properties":{"id":6361,"t":"half"},"geometry":{"type":"Point","coordinates":[-84.2843,37.761]}},{"type":"Feature","properties":{"id":6362,"t":"half"},"geometry":{"type":"Point","coordinates":[-93.2386,36.6724]}},{"type":"Feature","properties":{"id":6363,"t":"half"},"geometry":{"type":"Point","coordinates":[-97.6227,30.4337]}},{"type":"Feature","properties":{"id":6364,"t":"half"},"geometry":{"type":"Point","coordinates":[-82.0572,26.913]}},{"type":"Feature","properties":{"id":6365,"t":"kort"},"geometry":{"type":"Point","coordinates":[-78.4875,35.7769]}},{"type":"Feature","properties":{"id":6366,"t":"kort"},"geometry":{"type":"Point","coordinates":[-82.9244,34.6782]}},{"type":"Feature","properties":{"id":6367,"t":"kort"},"geometry":{"type":"Point","coordinates":[-97.3897,32.7464]}},{"type":"Feature","properties":{"id":6368,"t":"ultra"},"geometry":{"type":"Point","coordinates":[-98.0484,30.3891]}},{"type":"Feature","properties":{"id":6369,"t":"ultra"},"geometry":{"type":"Point","coordinates":[-78.8894,35.1336]}},{"type":"Feature","properties":{"id":6370,"t":"kort"},"geometry":{"type":"Point","coordinates":[-85.4335,44.2406]}},{"type":"Feature","properties":{"id":6371,"t":"kort"},"geometry":{"type":"Point","coordinates":[-88.4789,43.0999]}},{"type":"Feature","properties":{"id":6372,"t":"kort"},"geometry":{"type":"Point","coordinates":[-88.0233,42.073]}},{"type":"Feature","properties":{"id":6373,"t":"kort"},"geometry":{"type":"Point","coordinates":[-84.5403,37.1063]}},{"type":"Feature","properties":{"id":6374,"t":"kort"},"geometry":{"type":"Point","coordinates":[-105.0648,40.5978]}},{"type":"Feature","properties":{"id":6375,"t":"kort"},"geometry":{"type":"Point","coordinates":[-83.8344,43.0816]}},{"type":"Feature","properties":{"id":6376,"t":"kort"},"geometry":{"type":"Point","coordinates":[-80.8811,35.4771]}},{"type":"Feature","properties":{"id":6377,"t":"kort"},"geometry":{"type":"Point","coordinates":[-88.2219,41.5158]}},{"type":"Feature","properties":{"id":6378,"t":"kort"},"geometry":{"type":"Point","coordinates":[-84.6013,33.8306]}},{"type":"Feature","properties":{"id":6379,"t":"kort"},"geometry":{"type":"Point","coordinates":[-82.0049,33.3507]}},{"type":"Feature","properties":{"id":6380,"t":"kort"},"geometry":{"type":"Point","coordinates":[-80.3226,36.1004]}},{"type":"Feature","properties":{"id":6381,"t":"kort"},"geometry":{"type":"Point","coordinates":[-82.5798,34.8354]}},{"type":"Feature","properties":{"id":6382,"t":"kort"},"geometry":{"type":"Point","coordinates":[-81.7116,41.4824]}},{"type":"Feature","properties":{"id":6383,"t":"kort"},"geometry":{"type":"Point","coordinates":[-82.5113,35.3196]}},{"type":"Feature","properties":{"id":6384,"t":"kort"},"geometry":{"type":"Point","coordinates":[-74.4225,39.3584]}},{"type":"Feature","properties":{"id":6385,"t":"kort"},"geometry":{"type":"Point","coordinates":[-119.1148,35.3859]}},{"type":"Feature","properties":{"id":6386,"t":"kort"},"geometry":{"type":"Point","coordinates":[-77.7257,39.632]}},{"type":"Feature","properties":{"id":6387,"t":"kort"},"geometry":{"type":"Point","coordinates":[-77.886,34.042]}},{"type":"Feature","properties":{"id":6388,"t":"kort"},"geometry":{"type":"Point","coordinates":[-78.7839,35.7565]}},{"type":"Feature","properties":{"id":6389,"t":"kort"},"geometry":{"type":"Point","coordinates":[-81.5459,30.2228]}},{"type":"Feature","properties":{"id":6390,"t":"kort"},"geometry":{"type":"Point","coordinates":[-78.8846,35.0779]}},{"type":"Feature","properties":{"id":6391,"t":"kort"},"geometry":{"type":"Point","coordinates":[-85.2558,35.0552]}},{"type":"Feature","properties":{"id":6392,"t":"kort"},"geometry":{"type":"Point","coordinates":[-81.4082,26.1756]}},{"type":"Feature","properties":{"id":6393,"t":"kort"},"geometry":{"type":"Point","coordinates":[-82.3376,27.3482]}},{"type":"Feature","properties":{"id":6394,"t":"kort"},"geometry":{"type":"Point","coordinates":[-80.63,40.4641]}},{"type":"Feature","properties":{"id":6395,"t":"kort"},"geometry":{"type":"Point","coordinates":[-82.5849,34.8378]}},{"type":"Feature","properties":{"id":6396,"t":"kort"},"geometry":{"type":"Point","coordinates":[-83.9884,35.7812]}},{"type":"Feature","properties":{"id":6397,"t":"tri"},"geometry":{"type":"Point","coordinates":[-119.1303,36.3103]}},{"type":"Feature","properties":{"id":6398,"t":"kort"},"geometry":{"type":"Point","coordinates":[-90.6355,38.5627]}},{"type":"Feature","properties":{"id":6399,"t":"kort"},"geometry":{"type":"Point","coordinates":[-118.6043,34.1959]}},{"type":"Feature","properties":{"id":6400,"t":"ultra"},"geometry":{"type":"Point","coordinates":[-92.3054,38.942]}},{"type":"Feature","properties":{"id":6401,"t":"kort"},"geometry":{"type":"Point","coordinates":[-84.7082,36.2708]}},{"type":"Feature","properties":{"id":6402,"t":"half"},"geometry":{"type":"Point","coordinates":[-85.2518,35.0702]}},{"type":"Feature","properties":{"id":6403,"t":"half"},"geometry":{"type":"Point","coordinates":[-95.4884,29.6296]}},{"type":"Feature","properties":{"id":6404,"t":"half"},"geometry":{"type":"Point","coordinates":[-85.5809,38.1339]}},{"type":"Feature","properties":{"id":6405,"t":"half"},"geometry":{"type":"Point","coordinates":[-95.9309,41.2528]}},{"type":"Feature","properties":{"id":6406,"t":"half"},"geometry":{"type":"Point","coordinates":[-81.3667,28.5459]}},{"type":"Feature","properties":{"id":6407,"t":"half"},"geometry":{"type":"Point","coordinates":[-95.9398,36.0312]}},{"type":"Feature","properties":{"id":6408,"t":"ultra"},"geometry":{"type":"Point","coordinates":[-83.0281,30.1769]}},{"type":"Feature","properties":{"id":6409,"t":"kort"},"geometry":{"type":"Point","coordinates":[-88.4543,47.2489]}},{"type":"Feature","properties":{"id":6410,"t":"kort"},"geometry":{"type":"Point","coordinates":[-79.8722,36.1124]}},{"type":"Feature","properties":{"id":6411,"t":"half"},"geometry":{"type":"Point","coordinates":[-98.8879,30.2869]}},{"type":"Feature","properties":{"id":6412,"t":"kort"},"geometry":{"type":"Point","coordinates":[-88.4518,41.6299]}},{"type":"Feature","properties":{"id":6413,"t":"kort"},"geometry":{"type":"Point","coordinates":[-116.2167,43.6252]}},{"type":"Feature","properties":{"id":6414,"t":"kort"},"geometry":{"type":"Point","coordinates":[-122.4708,37.7919]}},{"type":"Feature","properties":{"id":6415,"t":"kort"},"geometry":{"type":"Point","coordinates":[-98.4078,29.5759]}},{"type":"Feature","properties":{"id":6416,"t":"tri"},"geometry":{"type":"Point","coordinates":[-82.3524,29.6881]}},{"type":"Feature","properties":{"id":6417,"t":"kort"},"geometry":{"type":"Point","coordinates":[-77.3311,38.9549]}},{"type":"Feature","properties":{"id":6418,"t":"kort"},"geometry":{"type":"Point","coordinates":[-76.6312,39.2918]}},{"type":"Feature","properties":{"id":6419,"t":"half"},"geometry":{"type":"Point","coordinates":[-97.3892,32.7466]}},{"type":"Feature","properties":{"id":6420,"t":"kort"},"geometry":{"type":"Point","coordinates":[-88.1321,42.1518]}},{"type":"Feature","properties":{"id":6421,"t":"kort"},"geometry":{"type":"Point","coordinates":[-110.992,32.2711]}},{"type":"Feature","properties":{"id":6422,"t":"kort"},"geometry":{"type":"Point","coordinates":[-81.5999,28.5373]}},{"type":"Feature","properties":{"id":6423,"t":"ultra"},"geometry":{"type":"Point","coordinates":[-71.4152,41.9488]}},{"type":"Feature","properties":{"id":6424,"t":"half"},"geometry":{"type":"Point","coordinates":[-73.9757,41.3863]}},{"type":"Feature","properties":{"id":6425,"t":"kort"},"geometry":{"type":"Point","coordinates":[-90.3501,38.7999]}},{"type":"Feature","properties":{"id":6426,"t":"kort"},"geometry":{"type":"Point","coordinates":[-81.5956,28.3095]}},{"type":"Feature","properties":{"id":6427,"t":"ultra"},"geometry":{"type":"Point","coordinates":[-88.3925,41.9548]}},{"type":"Feature","properties":{"id":6428,"t":"kort"},"geometry":{"type":"Point","coordinates":[-71.8539,42.2647]}},{"type":"Feature","properties":{"id":6429,"t":"kort"},"geometry":{"type":"Point","coordinates":[-120.4566,38.1345]}},{"type":"Feature","properties":{"id":6430,"t":"kort"},"geometry":{"type":"Point","coordinates":[-80.4223,35.2722]}},{"type":"Feature","properties":{"id":6431,"t":"kort"},"geometry":{"type":"Point","coordinates":[-87.8958,43.0454]}},{"type":"Feature","properties":{"id":6432,"t":"half"},"geometry":{"type":"Point","coordinates":[-104.8902,40.4807]}},{"type":"Feature","properties":{"id":6433,"t":"kort"},"geometry":{"type":"Point","coordinates":[-81.8854,26.5719]}},{"type":"Feature","properties":{"id":6434,"t":"kort"},"geometry":{"type":"Point","coordinates":[-75.3828,40.1516]}},{"type":"Feature","properties":{"id":6435,"t":"kort"},"geometry":{"type":"Point","coordinates":[-86.3832,39.6977]}},{"type":"Feature","properties":{"id":6436,"t":"kort"},"geometry":{"type":"Point","coordinates":[-82.3424,34.8257]}},{"type":"Feature","properties":{"id":6437,"t":"tri"},"geometry":{"type":"Point","coordinates":[-96.951,33.1772]}},{"type":"Feature","properties":{"id":6438,"t":"kort"},"geometry":{"type":"Point","coordinates":[-98.6165,29.6593]}},{"type":"Feature","properties":{"id":6439,"t":"kort"},"geometry":{"type":"Point","coordinates":[-76.9714,38.4697]}},{"type":"Feature","properties":{"id":6440,"t":"kort"},"geometry":{"type":"Point","coordinates":[-117.4467,47.6723]}},{"type":"Feature","properties":{"id":6441,"t":"half"},"geometry":{"type":"Point","coordinates":[-121.9471,37.4097]}},{"type":"Feature","properties":{"id":6442,"t":"kort"},"geometry":{"type":"Point","coordinates":[-121.8263,47.5205]}},{"type":"Feature","properties":{"id":6443,"t":"kort"},"geometry":{"type":"Point","coordinates":[-71.0275,42.3435]}},{"type":"Feature","properties":{"id":6444,"t":"kort"},"geometry":{"type":"Point","coordinates":[-73.8528,40.7219]}},{"type":"Feature","properties":{"id":6445,"t":"kort"},"geometry":{"type":"Point","coordinates":[-97.2502,32.9208]}},{"type":"Feature","properties":{"id":6446,"t":"kort"},"geometry":{"type":"Point","coordinates":[-81.4304,28.3907]}},{"type":"Feature","properties":{"id":6447,"t":"half"},"geometry":{"type":"Point","coordinates":[-118.1424,33.7565]}},{"type":"Feature","properties":{"id":6448,"t":"half"},"geometry":{"type":"Point","coordinates":[-96.7775,32.8923]}},{"type":"Feature","properties":{"id":6449,"t":"half"},"geometry":{"type":"Point","coordinates":[-93.6184,41.5859]}},{"type":"Feature","properties":{"id":6450,"t":"half"},"geometry":{"type":"Point","coordinates":[-94.1783,36.0934]}},{"type":"Feature","properties":{"id":6451,"t":"half"},"geometry":{"type":"Point","coordinates":[-84.3727,33.7658]}},{"type":"Feature","properties":{"id":6452,"t":"half"},"geometry":{"type":"Point","coordinates":[-86.1706,39.8371]}},{"type":"Feature","properties":{"id":6453,"t":"half"},"geometry":{"type":"Point","coordinates":[-98.4061,29.4148]}},{"type":"Feature","properties":{"id":6454,"t":"kort"},"geometry":{"type":"Point","coordinates":[-80.8768,35.8633]}},{"type":"Feature","properties":{"id":6455,"t":"tri"},"geometry":{"type":"Point","coordinates":[-110.9072,32.3048]}},{"type":"Feature","properties":{"id":6456,"t":"kort"},"geometry":{"type":"Point","coordinates":[-97.1564,32.9473]}},{"type":"Feature","properties":{"id":6457,"t":"kort"},"geometry":{"type":"Point","coordinates":[-95.6144,29.5851]}},{"type":"Feature","properties":{"id":6458,"t":"kort"},"geometry":{"type":"Point","coordinates":[-94.7836,32.2189]}},{"type":"Feature","properties":{"id":6459,"t":"kort"},"geometry":{"type":"Point","coordinates":[-74.578,40.7151]}},{"type":"Feature","properties":{"id":6460,"t":"kort"},"geometry":{"type":"Point","coordinates":[-85.2381,35.0676]}},{"type":"Feature","properties":{"id":6461,"t":"kort"},"geometry":{"type":"Point","coordinates":[-93.8077,32.4059]}},{"type":"Feature","properties":{"id":6462,"t":"kort"},"geometry":{"type":"Point","coordinates":[-80.4044,25.597]}},{"type":"Feature","properties":{"id":6463,"t":"kort"},"geometry":{"type":"Point","coordinates":[-76.5494,38.997]}},{"type":"Feature","properties":{"id":6464,"t":"kort"},"geometry":{"type":"Point","coordinates":[-78.0284,33.9664]}},{"type":"Feature","properties":{"id":6465,"t":"kort"},"geometry":{"type":"Point","coordinates":[-80.3505,25.7275]}},{"type":"Feature","properties":{"id":6466,"t":"half"},"geometry":{"type":"Point","coordinates":[-118.1885,33.7784]}},{"type":"Feature","properties":{"id":6467,"t":"ultra"},"geometry":{"type":"Point","coordinates":[-75.8227,36.316]}},{"type":"Feature","properties":{"id":6468,"t":"kort"},"geometry":{"type":"Point","coordinates":[-84.4063,33.9397]}},{"type":"Feature","properties":{"id":6469,"t":"kort"},"geometry":{"type":"Point","coordinates":[-86.1507,39.7753]}},{"type":"Feature","properties":{"id":6470,"t":"half"},"geometry":{"type":"Point","coordinates":[-83.3727,33.9841]}},{"type":"Feature","properties":{"id":6471,"t":"kort"},"geometry":{"type":"Point","coordinates":[-83.396,34.8878]}},{"type":"Feature","properties":{"id":6472,"t":"kort"},"geometry":{"type":"Point","coordinates":[-89.3903,36.0394]}},{"type":"Feature","properties":{"id":6473,"t":"kort"},"geometry":{"type":"Point","coordinates":[-80.2296,36.1412]}},{"type":"Feature","properties":{"id":6474,"t":"ultra"},"geometry":{"type":"Point","coordinates":[-98.4931,29.3609]}},{"type":"Feature","properties":{"id":6475,"t":"kort"},"geometry":{"type":"Point","coordinates":[-77.6938,39.6495]}},{"type":"Feature","properties":{"id":6476,"t":"kort"},"geometry":{"type":"Point","coordinates":[-80.6145,28.0615]}},{"type":"Feature","properties":{"id":6477,"t":"kort"},"geometry":{"type":"Point","coordinates":[-119.3067,36.3028]}},{"type":"Feature","properties":{"id":6478,"t":"kort"},"geometry":{"type":"Point","coordinates":[-82.2204,41.172]}},{"type":"Feature","properties":{"id":6479,"t":"kort"},"geometry":{"type":"Point","coordinates":[-149.4652,61.4104]}},{"type":"Feature","properties":{"id":6480,"t":"kort"},"geometry":{"type":"Point","coordinates":[-118.2968,34.101]}},{"type":"Feature","properties":{"id":6481,"t":"kort"},"geometry":{"type":"Point","coordinates":[-82.3309,28.2451]}},{"type":"Feature","properties":{"id":6482,"t":"half"},"geometry":{"type":"Point","coordinates":[-75.7308,39.6995]}},{"type":"Feature","properties":{"id":6483,"t":"kort"},"geometry":{"type":"Point","coordinates":[-123.7721,39.4306]}},{"type":"Feature","properties":{"id":6484,"t":"kort"},"geometry":{"type":"Point","coordinates":[-80.1668,26.6605]}},{"type":"Feature","properties":{"id":6485,"t":"kort"},"geometry":{"type":"Point","coordinates":[-90.4839,30.5223]}},{"type":"Feature","properties":{"id":6486,"t":"kort"},"geometry":{"type":"Point","coordinates":[-93.7031,32.3966]}},{"type":"Feature","properties":{"id":6487,"t":"half"},"geometry":{"type":"Point","coordinates":[-81.7896,41.4789]}},{"type":"Feature","properties":{"id":6488,"t":"kort"},"geometry":{"type":"Point","coordinates":[-80.2111,27.2005]}},{"type":"Feature","properties":{"id":6489,"t":"half"},"geometry":{"type":"Point","coordinates":[-84.9693,32.4638]}},{"type":"Feature","properties":{"id":6490,"t":"ultra"},"geometry":{"type":"Point","coordinates":[-97.5662,30.5269]}},{"type":"Feature","properties":{"id":6491,"t":"kort"},"geometry":{"type":"Point","coordinates":[-86.1162,42.7722]}},{"type":"Feature","properties":{"id":6492,"t":"kort"},"geometry":{"type":"Point","coordinates":[-85.6185,42.9384]}},{"type":"Feature","properties":{"id":6493,"t":"marathon"},"geometry":{"type":"Point","coordinates":[-96.9274,32.8775]}},{"type":"Feature","properties":{"id":6494,"t":"kort"},"geometry":{"type":"Point","coordinates":[-83.9809,34.5299]}},{"type":"Feature","properties":{"id":6495,"t":"kort"},"geometry":{"type":"Point","coordinates":[-98.6214,29.6469]}},{"type":"Feature","properties":{"id":6496,"t":"kort"},"geometry":{"type":"Point","coordinates":[-157.8356,21.302]}},{"type":"Feature","properties":{"id":6497,"t":"ultra"},"geometry":{"type":"Point","coordinates":[-81.8475,41.4351]}},{"type":"Feature","properties":{"id":6498,"t":"kort"},"geometry":{"type":"Point","coordinates":[-83.1186,40.1109]}},{"type":"Feature","properties":{"id":6499,"t":"half"},"geometry":{"type":"Point","coordinates":[-114.3046,48.2098]}},{"type":"Feature","properties":{"id":6500,"t":"half"},"geometry":{"type":"Point","coordinates":[-84.2062,33.5611]}},{"type":"Feature","properties":{"id":6501,"t":"kort"},"geometry":{"type":"Point","coordinates":[-97.9374,29.8672]}},{"type":"Feature","properties":{"id":6502,"t":"kort"},"geometry":{"type":"Point","coordinates":[-111.8585,33.3363]}},{"type":"Feature","properties":{"id":6503,"t":"kort"},"geometry":{"type":"Point","coordinates":[-82.3645,31.2095]}},{"type":"Feature","properties":{"id":6504,"t":"half"},"geometry":{"type":"Point","coordinates":[-95.497,35.696]}},{"type":"Feature","properties":{"id":6505,"t":"kort"},"geometry":{"type":"Point","coordinates":[-72.4691,41.0352]}},{"type":"Feature","properties":{"id":6506,"t":"kort"},"geometry":{"type":"Point","coordinates":[-84.3456,33.8649]}},{"type":"Feature","properties":{"id":6507,"t":"half"},"geometry":{"type":"Point","coordinates":[-73.9478,41.1419]}},{"type":"Feature","properties":{"id":6508,"t":"kort"},"geometry":{"type":"Point","coordinates":[-81.916,34.9035]}},{"type":"Feature","properties":{"id":6509,"t":"half"},"geometry":{"type":"Point","coordinates":[-86.6727,34.7402]}},{"type":"Feature","properties":{"id":6510,"t":"ultra"},"geometry":{"type":"Point","coordinates":[-122.1984,37.788]}},{"type":"Feature","properties":{"id":6511,"t":"ultra"},"geometry":{"type":"Point","coordinates":[-97.6847,26.2015]}},{"type":"Feature","properties":{"id":6512,"t":"kort"},"geometry":{"type":"Point","coordinates":[-96.9908,28.8112]}},{"type":"Feature","properties":{"id":6513,"t":"kort"},"geometry":{"type":"Point","coordinates":[-92.2559,34.7762]}},{"type":"Feature","properties":{"id":6514,"t":"kort"},"geometry":{"type":"Point","coordinates":[-97.5739,35.4445]}},{"type":"Feature","properties":{"id":6515,"t":"kort"},"geometry":{"type":"Point","coordinates":[-111.734,40.371]}},{"type":"Feature","properties":{"id":6516,"t":"kort"},"geometry":{"type":"Point","coordinates":[-120.001,36.6568]}},{"type":"Feature","properties":{"id":6517,"t":"kort"},"geometry":{"type":"Point","coordinates":[-94.4131,39.2373]}},{"type":"Feature","properties":{"id":6518,"t":"half"},"geometry":{"type":"Point","coordinates":[-106.6407,35.1349]}},{"type":"Feature","properties":{"id":6519,"t":"kort"},"geometry":{"type":"Point","coordinates":[-90.1146,29.9578]}},{"type":"Feature","properties":{"id":6520,"t":"kort"},"geometry":{"type":"Point","coordinates":[-87.017,32.4088]}},{"type":"Feature","properties":{"id":6521,"t":"kort"},"geometry":{"type":"Point","coordinates":[-78.6484,33.8411]}},{"type":"Feature","properties":{"id":6522,"t":"kort"},"geometry":{"type":"Point","coordinates":[-93.7345,38.7611]}},{"type":"Feature","properties":{"id":6523,"t":"kort"},"geometry":{"type":"Point","coordinates":[-84.0406,41.8943]}},{"type":"Feature","properties":{"id":6524,"t":"kort"},"geometry":{"type":"Point","coordinates":[-71.4151,41.8224]}},{"type":"Feature","properties":{"id":6525,"t":"kort"},"geometry":{"type":"Point","coordinates":[-118.1361,33.7705]}},{"type":"Feature","properties":{"id":6526,"t":"kort"},"geometry":{"type":"Point","coordinates":[-86.82,33.8623]}},{"type":"Feature","properties":{"id":6527,"t":"marathon"},"geometry":{"type":"Point","coordinates":[-90.5007,41.5603]}},{"type":"Feature","properties":{"id":6528,"t":"kort"},"geometry":{"type":"Point","coordinates":[-74.28,40.2358]}},{"type":"Feature","properties":{"id":6529,"t":"half"},"geometry":{"type":"Point","coordinates":[-84.4355,33.839]}},{"type":"Feature","properties":{"id":6530,"t":"half"},"geometry":{"type":"Point","coordinates":[-97.6767,30.188]}},{"type":"Feature","properties":{"id":6531,"t":"half"},"geometry":{"type":"Point","coordinates":[-87.6702,41.9783]}},{"type":"Feature","properties":{"id":6532,"t":"half"},"geometry":{"type":"Point","coordinates":[-97.3799,32.745]}},{"type":"Feature","properties":{"id":6533,"t":"half"},"geometry":{"type":"Point","coordinates":[-104.7512,39.61]}},{"type":"Feature","properties":{"id":6534,"t":"half"},"geometry":{"type":"Point","coordinates":[-95.3949,29.7559]}},{"type":"Feature","properties":{"id":6535,"t":"half"},"geometry":{"type":"Point","coordinates":[-94.5829,39.0663]}},{"type":"Feature","properties":{"id":6536,"t":"half"},"geometry":{"type":"Point","coordinates":[-115.0925,36.096]}},{"type":"Feature","properties":{"id":6537,"t":"half"},"geometry":{"type":"Point","coordinates":[-118.529,34.0453]}},{"type":"Feature","properties":{"id":6538,"t":"half"},"geometry":{"type":"Point","coordinates":[-90.0577,35.1372]}},{"type":"Feature","properties":{"id":6539,"t":"half"},"geometry":{"type":"Point","coordinates":[-80.1552,25.6873]}},{"type":"Feature","properties":{"id":6540,"t":"half"},"geometry":{"type":"Point","coordinates":[-75.1222,39.9425]}},{"type":"Feature","properties":{"id":6541,"t":"half"},"geometry":{"type":"Point","coordinates":[-74.0035,40.749]}},{"type":"Feature","properties":{"id":6542,"t":"half"},"geometry":{"type":"Point","coordinates":[-75.1205,39.9363]}},{"type":"Feature","properties":{"id":6543,"t":"half"},"geometry":{"type":"Point","coordinates":[-111.9865,33.4914]}},{"type":"Feature","properties":{"id":6544,"t":"half"},"geometry":{"type":"Point","coordinates":[-121.4703,38.5732]}},{"type":"Feature","properties":{"id":6545,"t":"half"},"geometry":{"type":"Point","coordinates":[-98.4102,29.5353]}},{"type":"Feature","properties":{"id":6546,"t":"half"},"geometry":{"type":"Point","coordinates":[-117.2452,32.7983]}},{"type":"Feature","properties":{"id":6547,"t":"half"},"geometry":{"type":"Point","coordinates":[-122.4638,37.8019]}},{"type":"Feature","properties":{"id":6548,"t":"half"},"geometry":{"type":"Point","coordinates":[-122.3865,47.5356]}},{"type":"Feature","properties":{"id":6549,"t":"half"},"geometry":{"type":"Point","coordinates":[-82.5897,28.0105]}},{"type":"Feature","properties":{"id":6550,"t":"kort"},"geometry":{"type":"Point","coordinates":[-86.6145,30.4527]}},{"type":"Feature","properties":{"id":6551,"t":"ultra"},"geometry":{"type":"Point","coordinates":[-110.0312,32.0189]}},{"type":"Feature","properties":{"id":6552,"t":"kort"},"geometry":{"type":"Point","coordinates":[-81.2056,28.6521]}},{"type":"Feature","properties":{"id":6553,"t":"half"},"geometry":{"type":"Point","coordinates":[-74.0901,40.6052]}},{"type":"Feature","properties":{"id":6554,"t":"half"},"geometry":{"type":"Point","coordinates":[-92.2714,34.7706]}},{"type":"Feature","properties":{"id":6555,"t":"half"},"geometry":{"type":"Point","coordinates":[-86.7836,36.1751]}},{"type":"Feature","properties":{"id":6556,"t":"marathon"},"geometry":{"type":"Point","coordinates":[-83.5152,41.6558]}},{"type":"Feature","properties":{"id":6557,"t":"ultra"},"geometry":{"type":"Point","coordinates":[-118.5324,34.453]}},{"type":"Feature","properties":{"id":6558,"t":"kort"},"geometry":{"type":"Point","coordinates":[-84.3131,33.9593]}},{"type":"Feature","properties":{"id":6559,"t":"kort"},"geometry":{"type":"Point","coordinates":[-79.4827,35.1896]}},{"type":"Feature","properties":{"id":6560,"t":"kort"},"geometry":{"type":"Point","coordinates":[-82.0262,26.6263]}},{"type":"Feature","properties":{"id":6561,"t":"half"},"geometry":{"type":"Point","coordinates":[-87.0808,37.7657]}},{"type":"Feature","properties":{"id":6562,"t":"half"},"geometry":{"type":"Point","coordinates":[-83.1553,42.1306]}},{"type":"Feature","properties":{"id":6563,"t":"half"},"geometry":{"type":"Point","coordinates":[-76.1501,43.0344]}},{"type":"Feature","properties":{"id":6564,"t":"ultra"},"geometry":{"type":"Point","coordinates":[-74.4896,40.8515]}},{"type":"Feature","properties":{"id":6565,"t":"half"},"geometry":{"type":"Point","coordinates":[-81.7529,28.5517]}},{"type":"Feature","properties":{"id":6566,"t":"kort"},"geometry":{"type":"Point","coordinates":[-105.2945,39.8138]}},{"type":"Feature","properties":{"id":6567,"t":"kort"},"geometry":{"type":"Point","coordinates":[-122.6748,45.6318]}},{"type":"Feature","properties":{"id":6568,"t":"half"},"geometry":{"type":"Point","coordinates":[-88.2118,42.9957]}},{"type":"Feature","properties":{"id":6569,"t":"half"},"geometry":{"type":"Point","coordinates":[-94.417,35.3623]}},{"type":"Feature","properties":{"id":6570,"t":"kort"},"geometry":{"type":"Point","coordinates":[-74.4946,40.5019]}},{"type":"Feature","properties":{"id":6571,"t":"kort"},"geometry":{"type":"Point","coordinates":[-84.3097,32.0831]}},{"type":"Feature","properties":{"id":6572,"t":"kort"},"geometry":{"type":"Point","coordinates":[-82.4984,27.8944]}},{"type":"Feature","properties":{"id":6573,"t":"tri"},"geometry":{"type":"Point","coordinates":[-96.8896,33.0972]}},{"type":"Feature","properties":{"id":6574,"t":"half"},"geometry":{"type":"Point","coordinates":[-81.5655,40.8051]}},{"type":"Feature","properties":{"id":6575,"t":"kort"},"geometry":{"type":"Point","coordinates":[-93.6672,32.493]}},{"type":"Feature","properties":{"id":6576,"t":"kort"},"geometry":{"type":"Point","coordinates":[-96.0174,36.095]}},{"type":"Feature","properties":{"id":6577,"t":"kort"},"geometry":{"type":"Point","coordinates":[-122.3875,47.6919]}},{"type":"Feature","properties":{"id":6578,"t":"kort"},"geometry":{"type":"Point","coordinates":[-121.4339,38.4063]}},{"type":"Feature","properties":{"id":6579,"t":"kort"},"geometry":{"type":"Point","coordinates":[-80.4871,25.4708]}},{"type":"Feature","properties":{"id":6580,"t":"tri"},"geometry":{"type":"Point","coordinates":[-80.737,28.373]}},{"type":"Feature","properties":{"id":6581,"t":"kort"},"geometry":{"type":"Point","coordinates":[-80.7532,28.3728]}},{"type":"Feature","properties":{"id":6582,"t":"kort"},"geometry":{"type":"Point","coordinates":[-105.0416,40.7179]}},{"type":"Feature","properties":{"id":6583,"t":"kort"},"geometry":{"type":"Point","coordinates":[-79.942,40.8885]}},{"type":"Feature","properties":{"id":6584,"t":"kort"},"geometry":{"type":"Point","coordinates":[-82.6398,27.7461]}},{"type":"Feature","properties":{"id":6585,"t":"half"},"geometry":{"type":"Point","coordinates":[-90.0418,35.14]}},{"type":"Feature","properties":{"id":6586,"t":"half"},"geometry":{"type":"Point","coordinates":[-93.7531,32.609]}},{"type":"Feature","properties":{"id":6587,"t":"half"},"geometry":{"type":"Point","coordinates":[-157.7433,21.4117]}},{"type":"Feature","properties":{"id":6588,"t":"kort"},"geometry":{"type":"Point","coordinates":[-83.8268,34.2977]}},{"type":"Feature","properties":{"id":6589,"t":"kort"},"geometry":{"type":"Point","coordinates":[-122.1849,47.5099]}},{"type":"Feature","properties":{"id":6590,"t":"kort"},"geometry":{"type":"Point","coordinates":[-84.2135,36.3022]}},{"type":"Feature","properties":{"id":6591,"t":"kort"},"geometry":{"type":"Point","coordinates":[-99.1353,30.0414]}},{"type":"Feature","properties":{"id":6592,"t":"marathon"},"geometry":{"type":"Point","coordinates":[-73.2367,41.2018]}},{"type":"Feature","properties":{"id":6593,"t":"kort"},"geometry":{"type":"Point","coordinates":[-76.0327,36.7399]}},{"type":"Feature","properties":{"id":6594,"t":"kort"},"geometry":{"type":"Point","coordinates":[-89.5769,31.3694]}},{"type":"Feature","properties":{"id":6595,"t":"half"},"geometry":{"type":"Point","coordinates":[-122.1983,47.9886]}},{"type":"Feature","properties":{"id":6596,"t":"ultra"},"geometry":{"type":"Point","coordinates":[-82.3101,29.5072]}},{"type":"Feature","properties":{"id":6597,"t":"kort"},"geometry":{"type":"Point","coordinates":[-86.0565,35.8053]}},{"type":"Feature","properties":{"id":6598,"t":"kort"},"geometry":{"type":"Point","coordinates":[-118.1466,33.7581]}},{"type":"Feature","properties":{"id":6599,"t":"half"},"geometry":{"type":"Point","coordinates":[-81.9524,29.2555]}},{"type":"Feature","properties":{"id":6600,"t":"kort"},"geometry":{"type":"Point","coordinates":[-84.4273,33.8412]}},{"type":"Feature","properties":{"id":6601,"t":"kort"},"geometry":{"type":"Point","coordinates":[-97.6792,30.1738]}},{"type":"Feature","properties":{"id":6602,"t":"kort"},"geometry":{"type":"Point","coordinates":[-87.6647,41.9633]}},{"type":"Feature","properties":{"id":6603,"t":"kort"},"geometry":{"type":"Point","coordinates":[-97.3739,32.744]}},{"type":"Feature","properties":{"id":6604,"t":"kort"},"geometry":{"type":"Point","coordinates":[-104.7314,39.597]}},{"type":"Feature","properties":{"id":6605,"t":"kort"},"geometry":{"type":"Point","coordinates":[-95.3944,29.7589]}},{"type":"Feature","properties":{"id":6606,"t":"kort"},"geometry":{"type":"Point","coordinates":[-94.5911,39.0533]}},{"type":"Feature","properties":{"id":6607,"t":"kort"},"geometry":{"type":"Point","coordinates":[-115.0887,36.099]}},{"type":"Feature","properties":{"id":6608,"t":"kort"},"geometry":{"type":"Point","coordinates":[-118.5295,34.0515]}},{"type":"Feature","properties":{"id":6609,"t":"kort"},"geometry":{"type":"Point","coordinates":[-90.0575,35.1402]}},{"type":"Feature","properties":{"id":6610,"t":"kort"},"geometry":{"type":"Point","coordinates":[-80.1597,25.6855]}},{"type":"Feature","properties":{"id":6611,"t":"kort"},"geometry":{"type":"Point","coordinates":[-75.1172,39.9435]}},{"type":"Feature","properties":{"id":6612,"t":"kort"},"geometry":{"type":"Point","coordinates":[-74.0085,40.7544]}},{"type":"Feature","properties":{"id":6613,"t":"kort"},"geometry":{"type":"Point","coordinates":[-73.9723,40.8021]}},{"type":"Feature","properties":{"id":6614,"t":"kort"},"geometry":{"type":"Point","coordinates":[-75.1117,39.9341]}},{"type":"Feature","properties":{"id":6615,"t":"kort"},"geometry":{"type":"Point","coordinates":[-111.9783,33.4936]}},{"type":"Feature","properties":{"id":6616,"t":"kort"},"geometry":{"type":"Point","coordinates":[-121.4733,38.575]}},{"type":"Feature","properties":{"id":6617,"t":"kort"},"geometry":{"type":"Point","coordinates":[-117.228,32.7316]}},{"type":"Feature","properties":{"id":6618,"t":"kort"},"geometry":{"type":"Point","coordinates":[-122.469,37.8089]}},{"type":"Feature","properties":{"id":6619,"t":"kort"},"geometry":{"type":"Point","coordinates":[-122.386,47.5386]}},{"type":"Feature","properties":{"id":6620,"t":"kort"},"geometry":{"type":"Point","coordinates":[-82.5695,28.0087]}},{"type":"Feature","properties":{"id":6621,"t":"kort"},"geometry":{"type":"Point","coordinates":[-95.3156,29.7788]}},{"type":"Feature","properties":{"id":6622,"t":"ultra"},"geometry":{"type":"Point","coordinates":[-98.2689,30.5842]}},{"type":"Feature","properties":{"id":6623,"t":"kort"},"geometry":{"type":"Point","coordinates":[-85.26,33.5453]}},{"type":"Feature","properties":{"id":6624,"t":"kort"},"geometry":{"type":"Point","coordinates":[-82.3636,34.8353]}},{"type":"Feature","properties":{"id":6625,"t":"kort"},"geometry":{"type":"Point","coordinates":[-81.5718,40.8823]}},{"type":"Feature","properties":{"id":6626,"t":"kort"},"geometry":{"type":"Point","coordinates":[-92.2866,34.7329]}},{"type":"Feature","properties":{"id":6627,"t":"half"},"geometry":{"type":"Point","coordinates":[-80.808,35.0478]}},{"type":"Feature","properties":{"id":6628,"t":"kort"},"geometry":{"type":"Point","coordinates":[-78.4887,38.0353]}},{"type":"Feature","properties":{"id":6629,"t":"half"},"geometry":{"type":"Point","coordinates":[-118.1226,33.7521]}},{"type":"Feature","properties":{"id":6630,"t":"kort"},"geometry":{"type":"Point","coordinates":[-89.5554,42.9953]}},{"type":"Feature","properties":{"id":6631,"t":"kort"},"geometry":{"type":"Point","coordinates":[-90.0871,29.9409]}},{"type":"Feature","properties":{"id":6632,"t":"kort"},"geometry":{"type":"Point","coordinates":[-76.6233,34.7582]}},{"type":"Feature","properties":{"id":6633,"t":"kort"},"geometry":{"type":"Point","coordinates":[-81.0135,29.2121]}},{"type":"Feature","properties":{"id":6634,"t":"kort"},"geometry":{"type":"Point","coordinates":[-81.5806,28.5331]}},{"type":"Feature","properties":{"id":6635,"t":"kort"},"geometry":{"type":"Point","coordinates":[-82.0146,26.5579]}},{"type":"Feature","properties":{"id":6636,"t":"kort"},"geometry":{"type":"Point","coordinates":[-80.88,35.8561]}},{"type":"Feature","properties":{"id":6637,"t":"half"},"geometry":{"type":"Point","coordinates":[-111.9564,40.5867]}},{"type":"Feature","properties":{"id":6638,"t":"kort"},"geometry":{"type":"Point","coordinates":[-89.8659,35.1865]}},{"type":"Feature","properties":{"id":6639,"t":"kort"},"geometry":{"type":"Point","coordinates":[-95.6061,29.5729]}},{"type":"Feature","properties":{"id":6640,"t":"kort"},"geometry":{"type":"Point","coordinates":[-82.7458,27.9021]}},{"type":"Feature","properties":{"id":6641,"t":"kort"},"geometry":{"type":"Point","coordinates":[-80.0723,26.7876]}},{"type":"Feature","properties":{"id":6642,"t":"kort"},"geometry":{"type":"Point","coordinates":[-81.1175,32.0433]}},{"type":"Feature","properties":{"id":6643,"t":"kort"},"geometry":{"type":"Point","coordinates":[-92.0941,32.5218]}},{"type":"Feature","properties":{"id":6644,"t":"kort"},"geometry":{"type":"Point","coordinates":[-84.5517,38.2189]}},{"type":"Feature","properties":{"id":6645,"t":"kort"},"geometry":{"type":"Point","coordinates":[-86.5018,35.971]}},{"type":"Feature","properties":{"id":6646,"t":"ultra"},"geometry":{"type":"Point","coordinates":[-83.7108,37.7943]}},{"type":"Feature","properties":{"id":6647,"t":"kort"},"geometry":{"type":"Point","coordinates":[-79.977,40.568]}},{"type":"Feature","properties":{"id":6648,"t":"kort"},"geometry":{"type":"Point","coordinates":[-82.1694,28.0623]}},{"type":"Feature","properties":{"id":6649,"t":"kort"},"geometry":{"type":"Point","coordinates":[-97.2437,32.927]}},{"type":"Feature","properties":{"id":6650,"t":"kort"},"geometry":{"type":"Point","coordinates":[-74.5848,40.9203]}},{"type":"Feature","properties":{"id":6651,"t":"kort"},"geometry":{"type":"Point","coordinates":[-92.5112,31.2986]}},{"type":"Feature","properties":{"id":6652,"t":"kort"},"geometry":{"type":"Point","coordinates":[-82.1226,28.0042]}},{"type":"Feature","properties":{"id":6653,"t":"kort"},"geometry":{"type":"Point","coordinates":[-84.3314,34.8577]}},{"type":"Feature","properties":{"id":6654,"t":"half"},"geometry":{"type":"Point","coordinates":[-92.0374,35.8272]}},{"type":"Feature","properties":{"id":6655,"t":"kort"},"geometry":{"type":"Point","coordinates":[-86.5455,34.6301]}},{"type":"Feature","properties":{"id":6656,"t":"kort"},"geometry":{"type":"Point","coordinates":[-95.498,32.6711]}},{"type":"Feature","properties":{"id":6657,"t":"kort"},"geometry":{"type":"Point","coordinates":[-86.4632,38.6631]}},{"type":"Feature","properties":{"id":6658,"t":"kort"},"geometry":{"type":"Point","coordinates":[-114.8962,47.4746]}},{"type":"Feature","properties":{"id":6659,"t":"marathon"},"geometry":{"type":"Point","coordinates":[-88.9337,38.006]}},{"type":"Feature","properties":{"id":6660,"t":"kort"},"geometry":{"type":"Point","coordinates":[-81.4954,31.1825]}},{"type":"Feature","properties":{"id":6661,"t":"kort"},"geometry":{"type":"Point","coordinates":[-97.8307,30.9975]}},{"type":"Feature","properties":{"id":6662,"t":"kort"},"geometry":{"type":"Point","coordinates":[-86.8115,33.5114]}},{"type":"Feature","properties":{"id":6663,"t":"half"},"geometry":{"type":"Point","coordinates":[-86.4522,34.6299]}},{"type":"Feature","properties":{"id":6664,"t":"kort"},"geometry":{"type":"Point","coordinates":[-82.5922,29.6519]}},{"type":"Feature","properties":{"id":6665,"t":"kort"},"geometry":{"type":"Point","coordinates":[-89.9831,38.7593]}},{"type":"Feature","properties":{"id":6666,"t":"kort"},"geometry":{"type":"Point","coordinates":[-71.4738,41.5992]}},{"type":"Feature","properties":{"id":6667,"t":"kort"},"geometry":{"type":"Point","coordinates":[-82.3824,33.0153]}},{"type":"Feature","properties":{"id":6668,"t":"half"},"geometry":{"type":"Point","coordinates":[-113.495,37.1338]}},{"type":"Feature","properties":{"id":6669,"t":"kort"},"geometry":{"type":"Point","coordinates":[-106.2941,31.7733]}},{"type":"Feature","properties":{"id":6670,"t":"kort"},"geometry":{"type":"Point","coordinates":[-84.4293,33.8576]}},{"type":"Feature","properties":{"id":6671,"t":"kort"},"geometry":{"type":"Point","coordinates":[-97.6747,30.1806]}},{"type":"Feature","properties":{"id":6672,"t":"kort"},"geometry":{"type":"Point","coordinates":[-87.6604,41.9701]}},{"type":"Feature","properties":{"id":6673,"t":"kort"},"geometry":{"type":"Point","coordinates":[-97.3867,32.7396]}},{"type":"Feature","properties":{"id":6674,"t":"kort"},"geometry":{"type":"Point","coordinates":[-104.7336,39.6078]}},{"type":"Feature","properties":{"id":6675,"t":"kort"},"geometry":{"type":"Point","coordinates":[-95.3964,29.7553]}},{"type":"Feature","properties":{"id":6676,"t":"kort"},"geometry":{"type":"Point","coordinates":[-94.6037,39.0545]}},{"type":"Feature","properties":{"id":6677,"t":"kort"},"geometry":{"type":"Point","coordinates":[-115.0965,36.0866]}},{"type":"Feature","properties":{"id":6678,"t":"kort"},"geometry":{"type":"Point","coordinates":[-118.517,34.0527]}},{"type":"Feature","properties":{"id":6679,"t":"kort"},"geometry":{"type":"Point","coordinates":[-90.0595,35.1366]}},{"type":"Feature","properties":{"id":6680,"t":"kort"},"geometry":{"type":"Point","coordinates":[-80.169,25.6995]}},{"type":"Feature","properties":{"id":6681,"t":"kort"},"geometry":{"type":"Point","coordinates":[-75.1032,39.9287]}},{"type":"Feature","properties":{"id":6682,"t":"kort"},"geometry":{"type":"Point","coordinates":[-73.989,40.7524]}},{"type":"Feature","properties":{"id":6683,"t":"kort"},"geometry":{"type":"Point","coordinates":[-73.9598,40.8033]}},{"type":"Feature","properties":{"id":6684,"t":"kort"},"geometry":{"type":"Point","coordinates":[-75.1089,39.9273]}},{"type":"Feature","properties":{"id":6685,"t":"kort"},"geometry":{"type":"Point","coordinates":[-111.9803,33.49]}},{"type":"Feature","properties":{"id":6686,"t":"kort"},"geometry":{"type":"Point","coordinates":[-121.4592,38.5802]}},{"type":"Feature","properties":{"id":6687,"t":"kort"},"geometry":{"type":"Point","coordinates":[-117.2358,32.7192]}},{"type":"Feature","properties":{"id":6688,"t":"kort"},"geometry":{"type":"Point","coordinates":[-122.4633,37.7989]}},{"type":"Feature","properties":{"id":6689,"t":"kort"},"geometry":{"type":"Point","coordinates":[-122.388,47.535]}},{"type":"Feature","properties":{"id":6690,"t":"kort"},"geometry":{"type":"Point","coordinates":[-82.5787,28.0027]}},{"type":"Feature","properties":{"id":6691,"t":"half"},"geometry":{"type":"Point","coordinates":[-95.9667,36.1474]}},{"type":"Feature","properties":{"id":6692,"t":"kort"},"geometry":{"type":"Point","coordinates":[-73.7537,42.643]}},{"type":"Feature","properties":{"id":6693,"t":"kort"},"geometry":{"type":"Point","coordinates":[-95.5114,30.0956]}},{"type":"Feature","properties":{"id":6694,"t":"kort"},"geometry":{"type":"Point","coordinates":[-73.9405,41.1141]}},{"type":"Feature","properties":{"id":6695,"t":"kort"},"geometry":{"type":"Point","coordinates":[-76.9888,42.8599]}},{"type":"Feature","properties":{"id":6696,"t":"ultra"},"geometry":{"type":"Point","coordinates":[-70.8468,42.8429]}},{"type":"Feature","properties":{"id":6697,"t":"kort"},"geometry":{"type":"Point","coordinates":[-80.6825,28.0709]}},{"type":"Feature","properties":{"id":6698,"t":"kort"},"geometry":{"type":"Point","coordinates":[-80.2809,27.1692]}},{"type":"Feature","properties":{"id":6699,"t":"kort"},"geometry":{"type":"Point","coordinates":[-94.6325,35.8035]}},{"type":"Feature","properties":{"id":6700,"t":"kort"},"geometry":{"type":"Point","coordinates":[-95.6085,29.7784]}},{"type":"Feature","properties":{"id":6701,"t":"kort"},"geometry":{"type":"Point","coordinates":[-104.996,39.7366]}},{"type":"Feature","properties":{"id":6702,"t":"ultra"},"geometry":{"type":"Point","coordinates":[-83.0594,42.6499]}},{"type":"Feature","properties":{"id":6703,"t":"ultra"},"geometry":{"type":"Point","coordinates":[-80.2199,26.9278]}},{"type":"Feature","properties":{"id":6704,"t":"kort"},"geometry":{"type":"Point","coordinates":[-73.9488,41.1135]}},{"type":"Feature","properties":{"id":6705,"t":"half"},"geometry":{"type":"Point","coordinates":[-82.4562,27.9538]}},{"type":"Feature","properties":{"id":6706,"t":"kort"},"geometry":{"type":"Point","coordinates":[-76.4872,37.0686]}}]}